circRNA_id	P1	N1	donor_site_at_the_annotated_boundary	acceptor_site_at_the_annotated_boundary	donor_acceptor_sites_at_the_same_transcript_isoform	has_AS_event(donor)	has_AS_event(acceptor)	phyloP(acceptor_in)	phyloP(acceptor_out)	phyloP(donor_in)	phyloP(donor_out)	phastCons(acceptor_in)	phastCons(acceptor_out)	phastCons(donor_in)	phastCons(donor_out)	MAXENT(donor)	MAXENT(acceptor)	7 DB	FL-circAS or circFL_seq	mouse_conserved
1:1223244|1223968(-)	1	0	1	1	1	1	1	3.7483999460935502	1.3248000055551501	4.9118000797927301	3.3611000180244401	0.89010000228881803	0.29520000219345	0.969700002670288	0.80970000103116002	8.4000000000000004	10.119999999999999	6	1	0
1:1223244|1228946(-)	1	0	1	1	1	1	1	-0.42729999702423799	-0.012400002777576399	4.9118000797927301	3.3611000180244401	0.000100000004749745	0.00040000001899897998	0.969700002670288	0.80970000103116002	8.4000000000000004	12.59	5	1	0
1:1561332|1564916(-)	1	0	0	1	0	0	1	4.2602000322192897	4.5056999683380097	0.173499999940395	-0.041600006818771303	0.98869999647140505	0.99980000257491997	0.036400000005960401	0.015800000354647601	7.0700000000000003	11.359999999999999	3	1	0
1:2304585|2302978(+)	1	0	1	1	1	0	0	1.7137000083923299	1.8466999627649701	3.89079993963241	1.04099994301795	0.43760000157635598	0.32220000037923402	0.90060000000521501	0.49249999781604797	9.5999999999999996	7.3700000000000001	7	1	0
1:7778169|7777160(+)	1	0	1	1	1	0	1	6.9950999140739398	1.17919997796416	3.0514000177383398	2.99179998338222	1	0.27339999804971699	0.64089999943971598	0.60040000001899896	11.109999999999999	7.0599999999999996	6	1	0
1:12416827|12400181(+)	1	0	1	1	1	0	0	6.04040005207061	1.6134999416768501	6.3609999530017296	3.41070001684129	0.99959999918937603	0.204699999839067	0.96999999880790699	0.677299995161593	10.51	9.8499999999999996	6	1	0
1:13750486|13731000(+)	1	0	0	1	0	0	0	0.96910000145435304	2.2445999935269301	0.53929999992251398	0.282299999194219	0.38299999907612797	0.62320000231266004	0.030200000200420601	0.0070000000065192497	8.4000000000000004	9.1199999999999992	3	1	0
1:13782831|13778418(+)	1	0	1	1	1	1	1	3.0435000136494601	1.8887000460177601	4.9940000370144801	3.0155000381171702	0.82240000665187796	0.21510000012349301	0.93989999890327403	0.59580000172136305	9.8800000000000008	9.5199999999999996	6	1	0
1:16305803|16315435(-)	1	0	1	1	1	1	0	1.61719999834895	1.35199999660253	7.1997000247239997	4.3732000753283504	0.64349999725818596	0.338499999046325	0.99150000214576695	0.73850000123493298	9.4900000000000002	8.3300000000000001	5	1	0
1:17687747|17580553(+)	1	0	1	1	1	0	1	0.87089999988675104	1.1609999731183001	3.0112999856472	1.9647000119089999	0.57010000348091106	0.39140000194311098	0.97319999933242796	0.50749999999534301	10.07	12.289999999999999	6	1	0
1:20744744|20749882(-)	1	0	1	1	1	1	1	4.1103000506758596	4.4689000129699696	3.3466999471187502	3.3319999337196302	0.99959999918937603	1	1	0.99950000047683696	8.6799999999999997	3.8799999999999999	3	1	0
1:20744744|20780540(-)	1	0	1	1	0	1	1	3.83719997406005	4.6167999744415198	3.3466999471187502	3.3319999337196302	1	1	1	0.99950000047683696	8.6799999999999997	9.7599999999999998	3	1	0
1:20749723|20773610(-)	1	0	1	1	1	1	1	3.3785000517964301	2.2757999576628198	3.2723000079393301	2.5964999709278298	0.97519999742507901	0.94140000343322705	0.99919999837875295	0.50070000002160597	6.9100000000000001	4.8499999999999996	6	1	0
1:20757166|20773610(-)	1	0	1	1	1	1	1	3.3785000517964301	2.2757999576628198	5.6165999658405701	3.29159999955445	0.97519999742507901	0.94140000343322705	0.99829999804496705	0.95889999866485598	5.9400000000000004	4.8499999999999996	6	1	0
1:20969474|20981227(-)	1	0	1	1	1	0	0	6.5447998285293503	2.3406999892555098	5.4979999408125799	2.3313999980687998	1	0.50160000429022999	0.99319999814033499	0.49940000226488301	10.77	10.359999999999999	6	1	0
1:21748138|21751615(-)	1	0	1	1	1	0	0	4.1871999010443597	2.5093999773263902	6.1081001281738203	1.80290000773966	0.99060000181198105	0.92939999699592502	1	0.39039999971864697	8.7599999999999998	7.46	6	1	0
1:22491533|22489880(+)	1	0	1	1	1	0	0	0.113500002445653	0.70450000241398802	3.05160004794597	1.8992999758571301	0.0086000000010244496	0.210999995749443	0.90430000163614699	0.51719999830238494	8.9900000000000002	9.0099999999999998	6	1	1
1:22785076|22781421(+)	1	0	1	1	1	0	0	3.7148000657558402	2.90660000070929	3.8770000703632799	3.2310001049190702	0.85340000391006399	0.30010000000474901	0.68090000152587804	0.69940000106580502	10.279999999999999	11.609999999999999	5	1	0
1:23059167|23030469(+)	1	0	1	1	1	1	1	6.3112000584602299	2.5381000131368601	5.7343000113964004	4.9834999643266196	0.99969999790191599	0.50859999960521196	0.91129999980330401	0.64099999964237198	8.5600000000000005	7.6399999999999997	6	1	0
1:26259802|26255171(+)	1	0	1	1	1	1	0	4.14290000200271	2.5925999939441602	5.7668001025915103	3.1569999992847402	0.99990000128746004	0.68680000136373498	0.99959999918937603	0.62229999899864197	7.75	7.1900000000000004	7	1	0
1:26763285|26760856(+)	1	0	1	1	1	0	0	5.7839999347925097	2.9132999956607799	5.6013000011444003	2.3062000062316601	0.99990000128746004	0.63659999896772201	1	0.55840000490425101	11.08	9.4600000000000009	6	1	0
1:28035544|28048426(-)	1	0	1	1	1	1	1	3.4195999860763502	2.6651000007987	5.5246000444516499	2.4510000150650701	1	0.92780000567436205	0.99620000123977603	0.50760000124573701	8.9199999999999999	10.44	6	1	0
1:28480604|28473554(+)	1	0	1	1	1	0	1	2.7925000205636001	2.65980006232857	3.2586999773979102	2.3347000010311598	0.78570000231266002	0.72660000324249197	0.89190000798553204	0.51530000241473295	7.8499999999999996	12.359999999999999	6	1	0
1:30992390|30995220(-)	1	0	1	1	1	1	1	3.8861999943852399	3.5208999633789002	5.6629000008106196	3.72439994812011	0.99869999885559002	1	0.99900000095367403	1	9.0399999999999991	6.9400000000000004	6	1	0
1:31059204|31059577(-)	1	0	1	1	1	1	0	6.27789988517761	2.8733999490737898	4.8256000965833596	2.9151999987661799	1	0.87019999623298605	0.99800000190734806	0.69329999387264196	8.5899999999999999	11.720000000000001	6	1	0
1:31915895|31919658(-)	1	0	1	1	1	1	0	3.9729999959468798	1.4620999716222201	5.06820001602172	4.03170001804828	0.99589999914169303	0.24109999944921501	0.906800000369548	0.65820000208914198	7.4299999999999997	11.44	6	1	0
1:32190249|32187954(+)	1	0	1	1	1	0	1	5.5708001017570403	1.7209000511094901	5.77960005402565	2.25919997841119	0.98730000257492001	0.20040000001899899	0.80150000189896597	0.33610000050393801	10.279999999999999	9.7300000000000004	6	1	0
1:32948222|32949774(-)	1	0	1	1	1	1	1	4.6380999982356999	2.1537000108510198	7.0861999273300098	2.4889999872073498	0.80699999667704103	0.300400000007357	1	0.50079999546287501	10.77	7.2599999999999998	6	1	0
1:35361789|35358925(+)	1	0	1	1	1	1	0	3.8366000413894601	2.5237999856472002	3.6052000284194898	3.9226000189781098	1	1	1	1	1.8700000000000001	8.5299999999999994	6	1	0
1:35389082|35381259(+)	1	0	1	1	1	0	0	3.6898000046610799	2.1293000161647702	2.8899999439716302	2.4300000563263802	0.96179999709129305	0.90579999685287405	0.99869999885559002	0.49789999515050998	8.7599999999999998	9.1099999999999994	6	1	0
1:35747907|35753936(-)	1	0	1	1	1	0	1	4.1143999963998796	3.0110999420285198	6.5303000465035401	3.87459992170333	0.99980000257491997	0.72719999736873397	0.99929999709129302	0.99980000257491997	6.8600000000000003	4.6500000000000004	6	1	0
1:39359264|39350785(+)	1	0	1	1	1	1	0	4.0723999977111802	2.5556000001728498	3.40099999904632	2.16930002272129	1	0.70249999756924797	0.95799999833106997	0.31310000095982099	7.46	7.9699999999999998	6	1	0
1:39853970|39857417(-)	1	0	1	1	1	1	1	4.8209000796079602	2.0577999923611001	2.5648000128567201	2.9043999820947599	0.99860000014305095	0.35499999937601301	0.97599999904632495	0.91499999761581396	11	11.41	6	1	0
1:41070595|41075451(-)	1	0	1	1	1	1	1	4.0246999263763401	3.8051999747753098	6.1441998362541197	3.2096999883651698	1	0.996299999952316	1	0.99919999837875295	10.77	7.1699999999999999	6	1	0
1:41575544|41585318(-)	1	0	1	1	1	0	0	1.5524999916553399	1.00490000285208	5.7831001400947502	3.3731000006198801	0.99670000076293896	0.27390000321902302	1	0.57460000142455103	9.2100000000000009	4.8200000000000003	6	0	0
1:44412722|44411981(+)	1	0	1	1	1	0	0	2.0034000039100599	2.8307000294327702	6.34519995450973	5.5863999307155598	0.99960000514984104	0.79480000396724704	1	0.91369999945163705	9.1099999999999994	10.85	6	1	0
1:53271028|53271346(-)	1	0	1	1	1	1	1	3.6016000688076	2.85230005569756	4.6304000854492102	2.6366999998688598	0.57919999880250495	0.91140000224113404	0.70509999700589099	0.57129999886965299	6.6900000000000004	6.9400000000000004	6	1	0
1:58506060|58536741(-)	1	0	1	1	1	1	0	3.5055999934673299	2.0670999631285598	4.5539999872446	2.8431000025942899	1	0.55020000087097198	0.99800000190734806	0.65180000136606397	9.5999999999999996	9.6999999999999993	6	1	0
1:58506060|58539310(-)	1	0	1	1	1	1	1	0.88610000275075396	1.93529999554157	4.5539999872446	2.8431000025942899	0.94470000863075199	0.70830000097630497	0.99800000190734806	0.65180000136606397	9.5999999999999996	10.23	6	1	0
1:59346398|59321536(+)	1	0	1	1	1	1	1	0.220399994496256	0.31709996610879898	5.1418999016284896	3.5154000015929299	0.105899998627137	0.200100002577528	0.90000000000000002	0.62049999833106995	10.029999999999999	7.9900000000000002	6	1	1
1:62442299|62441488(+)	1	0	1	1	1	0	0	4.7370999574661203	1.41509999856352	3.96540001630783	2.1121999956667401	0.97710000276565501	0.25920000254409298	0.899999998882412	0.582800004072487	10.57	7.6200000000000001	6	1	0
1:62445429|62444738(+)	1	0	1	1	1	0	1	5.4274001300334902	2.62650004774332	2.7406000375747599	2.1554000169038701	0.97799999713897701	0.71550000160932503	0.98680000901222198	0.986400002241134	8.5399999999999991	5.1600000000000001	7	1	0
1:62577262|62625401(-)	1	0	1	1	1	1	0	4.9530999839305796	1.5046999916434201	5.5933001277968204	3.7720999628305401	0.92680000066757195	0.20379999985452699	0.95910000205039903	0.60050000002374804	7.7000000000000002	9.4700000000000006	6	1	0
1:65366196|65364635(+)	1	0	1	1	1	0	0	3.6621999800205201	1.1501999815925901	4.9107000231742797	3.5250000506639401	0.90010000000474899	0.281399997672997	1	0.65879999976605097	10.17	11.25	6	1	1
1:66963160|66958059(+)	1	0	1	1	1	0	0	5.4523999452590903	2.2293999522924399	6.0256000280380198	2.7738999918103202	0.90350000001490105	0.44180000051856	1	0.68470000306842804	8.2300000000000004	9.2100000000000009	6	1	1
1:77631850|77641655(-)	1	0	1	1	1	1	0	2.3842999696731502	2.7534999996423699	7.3671000957489001	6.81070001125335	0.89660000558942499	1	1	1	5.6600000000000001	9.6999999999999993	6	1	0
1:81862118|81836885(+)	1	0	0	1	0	0	0	4.1759999990463204	3.4297999739646898	0.20299999564886001	-0.0035999983549118001	1	1	0.017699999420437901	0.0039999999105930304	8.4900000000000002	9.7100000000000009	3	1	0
1:81907230|81907017(+)	1	0	1	1	1	0	0	4.8653000205755204	2.0885999931022501	6.5165001094341202	2.7646000714972598	0.99699999690055796	0.207400000037159	0.99909999966621399	0.50040000220760705	8.8800000000000008	11.640000000000001	6	1	0
1:92605307|92639237(-)	1	0	1	0	0	1	0	0.078199998289346595	0.251799995987676	5.6412000820040697	2.1691000632941702	0.034200000017881302	0.018799999915063301	0.95950000286102299	0.30939999967813397	7.8799999999999999	2.8599999999999999	3	1	0
1:93876268|93877862(-)	1	0	1	1	1	0	1	0.90650001056492302	1.22350000143051	2.4746000230312299	3.3938000023365	0.685099996998906	0.47670000023208497	0.99570000171661299	0.74119999706745099	8.5899999999999999	9.5899999999999999	6	1	0
1:93894614|93901669(-)	1	0	1	1	1	1	0	3.5989999979734399	2.8608000060543399	6.1303999528288804	2.3462000235915101	0.99980000257491997	0.77880000695586205	0.99369999766349704	0.362700000940822	8.3800000000000008	6.9800000000000004	6	1	0
1:94220258|94231643(-)	1	0	1	1	1	0	0	1.4598000109195699	1.2825999993830901	4.2045000195503199	2.9288000061176702	0.70319999698549496	0.51230000637006001	0.93610000014305095	0.72649999950081101	10.51	7.9100000000000001	6	1	0
1:95151419|95143891(+)	1	0	1	1	1	1	1	2.6023000121116602	2.2227000586688499	3.9411999404430298	5.2109999299049301	0.94440000057220397	0.81899999380111699	1	0.96080000400543197	10.1	9.8699999999999992	6	1	0
1:100069685|100049909(+)	1	0	1	1	1	1	1	6.0946001052856396	2.44829999879002	5.2314000487327501	2.4699000403285001	1	0.71700000296113997	0.999400001764297	0.59400000105379103	10.67	6.46	6	1	0
1:100442996|100424222(+)	1	0	1	1	1	1	1	3.79380002617836	1.85439996263012	4.9411000370979297	3.2318000286817501	0.947399997711181	0.40649999688612298	0.99990000128746004	0.70939999837428303	6.3600000000000003	9.9900000000000002	6	1	0
1:100921841|100906852(+)	1	0	1	1	1	1	1	4.4609998703002898	4.1508999913930804	4.7072000049054603	3.13430004641413	0.99990000128746004	0.90250000003725295	0.81030000001192004	0.58119999914197196	11	9.9700000000000006	6	1	0
1:108181941|108185954(-)	1	0	1	1	1	1	1	4.3364000052213596	1.5922000195831001	3.8333999827504099	2.0462000058963801	0.79179999828338599	0.21169999993871799	0.98660000562667804	0.51570000052452003	10.220000000000001	9.0999999999999996	5	1	0
1:112600794|112611003(-)	1	0	1	1	1	1	1	6.0785001158714298	2.6290000058710499	4.9433000564575096	3.0334999793209101	1	0.48600000083679301	1	0.75170000195503195	6.46	8.9399999999999995	6	1	0
1:115664268|115659641(+)	1	0	1	1	1	1	1	3.4672000274062098	1.3446000071242401	5.3404999778605999	2.8101000302471202	0.99879999756812998	0.28590000063413701	0.95940000414848303	0.77970000038621901	10.06	9.3000000000000007	6	1	0
1:147259918|147252623(+)	1	0	1	1	1	1	1	2.52499998435378	2.2048999905586202	3.3035000056028299	2.7563000142574299	0.59550000140443404	0.85159999728202795	0.84559999406337705	0.53570000063627898	7.2000000000000002	9.0899999999999999	6	1	0
1:151668635|151658235(+)	1	0	1	1	1	1	1	5.5887998968362798	2.3417999964207401	6.1539001107215796	2.2821999713778398	0.88879999872297	0.30109999922569802	1	0.70259999721310995	10.279999999999999	10.5	6	1	0
1:152335439|152314906(+)	1	0	1	1	1	0	1	-0.84199997484683897	-1.5282000169157901	0.17540000081062301	-0.0170999974012374	0.016899999650195199	0	0.065300000458955704	0.017599999997764799	7.7699999999999996	10.949999999999999	6	1	0
1:155415744|155459898(-)	1	0	1	1	1	1	0	2.3977000176906502	1.34910000860691	3.60629999637603	3.27240003235638	0.99799999594688404	0.496900001168251	0.99909999966621399	0.72420000024139797	9.3499999999999996	10.779999999999999	6	1	0
1:155438327|155439068(-)	1	0	1	1	1	0	0	1.4115000143647101	1.91700000315904	1.8209999844431799	2.18140001147985	0.78130000010132705	0.52850000560283605	0.90669999122619604	0.60140000157989504	8.8300000000000001	9.6300000000000008	6	1	0
1:155438327|155477958(-)	1	0	1	0	0	0	0	1.9925999939441601	2.3413000091910301	1.8209999844431799	2.18140001147985	0.90010000690817804	0.99720000028610201	0.90669999122619604	0.60140000157989504	8.8300000000000001	7.6900000000000004	3	1	0
1:155477886|155482449(-)	1	0	1	1	1	0	0	2.9918999761343001	2.8202000021934501	2.3136000037193298	2.2319000527262598	0.99980000257491997	1	0.49720000170636902	0.52899999670917097	10.77	10.02	6	1	0
1:155521100|155521618(-)	1	0	1	1	1	0	0	2.8407999694347299	2.66539999619126	2.4669000044464999	2.5326000549830399	1	0.850100001692771	0.99860000014305095	0.59960000242572198	10.15	8.3900000000000006	6	1	0
1:161792327|161778244(+)	1	0	1	1	1	1	1	1.3372999995946799	0.98600000888109196	2.6188999749719999	1.5399999760091301	0.49799999977694798	0.31139999568695198	0.68440000124974099	0.35519999824464299	8.4900000000000002	8.8800000000000008	7	1	0
1:167338258|167332470(+)	1	0	1	1	1	1	0	6.0423998832702601	3.2194999277591698	0.25910000503063202	0.16230000257492	1	0.99890000820159897	0.13159999847412099	0.066400000452995295	0.5	9.8200000000000003	6	1	0
1:167975015|167966629(+)	1	0	1	1	1	1	1	5.7322000250220198	2.12779996059834	5.9498999666422598	2.3258999964222302	0.99490000009536705	0.34199999989941698	0.98659999966621403	0.30220000258413998	8.9800000000000004	12.699999999999999	6	1	0
1:172570730|172555869(+)	1	0	1	1	1	1	0	0.85759999826550404	1.4194999977946201	5.6868998974561604	3.7954999685287398	0.36180000677704799	0.43840000301133802	0.99840000271797102	0.99319999814033499	9.2699999999999996	9.0600000000000005	6	1	0
1:179846107|179852811(-)	1	0	0	1	0	0	0	0.87040000539272999	2.3822999894618899	1.96880000382661	1.15729996487498	0.650400002102833	0.99830000400543195	0.79839999675750695	0.337900002102833	8.2799999999999994	9.1999999999999993	3	1	0
1:180397516|180413471(-)	1	0	1	1	1	1	1	5.0332000255584699	2.1435000255703902	4.1283999860286702	2.7580000087618801	1	0.32909999833209402	1	0.51899999966844901	10.77	11.800000000000001	6	1	0
1:211778918|211793190(-)	1	0	1	1	1	0	1	5.0512000858783699	2.2169000152498399	5.9126000113785198	2.9123999483883298	0.99990000128746004	0.30410000008996502	0.99850000143051099	0.60890000099316199	10.77	7.9100000000000001	6	1	0
1:214451805|214464957(-)	1	0	1	1	1	0	0	-0.053299999237060497	0.98909999169409202	4.5825999833643403	2.39050006344914	0.088999997638165906	0.300799999176524	0.99419999718665997	0.59109999666688895	10.289999999999999	9.2599999999999998	6	1	0
1:227139576|227147559(-)	1	0	1	1	1	0	0	6.6811999380588496	2.7664999574422802	5.0623001188039698	2.1703000485896999	0.929300001263618	0.82410000264644601	0.97160000205039898	0.41849999786354602	8.8800000000000008	6.5099999999999998	6	1	0
1:229463543|229498306(-)	1	0	1	1	1	1	1	3.56899996548891	2.2835999846458401	5.1456000328063896	0.64479995965957604	0.99589999914169303	0.967799997329711	0.95069999694824203	0.39800000190734802	5.9900000000000002	9.1300000000000008	6	1	0
1:235480054|235494828(-)	1	0	1	1	1	1	0	1.37569998987019	2.1030000418424599	4.3655999981332503	1.2738000110723	0.494000002346001	0.69919999967096302	0.99610000252723696	0.30100000125821602	6.6200000000000001	9.3900000000000006	5	1	0
1:243426558|243415702(+)	1	0	1	1	1	0	1	4.3609999895095797	2.7241999916732298	3.8763000011444002	1.8231000110507001	1	0.99909999966621399	0.987000000476837	0.36750000035390201	7.46	10.83	5	1	1
1:243545510|243695716(-)	1	0	1	1	1	0	1	6.6241000056266701	2.7257000327110199	5.8722001075744599	2.9020000711083398	1	0.678500001691281	1	0.59090000017313205	10.57	9.4900000000000002	5	1	1
1:246327201|246335474(-)	1	0	1	1	1	1	0	3.5041000366210899	1.56550001949071	3.78519999757409	3.5598999999463499	1	0.40169999934732897	0.986699998378753	0.90519999265670703	9.7200000000000006	7.0300000000000002	6	1	1
10:829385|885760(-)	1	0	1	1	1	0	0	1.2469999965280201	1.78100002631545	4.0655999377369803	2.6716000054031599	0.80090000927448202	0.32820000199135302	0.79940000381320697	0.57789999776287004	8.1099999999999994	8.4800000000000004	5	1	0
10:7276892|7285954(-)	1	0	1	1	1	0	1	5.0740000650286596	1.92210003023501	4.7147000312805103	2.0010999940335701	0.99800000190734806	0.32070000149542399	0.90140000004321297	0.58330000042915298	10.57	8.4000000000000004	6	1	0
10:11997672|12014184(-)	1	0	1	1	1	0	0	4.9669999085366703	2.9541999429464298	5.6732999444007799	2.5581999806687201	0.88319999962113704	0.870400005578994	1	0.66310000846860895	11	7.3700000000000001	6	1	0
10:12094271|12081472(+)	1	0	1	1	1	1	1	4.8099999204277903	1.7038000285625401	5.2981000721454601	1.4870999887585601	0.99930000305175704	0.27100000083446502	0.99969999790191599	0.28679999967571301	7.0899999999999999	6.1100000000000003	6	1	0
10:13136897|13127745(+)	1	0	0	1	0	0	1	2.01690000779926	2.6340000428259298	0.966700006835162	1.7292000114917701	0.90439999699592499	0.82290000021457599	0.27210000003688001	0.775199994444847	4.9400000000000004	8.6199999999999992	4	1	0
10:17157441|17168917(-)	1	0	1	1	1	1	1	3.6989999718964102	1.90390000045299	5.5509000241756397	3.2360999748110699	0.97820000052452005	0.60649999976158098	0.90199999995529601	0.99059999585151604	8.0999999999999996	7.5300000000000002	6	1	0
10:21617207|21614831(+)	1	0	1	1	1	1	0	5.3189999222755402	3.2229999437928201	6.51120002269744	6.1112999916076598	0.99990000128746004	0.72139999940991395	1	1	9.7200000000000006	7.71	6	1	1
10:21727928|21713772(+)	1	0	1	1	1	0	0	3.7730999469756998	3.0376999735832202	3.7272000499069602	3.36319997645914	1	0.98030000329017597	0.827399999648332	0.70710000032558995	9.8900000000000006	10.800000000000001	6	1	1
10:21904522|21929141(-)	1	0	1	1	1	1	1	5.1619999878108498	2.7955999903380802	3.0167999744415201	3.63750004768371	0.99029999971389704	0.78520000129938095	0.99980000257491997	0.999700003862381	8.4000000000000004	9.3699999999999992	6	1	1
10:27171083|27169944(+)	1	0	1	1	1	1	1	1.9638000115752201	1.12110003903508	1.5236999660730299	1.4769999995827601	0.79599999705096702	0.206099999987054	0.59290000200271598	0.41600000242469798	7.8799999999999999	9.9000000000000004	6	1	0
10:27173259|27169944(+)	1	0	1	1	1	1	1	1.9638000115752201	1.12110003903508	3.9825000494718501	3.19859998524189	0.79599999705096702	0.206099999987054	0.92240000218152995	0.5	9.3300000000000001	9.9000000000000004	6	1	0
10:29512735|29531288(-)	1	0	1	1	1	0	0	1.4225999891757899	2.4253000095486601	3.0234999924898101	1.5607999764382801	0.68540000448701899	0.99720000028610201	0.88609999716281895	0.39920000096317299	8.9199999999999999	9.7899999999999991	6	1	0
10:34269657|34284245(-)	1	0	1	1	1	1	1	5.2422999143600402	4.2798999667167603	3.5743000626564001	3.4277000755071598	1	1	0.85659999847412105	0.99309999942779503	9.8800000000000008	8.5199999999999996	6	1	0
10:34269657|34348115(-)	1	0	1	1	1	1	0	3.0816000282764402	1.5483000114560099	3.5743000626564001	3.4277000755071598	0.99900000095367403	0.52830000182147996	0.85659999847412105	0.99309999942779503	9.8800000000000008	5.25	6	1	0
10:43176032|43154897(+)	1	0	1	1	1	0	1	0.98380002193152905	1.77289999946951	3.3184999953955399	3.68680000007152	0.55660000201314597	0.92500000000000004	0.86929999813437397	0.60140000041574204	10.470000000000001	9.4800000000000004	6	1	0
10:68014026|68044563(-)	1	0	1	1	1	1	1	5.9328000187873799	3.0956000091507998	1.07700001299381	3.2236999943852398	1	0.85509999468922604	0.558499998413026	0.71539999912492902	10.470000000000001	8.3200000000000003	6	1	0
10:68175461|68165702(+)	1	0	1	1	1	1	0	6.1103000640869096	2.3850000426173201	3.42220003604888	2.3836000204086298	0.98830000162124598	0.37489999888930398	0.99500000476837103	0.52149999961256899	10.77	2.7999999999999998	6	1	0
10:68468123|68470163(-)	1	0	1	1	1	0	1	1.9897999584674799	1.38440003516152	2.71239998862147	1.8123999971896401	0.93550000488758001	0.534299993515014	0.87260000407695704	0.20399999993387599	5.8300000000000001	9.2300000000000004	6	1	0
10:68773099|68722455(+)	1	0	1	1	1	1	1	0.28770000725053202	1.9016000174451599	5.1380000159144403	1.89530000509694	0.016699999757110999	0.49500000400003002	0.87250000312924303	0.50819999917875902	6.5599999999999996	7.1699999999999999	7	0	0
10:70708778|70702312(+)	1	0	1	1	1	0	0	5.6650999069213803	2.1170000046491602	6.4203998811542897	4.8972999550402099	0.91140000000596	0.29540000220294999	0.96430000066757204	0.70010000000474903	8.8800000000000008	7.1799999999999997	6	1	0
10:73571421|73576361(-)	1	0	1	1	1	0	1	3.0481000065803499	3.1225999891757898	5.9518000364303498	2.69630001634359	1	1	1	0.42880000169388899	11	8.2899999999999991	6	1	1
10:91462184|91425281(+)	1	0	1	1	1	1	0	3.5802000239491401	2.7421999990939998	3.6512000054120999	4.5153998434543601	0.99909999966621399	0.99649999737739503	0.999400001764297	0.89100000391481404	8.5899999999999999	10.27	6	1	1
10:92081320|92091944(-)	1	0	1	1	1	1	1	6.7012999773025497	4.6188999772071799	6.1941000938415502	3.5380000401288201	1	1	1	0.60860000158427197	9.1400000000000006	5.71	6	1	1
10:94246621|94245946(+)	1	0	1	1	1	0	0	2.9739000208675801	2.2636999942362301	5.1209000259637802	3.0981000225059598	0.98709999918937597	0.25080000008456399	0.99839999675750701	0.55689999908208798	11.08	9.5500000000000007	6	1	0
10:96544076|96565426(-)	1	0	1	1	1	1	1	5.3388000100850999	3.00290001332759	6.0559998869895901	3.5833999931812199	0.99980000257491997	0.94319999814033495	1	0.78829999957233599	10.130000000000001	6.8099999999999996	6	1	1
10:98209899|98208101(+)	1	0	1	1	1	1	1	1.2984000042080801	1.76770001947879	2.8828000381588899	1.6675999939441599	0.99980000257491997	0.70790000110864604	0.999400001764297	0.60269999802112495	9.8100000000000005	10.93	6	1	1
10:99929608|99931445(-)	1	0	1	0	0	1	0	-0.40450000464916203	0.244300001859664	1.5911000087857201	1.5110000193119	0	0.076900000276509603	0.85810000300407396	0.300600001309067	9.1099999999999994	6.8200000000000003	4	1	0
10:102158214|102157019(+)	1	0	1	1	1	1	1	2.45380005650222	1.7315999947488301	1.40690002141054	0.97050000270828596	0.646500000357627	0.24239999968558501	0.72540000388398695	0.31109999769832902	9.0399999999999991	8.8300000000000001	6	1	1
10:110598290|110593073(+)	1	0	1	1	1	0	0	6.4940998390316897	2.51659996807575	6.5989001393318096	2.5469000458717299	0.99890000224113396	0.52579999975860103	0.900700000021606	0.98929999470710706	8.4399999999999995	10.17	6	1	1
10:118729295|118730410(-)	1	0	1	1	1	1	1	5.6421000659465701	2.6899000161327402	5.0241999864578197	2.6303999662399198	1	0.88709999918937599	1	0.82420000135898497	9.6500000000000004	7.1500000000000004	6	1	1
10:119933787|119926036(+)	1	0	1	1	1	1	0	1.70779998004436	1.4508000314235601	0.57729999572038604	2.0793000459670998	0.90100000500679001	0.50719999559223605	0.247899999446235	0.67399999853223502	5.8399999999999999	7.9800000000000004	6	1	0
10:120890887|120858643(+)	1	0	1	1	1	1	1	6.6997000157833098	2.2474000386893702	3.4962000135332301	2.1976000428199698	0.99980000257491997	0.34389999884879202	0.59889999721199205	0.50510000325739302	8.4399999999999995	8.5099999999999998	7	1	1
10:124681607|124682379(-)	1	0	1	1	1	1	1	2.6433999717235501	2.3517999440431501	5.9734999537467903	3.0216999441385202	0.99960000514984104	0.642700007162056	0.90350000001490105	0.97730000019073404	10.77	4.7699999999999996	6	1	1
10:124943307|124942457(+)	1	0	1	1	0	0	0	2.35159996151924	2.87600002735853	5.8027000427245996	5.7067999847233297	0.99980000257491997	0.95619999766349795	0.90310000255703904	0.800400000007357	10.24	6.9299999999999997	3	1	1
10:124962408|124942457(+)	1	0	0	1	0	0	0	2.35159996151924	2.87600002735853	2.2513000182807401	2.7150000333786002	0.99980000257491997	0.95619999766349795	0.99530000686645503	1	10.859999999999999	6.9299999999999997	3	1	1
10:125038997|125111093(-)	1	0	1	1	1	0	1	0.86730001196265205	1.1128000095486601	4.1969999074935904	2.7456999778747502	0.64629999771714197	0.41030000224709501	0.99990000128746004	0.77719999856781197	10.57	9.5899999999999999	6	1	1
10:127012374|126970702(+)	1	0	1	1	1	1	0	4.1915000230073902	1.2960000008344601	6.4204000860452597	3.6250000238418498	0.95040000081062304	0.238999998569488	0.94539999961853005	0.69549999716691602	9.1500000000000004	8.7599999999999998	6	1	1
10:127110354|126970702(+)	1	0	1	1	1	0	0	4.1915000230073902	1.2960000008344601	4.7642999798059398	3.1374999463558102	0.95040000081062304	0.238999998569488	0.84039999693632095	0.58040000246837697	10.130000000000001	8.7599999999999998	5	1	1
11:12764434|12764179(+)	1	0	1	1	1	0	0	2.9665000200271598	2.9366999790072401	8.0796000242233195	4.9636000383645298	1	0.99509999752044598	1	0.81519999913871199	11.01	12.779999999999999	6	1	1
11:18283795|18285459(-)	1	0	1	1	1	1	1	3.0392999440431501	1.95180003196001	1.8309999644756301	2.2407000314444301	0.94240000247955302	0.36980000063776902	0.99980000257491997	0.60630000038072396	8.3499999999999996	9.1500000000000004	5	1	0
11:18291442|18292976(-)	1	0	1	1	1	1	1	0.19020001776516399	0.99189999233931303	3.7656999900937	2.3461999982595398	0.347500002942979	0.511500001512467	0.99800000190734806	0.59930000007152495	8.4900000000000002	8.4199999999999999	5	1	1
11:32935435|32927157(+)	1	0	1	1	1	0	1	3.9631000280380202	2.0990000031888401	3.3741000041365599	3.8198000192642199	1	0.61680000219494102	0.94640000164508797	0.96789999008178695	9.6500000000000004	7.5	6	1	0
11:33287511|33286413(+)	1	0	1	1	1	0	0	8.3619001388549794	1.9293000102043101	6.8786000490188597	3.8406000690534698	1	0.207700000121258	1	0.60079999787267302	10.279999999999999	13.119999999999999	6	1	0
11:33545378|33541802(+)	1	0	1	1	1	0	0	0.88579999059438697	2.1341000266373098	4.2451999306678703	2.03769996352493	0.12280000038444901	0.74169999659061403	1	0.5	9.4600000000000009	9.2300000000000004	3	1	0
11:34092056|34079628(+)	1	0	1	1	1	1	1	4.6525001406669597	1.1215999506413901	5.112399924919	2.5619000079110199	0.90700000077485998	0.20010000000474901	0.98530000448226895	0.70179999722167796	10.029999999999999	8.1699999999999999	6	1	0
11:44114301|44107683(+)	1	0	1	1	1	1	1	1.17710001319646	0.97739995960146098	3.95620006918907	3.2946999642997898	0.69399999468587303	0.20479999787639799	0.89980000257491999	0.502800000086426	9.1600000000000001	5.9500000000000002	6	1	0
11:44171742|44107683(+)	1	0	1	1	1	1	1	1.17710001319646	0.97739995960146098	3.2336000075563698	3.9544999599456698	0.69399999468587303	0.20479999787639799	0.51979999986942804	0.92360000014305099	10.359999999999999	5.9500000000000002	6	1	0
11:45965315|45979966(-)	1	0	1	1	1	1	1	3.8261000096797901	2.3548000205308099	4.2677999734878496	2.06960004717111	0.999400001764297	0.99499999880790702	1	0.34450000120559698	8.6799999999999997	6.1600000000000001	7	1	0
11:46493608|46512813(-)	1	0	1	1	1	0	1	5.5627999663352901	3.9972000241279599	5.6867998819798196	3.42330001294612	1	1	0.99620000123977603	0.64300000169314397	11.08	7.7300000000000004	6	1	0
11:46493608|46548500(-)	1	0	1	1	1	0	1	4.0570999503135603	1.4110999941825799	5.6867998819798196	3.42330001294612	1	0.87549999952316204	0.99620000123977603	0.64300000169314397	11.08	6.5599999999999996	6	1	0
11:46808031|46821268(-)	1	0	1	1	1	1	1	1.1881999805569601	1.4373000130057301	4.9556000739336001	2.14540003240108	0.68190000653266902	0.73100000321865	0.83239999786019303	0.40060000002849799	8.8800000000000008	8.0500000000000007	6	1	0
11:46816198|46821268(-)	1	0	1	1	1	1	1	1.1881999805569601	1.4373000130057301	4.9452999651432004	3.0995000377297401	0.68190000653266902	0.73100000321865	1	0.62470000293105798	10.57	8.0500000000000007	6	1	0
11:47502967|47506897(-)	1	0	0	1	0	0	1	2.2902000010013501	1.9780999916605599	-0.039900008775293802	-0.087799999117851205	0.99929999709129302	0.96229999661445598	0.00050000001210719297	0.00049999998882412902	5.9900000000000002	9.9900000000000002	3	1	0
11:59642880|59647913(-)	1	0	1	1	1	1	0	3.6607000067829998	1.97590002715587	4.6793000459670999	1.0718999855220299	0.83949999827891497	0.31830000017071097	1	0.26740000247955298	4.4100000000000001	10.529999999999999	6	1	0
11:59658866|59659469(-)	1	0	1	1	1	0	0	5.3850999534130004	1.94090000987052	2.9299000017344898	0.90169996987096901	0.99909999966621399	0.31450000107288301	0.90419999696314302	0.291699998546391	7.2599999999999998	8.8000000000000007	6	1	0
11:68564432|68505145(+)	1	0	1	1	1	1	1	0.29220000694040199	0.54179999530315404	5.2358999803662298	2.6925000041723202	0.0029999999911524298	0.13980000265873899	0.97950000166893003	0.50280000003986003	8.7599999999999998	8.7400000000000002	7	1	0
11:70659828|70661678(-)	1	0	1	1	1	0	1	4.5302000522613497	5.35670006275177	5.4257999569177597	2.6666999792680102	0.90219999998807898	1	0.93019999861717195	0.50380000136792602	7.8099999999999996	7.4900000000000002	6	1	0
11:72984088|72989097(-)	1	0	1	1	1	1	1	4.2642999917268698	3.7003000587224899	4.6052999258041298	2.62329995073378	0.99969999790191599	0.68360000099055396	1	0.40229999999282801	8.4900000000000002	9.6099999999999994	6	1	0
11:73707420|73718890(-)	1	0	1	1	1	1	1	5.8230999469756997	5.1343999981880097	5.7570999056100796	3.2761999592184998	1	0.99909999966621399	0.99879999756812998	0.71460000127553902	10.859999999999999	10.56	6	1	0
11:74078115|74078717(-)	1	0	1	1	1	0	0	4.0905999802052904	1.55050001591444	4.1387999355792999	2.9456999257206902	0.98029999732971196	0.222100000455975	0.84710000008344599	0.60000000129220998	10.359999999999999	6.04	6	1	0
11:76472840|76463821(+)	1	0	1	1	1	1	1	6.3736998528242097	3.10340000241994	4.8587000131606999	3.2006999522447499	0.99980000257491997	0.66349999643862201	1	0.73909999390598302	10.470000000000001	9	6	1	0
11:83184908|83161327(+)	1	0	0	1	0	0	1	4.4657999858260098	5.4391000092029502	2.82430002689361	2.2816999807953802	0.99860000610351496	0.99969999790191599	1	0.99969999790191599	9.7899999999999991	6.3399999999999999	3	1	0
11:85974708|85983973(-)	1	0	1	1	1	1	1	4.8797000527381797	1.9946999987587299	4.5243999764323197	1.88039998710155	1	0.21870000003837001	0.99449999928474397	0.378300000354647	7.2599999999999998	6.7400000000000002	6	1	0
11:86011030|86031611(-)	1	0	1	1	1	1	1	5.47160001993179	2.8202000677585599	5.8310001134872396	2.8783000200986799	1	0.50370000014081595	1	0.42369999950751602	7.2000000000000002	8.4000000000000004	6	1	0
11:93700186|93696320(+)	1	0	1	1	1	1	0	0.070800000906456204	1.92189998254179	1.40480000078678	1.7109000340104099	0.134900000120978	0.79370000362396198	0.61309999134391502	0.59319999923463895	9.8000000000000007	8.3900000000000006	6	1	0
11:93757465|93747297(+)	1	0	1	1	1	1	1	0.23119999170303299	0.88100000619888297	5.3857999838888597	2.9384999848902198	0.095600000128615595	0.28649999646004198	0.91770000159740395	0.68849999791709704	9.4800000000000004	8.6699999999999999	6	1	0
11:107549753|107560899(-)	1	0	1	1	1	1	0	0.97130000218749002	0.188800001889467	3.7519000016152799	2.0262999635189698	0.41479999552247998	0.0035999999847263001	0.99819999933242798	0.44030000063357799	8.3900000000000006	10.77	6	1	0
11:108054955|108046270(+)	1	0	1	1	1	0	1	5.8297000646591099	2.7552999615669198	5.5629999190568897	4.6728999465703902	0.93009999990463199	0.91619999408721897	0.99969999790191599	0.83209999799728396	9.0700000000000003	7.1299999999999999	6	1	0
11:108335961|108315823(+)	1	0	1	1	1	1	0	4.3036999881267501	2.1080999776720999	4.8692999169230404	2.08259996920824	0.99710000157356204	0.44540000314591399	0.919699999690055	0.34669999998295598	9.0099999999999998	10.44	6	1	0
11:120477526|120473050(+)	1	0	1	1	1	1	0	3.6658000156283301	2.9982999630272298	3.5371000438928601	1.50689997896552	0.79640000254148602	0.67640000246465204	0.99980000257491997	0.58439999930560504	7.29	7.7400000000000002	6	1	0
11:129093621|129164427(-)	1	0	1	1	1	0	0	4.1106999635696404	1.62639998793601	4.3228999674320203	2.4384000003337798	1	0.41630000211298401	0.99980000257491997	0.59950000047683705	5.9500000000000002	10.779999999999999	6	1	0
11:129123446|129124894(-)	1	0	1	1	1	0	0	3.6474000833928502	1.7890000246465201	4.7486999988555896	1.90039999485015	0.913700002431869	0.29650000205729099	1	0.417400002479553	7.4800000000000004	8.3800000000000008	6	1	0
11:130110661|130109429(+)	1	0	1	1	1	1	1	4.5563000500202104	1.98950004354119	5.4595999360084502	3.4684999957680702	0.80730000192997897	0.207100000185891	0.90149999996647201	0.549199999670963	11.109999999999999	6.96	6	1	0
12:350621|356537(-)	1	0	1	1	1	1	1	3.4427000164985602	2.54549997895956	5.4180000841617497	1.8623000264167699	0.99679999947547904	0.67090000528842197	0.97339999675750699	0.20040000001899899	2.0299999999999998	5.5300000000000002	6	1	0
12:830160|827042(+)	1	0	1	1	1	0	0	5.2361000180244401	2.6428000040352302	5.2082000505179096	4.87800001502037	1	0.60140000375686198	0.98540000319480803	0.59999999999999998	8.4600000000000009	9.3300000000000001	6	1	0
12:1116033|1104750(+)	1	0	1	1	1	1	1	5.5124000370502397	1.75579998791217	5.76310010254383	1.55490004047751	0.99800000190734806	0.28910000249743401	0.87900000214576701	0.203400000184774	4.54	11.140000000000001	5	1	0
12:1190052|1141620(+)	1	0	1	1	1	1	0	5.9499001085758199	2.4245000112801698	5.9501001179218296	3.27069994211196	0.86589999869465795	0.41479999795556	0.99990000128746004	0.52290000021457606	10.57	6.7800000000000002	7	1	0
12:2821792|2820086(+)	1	0	1	1	1	1	1	6.7425998833030398	2.2266999619081602	5.2509000033140101	3.5320999877527299	0.97670000195503204	0.29999999999999999	0.90159999709576299	0.68760000129695897	9.4000000000000004	11.529999999999999	6	1	0
12:6581044|6581814(-)	1	0	1	1	1	1	1	6.2601000458001996	1.62590002119541	3.0354999512434002	1.55820001363754	0.99790000319480898	0.21769999959506001	0.79779999901074905	0.95559999346733004	9.0600000000000005	9.3000000000000007	7	1	0
12:7403535|7433694(-)	1	0	1	1	1	0	0	-1.2559999857097801	-1.0112000077962799	1.61949996203184	1.7253999907523301	0	0.00200000003678724	0.311199999030213	0.382899995846673	9.6799999999999997	13.380000000000001	7	1	0
12:11869969|11869424(+)	1	0	1	1	1	1	1	2.7165999740362099	2.5002999663352901	5.8475999638438196	2.3836999788880302	0.99980000257491997	0.89829999804496696	0.99860000014305095	0.56689999997615803	10.67	10.630000000000001	6	1	1
12:13753317|13753915(-)	1	0	1	1	1	0	0	4.5126000612974098	2.1952000230550701	2.9088999867439198	2.7184000439941798	0.99919999837875295	0.59670000076293905	0.90000000000000002	0.51400000052526595	8.8300000000000001	12.609999999999999	5	1	1
12:14425473|14423909(+)	1	0	1	1	1	1	1	3.4072999954223602	2.7162000060081399	2.6150999784469602	2.2158000243827698	1	0.86480000317096695	0.98619999885558995	0.50260000005364402	4.9000000000000004	9.1799999999999997	6	1	1
12:26990450|26999676(-)	1	0	1	1	1	1	1	0.68540000542998303	1.2251000147312801	1.89909999519586	2.6835000276565499	0.17559999965596901	0.302699999976903	0.50109999482519896	0.61209999769926005	8.8300000000000001	6.1799999999999997	6	1	1
12:27403541|27368262(+)	1	0	1	1	1	0	0	0.20399999786168299	0.52100000530481305	2.5865999549627299	2.1384000062942499	0.20630000289529499	0.18970000147819499	0.49379999581724399	0.50190000161528503	8.7300000000000004	9.5899999999999999	7	1	0
12:46229153|46243314(-)	1	0	1	1	1	1	1	0.244099995493888	0.74940000772476201	4.4224999450147102	3.9829000443220099	0.0098000002792104999	0.18059999584220299	0.75540000200271595	0.76870000194758104	7	8.8100000000000005	6	1	0
12:48939655|48941188(-)	1	0	1	1	1	1	1	0.67909999489784201	1.1265000082552401	6.0907999813556604	2.0458000153303102	0.52760000489652104	0.93269999623298605	0.87629999816417603	0.220500000426545	9.2200000000000006	9.6799999999999997	5	1	1
12:50461347|50427762(+)	1	0	1	1	1	1	1	5.6915999591350497	2.5498000115156101	4.2022000014781904	2.8240000138059198	1	0.89490000084042498	0.99990000128746004	0.63479999722912905	10.77	1.52	6	1	1
12:53028188|53027782(+)	1	0	1	1	1	1	1	3.58800000641495	2.0714000314474101	4.9458000421524	1.3618000257760201	0.99700000286102297	0.60229999809525903	0.84359999876469305	0.40810000241035499	7.96	8.4100000000000001	6	1	0
12:56430881|56434231(-)	1	0	1	1	1	0	0	0.135100026428699	1.0085999995470001	3.6588999988511199	3.2425000354647602	0.458700001239776	0.50210000621154904	0.97839999794959998	0.59999999999999998	9.5399999999999991	10.19	5	1	0
12:56642458|56643958(-)	1	0	1	1	1	1	1	3.7690000183880299	1.4106000076979399	5.4418000191450098	2.04179999157786	0.80090000303462106	0.29999999999999999	0.788699999917298	0.55529999672435204	10.77	11.630000000000001	6	1	0
12:56666204|56670364(-)	1	0	1	1	1	1	1	5.34780006110668	2.5532000742852601	5.3283999145030903	3.9447000041604001	0.99759999513626096	0.400900002615526	1	0.82479999922215896	9.1099999999999994	7.1799999999999997	6	1	0
12:67349398|67318684(+)	1	0	0	0	0	0	0	0.16479999590665101	0.21799999400973299	0.086000002641230797	-0.15750000672414899	0.0016000000294297901	0.0038999999640509401	0.0022000000230036599	0	9.2200000000000006	6.96	4	1	0
12:69262562|69251129(+)	1	0	1	1	1	1	1	6.1795999482274002	3.0523000150918902	5.1891999363899197	2.9392999887466398	0.99959999918937603	0.898699996620416	1	0.81939999982714595	8.2300000000000004	8.0800000000000001	6	1	0
12:69593613|69589485(+)	1	0	1	1	1	1	1	3.8130999743938401	1.8330000154674	6.13709986805915	2.7758999347686699	0.99869999885559002	0.22239999993471399	0.90979999974369996	0.70140000060200602	9.9900000000000002	5.0899999999999999	6	1	0
12:71657526|71660427(-)	1	0	0	1	0	0	1	0.80270000174641598	1.4973000042140401	0.85340000875294197	0.53100000619888299	0.65089999735355297	0.99380000233650201	0.31059999555582102	0.24209999829763501	7.4000000000000004	11.41	3	1	0
12:71657549|71660427(-)	1	0	0	1	0	0	1	0.80270000174641598	1.4973000042140401	0.18369998643174701	0.95539999622851601	0.65089999735355297	0.99380000233650201	0.077300000179093303	0.52949999868869702	5.9900000000000002	11.41	4	1	0
12:95208843|95211267(-)	1	0	1	1	1	1	1	3.9152999684214498	2.7001999974250701	2.14890002310276	1.7918000444769799	0.96590000391006403	0.71450000435579497	0.99110000729560799	0.43560000061988802	8.8800000000000008	10.32	6	1	0
12:99772922|99782097(-)	1	0	1	1	1	1	1	4.5244000673293998	2.7456000208854601	2.8525999903678798	3.5045999288558898	0.99929999709129302	0.94620000123977599	1	0.99279999732971103	8.0099999999999998	10.289999999999999	6	1	0
12:104996026|104991712(+)	1	0	1	1	1	1	1	2.6457999825477598	1.0030000139959101	0.22980000376701301	0.051100000739097498	0.88310000021010604	0.216300000436604	0.27749999761581401	0.14279999956488601	8.4600000000000009	5.8899999999999997	4	1	0
12:122377389|122380558(-)	1	0	1	1	1	0	1	1.6628999926149799	2.6740000624209599	4.3540000297129096	3.8662999838590602	0.98930000066757195	0.80049999952316198	0.79989999791141597	0.60090000001946398	9.2699999999999996	13.130000000000001	6	1	1
12:122580670|122577672(+)	1	0	1	1	1	1	1	3.3009999519213999	1.4935999765992101	2.6643999814987098	2.1292000204324699	0.99510000348091099	0.20060000001685599	0.71259999573230703	0.77789999470114701	7.8200000000000003	7.6100000000000003	6	1	0
12:124419957|124430787(-)	1	0	1	1	1	0	1	5.23930000960826	2.4305999696254701	3.8994000047445199	2.42160002291202	0.92430000007152502	0.30830000003334102	0.97989999651908799	0.5	10.77	8.8300000000000001	6	1	1
12:124419957|124437996(-)	1	0	1	1	1	0	0	6.1546998918056399	1.2560999954119301	3.8994000047445199	2.42160002291202	0.90890000015497197	0.22890000134939301	0.97989999651908799	0.5	10.77	8.25	6	1	1
12:124437930|124457162(-)	1	0	1	1	1	0	1	5.6696000218391402	2.3596999954432198	5.6706999428570199	2.7819000609218998	0.90060000130906703	0.47489999691024398	0.92800000011920902	0.59789999723434395	10.24	7.4199999999999999	6	1	0
12:128808788|128815070(-)	1	0	1	1	1	0	1	4.1380999565124501	1.79149998649954	4.5831001043319697	1.7841000258922499	0.93449999988079002	0.25379999929573299	0.73410000056028302	0.50569999814033495	10.77	11.970000000000001	6	1	1
12:132734385|132755133(-)	1	0	1	1	1	0	1	1.76810001134872	1.5233999893069201	1.3875	2.1115999788045801	0.99770000576972895	0.24380000017117701	0.45799999851733397	0.57069999817758799	8.6899999999999995	9.2599999999999998	6	1	0
13:20006586|20002850(+)	1	0	1	1	1	0	0	6.40260004103183	2.4301999516785102	5.32339988499879	2.6329999847221099	0.95350000262260404	0.943400001525878	0.99200000166892999	0.45429999977350199	8.5500000000000007	8.9800000000000004	6	1	1
13:20067390|20051433(+)	1	0	1	1	1	0	1	5.1380000144243203	2.3562999874353401	5.6108000665902997	2.9884000070393002	0.83670000322163096	0.53979999870061801	0.90119999963790098	0.61330000399611895	7.1500000000000004	5.7999999999999998	6	1	1
13:21045685|21046230(-)	1	0	1	1	1	0	1	0.12470000423491	2.6943999707698798	5.1751999884843798	2.1979000322520701	0.135999999404884	0.99760000109672498	0.89009999968111497	0.39929999709129299	8.5600000000000005	11.49	6	1	1
13:21167988|21168399(-)	1	0	1	1	1	1	1	0.31979999989271102	0.71520001627504803	0.73870000503957201	1.56799999475479	0.055900000035762697	0.060999999172054203	0.49900000016204998	0.56230000144569203	10.220000000000001	7.0300000000000002	6	1	0
13:24903926|24913091(-)	1	0	1	1	1	0	0	0.75189997702836897	0.68329998124390801	3.9942000471055499	2.3970000147819501	0.56600000336766199	0.20610000314190899	0.99229999780654898	0.80710000768303802	10.65	9.4499999999999993	5	0	1
13:29530538|29536202(-)	1	0	1	1	1	0	0	-0.183599997684359	0.56930000409483905	1.13909999127499	1.99389998987317	0.00020000000949948999	0.30000000176951203	0.48119999766349703	0.59250000453321205	9.0999999999999996	10.710000000000001	6	1	1
13:30227412|30241086(-)	1	0	1	1	1	0	1	2.6346000298857599	1.3815999984741201	5.4922000370919699	1.4171000733971499	0.990100002288818	0.20539999993052299	0.89840000122785502	0.263300001621246	9.4600000000000009	9.4900000000000002	6	1	1
13:30227412|30283791(-)	1	0	1	1	1	0	0	1.10610000565648	1.8024000473320401	5.4922000370919699	1.4171000733971499	0.58879999872296995	0.55870000233408001	0.89840000122785502	0.263300001621246	9.4600000000000009	8.5600000000000005	6	1	1
13:41336756|41318806(+)	1	0	1	1	1	1	0	5.1210999488830504	3.2062999427318499	4.8582001298666002	3.34040001630783	0.97590000033378599	0.92739999890327396	0.99930000305175704	0.99959999918937603	8.3800000000000008	6.8200000000000003	6	1	0
13:46003139|46045513(-)	1	0	1	1	1	0	1	6.8306999266147601	3.4868999958038298	4.5690999835729498	2.48560000360012	0.99990000128746004	0.999400001764297	0.90049999710172401	0.69940000025089799	11	1.1599999999999999	5	1	0
13:48077153|48090418(-)	1	0	1	1	0	1	1	4.6156000614166199	3.4385000228881801	5.2857999622821801	6.0592999517917603	0.99890000224113396	0.60310000167228195	0.97350000143051096	0.99860000014305095	5.7999999999999998	10.9	3	1	0
13:49198574|49196877(+)	1	0	1	1	1	0	0	5.0653999323956604	2.90549998879432	4.9428000509738901	2.8428999960422501	0.99050000309944097	0.99839999675750701	1	0.57449999821837905	10.15	6.6299999999999999	6	1	0
13:59810788|59839448(-)	1	0	1	1	1	0	0	5.8087999701499902	3.7138999879360099	3.69420000910758	2.3079000137746299	1	1	0.99990000128746004	0.60250000278465399	10.1	7.8099999999999996	7	1	1
13:72931267|72835243(+)	1	0	1	1	1	0	0	4.94169986099004	2.7547999598085799	4.1116999924182798	2.42190001755952	0.99769999980926505	0.56819999850122205	1	0.67729999979492195	8.3900000000000006	10.449999999999999	6	1	1
13:75569507|75560753(+)	1	0	1	1	1	1	1	3.6915999831631701	2.66379998922348	5.6481000542640603	2.5892999790608799	0.96929999589920002	0.61250000399304505	1	0.79520000815391501	7.6299999999999999	9.3900000000000006	6	1	1
13:77217840|77243951(-)	1	0	1	1	1	0	1	5.8392000067979097	1.67660000622272	6.3783001422882002	3.4298000834882201	0.98410000205039905	0.36640000147745	1	0.50150000002467998	4.7000000000000002	12.99	6	1	1
13:95034605|95062859(-)	1	0	1	1	1	0	1	5.2537999570369696	2.0247999761253501	4.5356000423431304	2.0976999575272202	0.99990000128746004	0.21279999986290901	1	0.452199998591095	9.5999999999999996	9.2400000000000002	6	1	1
13:95115922|95188542(-)	1	0	1	1	1	0	1	1.7928999738767699	1.4167999724857501	4.8256999731063797	2.2961999464780001	0.48750000186264503	0.21419999971985801	0.99980000257491997	0.400400000018999	10.52	7.6600000000000001	6	1	0
13:95177707|95188542(-)	1	0	1	1	1	0	1	1.7928999738767699	1.4167999724857501	4.4425999999046297	3.01869996190071	0.48750000186264503	0.21419999971985801	0.99929999709129302	0.69300000200746503	7.9400000000000004	7.6600000000000001	6	1	0
13:95206532|95210781(-)	1	0	1	1	1	0	0	4.0497000411152797	2.0550999715924201	3.48599995970726	1.79639999866485	0.834899998595938	0.31199999878881501	0.89990000128745995	0.27060000241035598	8.0800000000000001	9.3000000000000007	6	1	1
13:95832927|95837202(-)	1	0	1	1	1	0	0	5.9016999613493599	2.2767999708652402	1.1369999986141901	0.79680000841617504	0.96260000467300399	0.48109999949811	0.66579999476671203	0.50140000729588796	10.08	6.3899999999999997	6	1	1
13:95970112|95996135(-)	1	0	1	1	1	1	1	0.79670000225305504	1.0941999785601999	2.60149998664855	2.66130004078149	0.33100000359117898	0.28220000243745702	0.88819999881088696	0.59999999999999998	11.01	4.7699999999999996	6	1	1
13:100273346|100209332(+)	1	0	1	1	1	1	1	4.4810999274253804	3.3309999406337698	5.2378999836742803	2.21239998638629	1	0.97939999699592595	0.89680000464431897	0.39829999872017602	8.8800000000000008	12.52	6	1	1
13:100340259|100301460(+)	1	0	1	1	1	1	1	6.67350003719329	4.0782000601291601	2.1503999620676	2.0673999585211198	1	1	0.51830000616609995	0.98000000715255697	9.2599999999999998	6.0899999999999999	6	1	1
13:102657207|102627012(+)	1	0	1	1	1	0	1	6.0237999211996698	1.8986000135540899	6.9846001386642396	3.6591001033782899	0.99419999718665997	0.226299999281764	0.91230000033974601	0.98379999995231604	6.8399999999999999	10.460000000000001	6	1	0
13:110624279|110622216(+)	1	0	1	1	1	1	1	2.4534000381827301	2.5541999940760398	4.6952000249177201	2.62279999703168	0.99909999966621399	0.92389999628066999	0.99740000367164605	0.50479999948292897	7.6399999999999997	11.23	6	1	1
13:111244294|111217679(+)	1	0	1	1	1	1	0	6.4002000927925096	1.75040003694593	5.1168000578880299	3.6366999804973599	0.90000000000000002	0.20140000004321301	1	0.660900002717971	10.08	13.23	6	1	1
13:113503588|113495502(+)	1	0	1	1	1	1	0	0.44550000503659198	2.2912000276148299	4.2242000415921197	2.4557000115513801	0.067199997953139204	0.71349999755620896	0.97469999790191597	0.49940000025089798	10.51	6.9500000000000002	6	1	1
14:21401957|21403663(-)	1	0	1	1	1	1	1	5.7996001541614497	1.7902000427246001	5.1878000319003998	1.5794000203488301	0.90020000049844295	0.26199999785749201	0.84980000071227502	0.51969999221619201	2.0299999999999998	9.1799999999999997	5	1	0
14:22909483|22911403(-)	1	0	1	1	1	1	1	0.54640000015497203	1.5842000089585699	1.14010000526905	1.19369999207556	0.571300000778865	0.95860000848770099	0.99980000257491997	0.69690000484697501	9.0999999999999996	9.8399999999999999	6	1	0
14:32094386|32090502(+)	1	0	1	1	1	1	1	2.9308000069111499	2.1913000015541901	5.4882001161575298	3.1950999718159401	0.842199999094009	0.64499999731779101	1	0.50990000166930205	10.51	12.880000000000001	6	1	1
14:34800224|34802988(-)	1	0	1	1	1	0	0	2.9069000542163801	1.7808000132441499	2.7859999895095799	1.89549999386072	0.993500000238418	0.46030000275932198	1	0.75670000128448001	6.7999999999999998	6.9199999999999999	6	1	0
14:36711318|36737791(-)	1	0	1	0	0	1	0	0.0551000009290874	0.22890000157058199	3.0381000280380199	3.69929988384246	0.0041999999899417096	0.0132000002777203	1	0.82410000115632998	9.0099999999999998	10.359999999999999	4	1	0
14:39327022|39313340(+)	1	0	1	1	1	0	0	2.5488999903202001	2.6517999947070998	2.0074999741278501	1.82680002301931	0.99890000224113396	0.99859999418258605	0.65500000454485396	0.73369999788701501	9.8000000000000007	9.2300000000000004	6	1	1
14:45032376|45008913(+)	1	0	1	1	1	0	1	4.6627000361680899	1.83770002797245	3.5396000206470402	1.4965999830747001	0.99819999933242798	0.22650000040884999	0.98759999871253901	0.59689999669790195	10.470000000000001	9.1999999999999993	6	1	0
14:45097005|45095221(+)	1	0	1	1	1	0	0	0.64409998953342396	2.17169998139142	3.4589999616145999	3.1739999562501899	0.70889999195933295	0.99760000109672498	0.82849999973550403	0.70859999656677197	8.3399999999999999	12.92	6	1	1
14:45246743|45247377(-)	1	0	1	1	1	1	1	1.03459999412298	0.91430000923573895	0.77959997281432103	1.2929000228643399	0.71780000478029204	0.97349999547004695	0.37989999827696003	0.75510000698268398	7.1500000000000004	4.8700000000000001	6	1	1
14:54751537|54702062(+)	1	0	1	1	1	1	1	4.60189995765686	2.7101999759674	5.1910999238490998	3.1444000422954499	1	0.40920000020414499	0.99899999499320902	0.60040000258013604	10.449999999999999	12.18	6	1	1
14:55630097|55612019(+)	1	0	1	1	1	1	1	1.1724999872967601	1.0767000004649101	5.1080999851226796	1.80139999240636	0.55559999546967398	0.49520000010961601	1	0.64239999651908797	7.8399999999999999	12.43	7	1	1
14:57280422|57274244(+)	1	0	1	1	1	1	1	2.7929999947547901	2.2470999667420899	5.0828999161720203	2.0989999905228598	0.97400000095367401	0.302700000128243	0.92159999907016699	0.31689999918453299	8.8800000000000008	7.2300000000000004	6	1	0
14:60125823|60115719(+)	1	0	1	1	1	1	1	4.5453999428078502	2.7114000305533401	3.4295000392943602	4.0342999905347803	0.99340000152587804	0.95070000886917105	0.99060000181198105	0.50430000014603105	9.3300000000000001	10.779999999999999	6	1	0
14:63598756|63599973(-)	1	0	0	1	0	0	1	0.58179998546838696	1.0751000151038099	0.64909999743103897	0.86049997741356399	0.082799998170230496	0.33529999478487299	0.0247000006027519	0.254599998285993	7.0300000000000002	6.46	3	1	0
14:67303599|67301389(+)	1	0	1	1	1	0	0	3.5556000500917402	2.3485000044107398	4.1376999624073498	4.2693000137805903	0.99829999804496705	0.46589999775169399	0.98780000209808305	0.99829999804496705	8.0099999999999998	10.91	6	1	1
14:67761366|67762819(-)	1	0	1	1	1	1	0	5.9108000457286796	2.0699000380933201	3.14169998317956	1.1158000081777499	1	0.40539999770698998	0.94830000102519896	0.495199996232986	6.0300000000000002	10.970000000000001	6	1	0
14:68890139|68893747(-)	1	0	1	1	1	0	1	6.2119000405073104	2.7092000622302201	5.4857000887393896	2.6809999812394301	0.94029999971389699	0.45540000423789001	0.80210000053048103	0.72080000182613702	9.1999999999999993	8.2799999999999994	7	1	1
14:71057724|71045133(+)	1	0	1	1	1	1	0	3.8529000379145102	2.2101000413298602	6.4597999930381702	2.59599999338388	0.99519999623298605	0.200300000014249	1	0.49990000128745998	10.06	7.0800000000000001	6	1	0
14:74549863|74555693(-)	1	0	1	1	1	0	1	1.77469999790191	2.7319999858736899	3.6815999925136502	3.2359999559819599	0.86420000344514802	0.89930000095628204	0.99879999756812998	0.89250000119209205	10.67	12.02	6	1	1
14:88578140|88574693(+)	1	0	1	1	1	1	0	4.4722999781370101	2.65579997450113	2.6708000048995002	1.7841000147163799	0.99839999675750701	0.66550000309944102	0.999100005626678	0.46810000380501099	8.4900000000000002	6.9000000000000004	6	1	0
14:92143294|92126122(+)	1	0	1	1	1	1	0	0.98270001262426299	1.4145999871194299	5.9736999988555901	3.1112000700086302	0.85860000252723601	0.99980000257491997	1	0.50860000008251505	9.8499999999999996	9.5399999999999991	6	1	0
14:96860735|96833467(+)	1	0	1	1	1	1	1	4.1281000673770896	0.51339996848255398	1.1212000139057601	1.8729000173509101	0.98220000267028795	0.22420000000856799	0.30079999999143098	0.62279999608872405	6.3799999999999999	8.4000000000000004	6	1	1
14:99257471|99257839(-)	1	0	1	1	1	1	1	4.5740000605583102	3.5084999978542299	3.6704999664332698	2.6332000099122501	1	0.99919999837875295	0.95789999961853001	0.506699995696544	9.9900000000000002	10.289999999999999	6	1	1
14:99458279|99465813(-)	1	0	1	1	1	1	1	4.0348999992012899	1.3887999765574901	4.7508001409471001	2.5102000221609999	1	0.216900000115856	0.99449999332427896	0.50390000138431701	9.5999999999999996	9.3300000000000001	6	1	1
14:102197847|102193463(+)	1	0	1	1	0	1	1	-0.18870000243186899	0.20300000831484699	0.18799998741596899	1.2480999857187201	0.012999999523162799	0.0050000000395812004	0.037199999787844697	0.80120000243186895	9.2200000000000006	8.8499999999999996	3	1	0
14:102209862|102194938(+)	1	0	1	1	1	1	1	6.0132999420165998	3.30770000219345	7.1755002021789496	6.53810005187988	1	0.99980000257491997	1	1	10.359999999999999	12.92	6	1	1
15:25701916|25736141(-)	1	0	1	1	1	0	0	4.01970000118017	2.2499999918043598	2.6928000330924902	1.8193000636994801	0.89559999833581905	0.40640000265557302	0.72490000482648598	0.202500000025611	10.279999999999999	8.9100000000000001	5	0	0
15:29766266|29800702(-)	1	0	1	1	1	0	1	2.9271999597549399	2.5076999664306601	5.8444999635219501	2.5044999796897098	0.98760000467300402	0.86559999883174898	0.99980000257491997	0.49420000314712498	6.7999999999999998	10.84	5	1	1
15:41699159|41696075(+)	1	0	1	1	1	1	0	0.94999999701976701	1.1897000351920699	4.75790001749992	2.1240000225603501	0.98919999599456698	0.206800001265946	1	0.54179999679326996	8.4900000000000002	12.09	6	1	1
15:43401850|43398038(+)	1	0	1	1	1	1	1	3.0879999667406	-0.051999995857477103	4.5636000275611801	3.8975999148562499	0.59820000194013101	0.063100000412669	1	0.68019999841926604	7.5199999999999996	7.4199999999999999	6	1	0
15:50958794|50948020(+)	1	0	1	1	1	1	0	5.1923998951911896	2.6638000547885801	2.5888000100850999	2.5282999515533402	0.89339999863877895	0.99879999756812998	0.80300000309944097	0.52750000059604596	8.2400000000000002	7.2599999999999998	6	1	1
15:51902036|51869217(+)	1	0	1	1	1	0	1	4.5183999545872204	2.8092999406158898	5.5727999875321901	3.5849001079797702	0.93289999961852998	0.60809999853372498	0.977399998903274	0.53860000073909697	9.1400000000000006	8.4800000000000004	6	1	0
15:59031702|59030804(+)	1	0	1	1	1	0	1	1.4840999789536	2.5242000214755498	4.5149999618530199	2.9166000284254499	0.86990000158548297	0.96740000247955305	0.99990000128746004	0.512399998283945	8.5899999999999999	10.31	6	1	0
15:59671183|59680308(-)	1	0	1	1	1	1	1	3.6212999671697599	1.7368999749422001	4.8776998847722997	2.2350999288260902	0.99980000257491997	0.27019999956246399	0.91439999938011096	0.454999995732214	8.4900000000000002	6.5499999999999998	6	1	0
15:63674342|63689699(-)	1	0	1	1	1	0	0	4.1380999997258101	2.0387999929487699	3.2972999572753898	2.4203999495133699	0.99369999766349704	0.46180000118911202	0.99990000128746004	0.30859999721869802	9.7899999999999991	5.1399999999999997	6	1	0
15:75407055|75413045(-)	1	0	1	1	1	0	0	5.6977000005543204	2.2818000145256501	6.5025000214576698	2.4974999886937401	0.92389999777078602	0.42530000270344298	0.99980000257491997	0.51029999703168805	10.470000000000001	8.3300000000000001	7	1	0
15:75411492|75413045(-)	1	0	1	1	1	0	0	5.6977000005543204	2.2818000145256501	5.4705998122692101	1.9506000105291601	0.92389999777078602	0.42530000270344298	0.89950000047683698	0.49180000401101998	11.08	8.3300000000000001	6	1	0
15:75414205|75422823(-)	1	0	1	1	1	0	1	4.2105999805033196	1.5415000006556501	5.7166999459266599	2.4876000046729998	0.82640000358223897	0.28689999952912298	0.99739999771118104	0.55669999644160195	7.2999999999999998	9.1500000000000004	6	1	0
15:76274412|76295737(-)	1	0	1	1	1	1	1	2.04740002788603	2.0411000020802001	5.14149997085332	4.6677999794483096	0.82899999916553502	0.62019999991171004	0.90480000004172301	0.88810000419616697	9.0899999999999999	11.16	6	1	1
15:76292431|76295737(-)	1	0	1	1	1	1	1	2.04740002788603	2.0411000020802001	5.6482998460531197	2.5982999674975802	0.82899999916553502	0.62019999991171004	0.99939999580383299	0.64610000550746904	8.6799999999999997	11.16	6	1	1
15:76753808|76795440(-)	1	0	1	1	1	1	0	2.2112999781966201	2.08780003488063	5.8471000134944902	1.6843000192195099	0.79619999807327901	0.621300002839416	0.90099999997764801	0.23800000081537201	7.8399999999999999	10.5	7	1	1
15:77178790|77182040(-)	1	0	1	1	1	1	0	0.89959997748956	1.18750000819563	2.3466999970376401	1.9643000081181501	0.55780000425875098	0.35480000143870699	0.81299999952316204	0.35390000115148701	9.8000000000000007	12.82	6	1	1
15:80122800|80120328(+)	1	0	1	1	1	1	1	1.65929999649524	1.73390000760555	3.5916999131441099	2.0196999967098201	0.99010000824928202	0.607599999289959	0.99490000009536705	0.60089999864576304	3.3799999999999999	8.6600000000000001	6	1	0
15:89116521|89113725(+)	1	0	1	1	1	0	1	1.7735999822616499	0.98880001008510499	7.0560999393463097	4.9378998697735303	0.99720000028610201	0.91420000195503204	1	0.60660000031348305	7.3600000000000003	8.6799999999999997	6	1	1
15:90068595|90067110(+)	1	0	1	1	1	0	0	1.2963999826460999	0.69309998862445299	6.4577999591827302	1.97600006461143	0.75770000182092101	0.29900000016204997	0.901099999994039	0.42000000178813901	10.51	11.039999999999999	6	1	1
15:90219891|90217439(+)	1	0	1	1	1	1	1	1.02499999180436	1.78459999337792	2.3089999284362399	3.56930007338523	0.60529999770224097	0.273800000175833	0.74240000247955296	0.57270000260323195	8.8800000000000008	10.92	6	1	1
15:90221765|90217439(+)	1	0	1	1	1	0	1	1.02499999180436	1.78459999337792	5.5965000361204096	2.9932999595999701	0.60529999770224097	0.273800000175833	0.89890000224113398	0.53789999978616798	9.1600000000000001	10.92	6	1	1
16:346148|347106(-)	1	0	1	1	1	1	1	1.1626000046730001	2.49149996638298	4.4364000231027596	2.4659000486135398	0.92590000033378606	0.99769999980926505	0.999400001764297	0.60060000130906699	10.67	8.2400000000000002	6	1	0
16:2445622|2439353(+)	1	0	1	1	1	0	1	5.3291000425815502	1.77610004618763	5.2983000397682103	2.9079999700188601	1	0.21590000035939699	0.99860000014305095	0.49920000225538302	8.7200000000000006	8.0600000000000005	6	1	0
16:2760499|2757472(+)	1	0	1	1	1	1	0	3.8947000399231899	2.7142000272870002	2.21199996471405	1.30529998168349	0.98199999928474402	0.998500007390976	0.985800004005432	0.69649999866960499	9.8100000000000005	5.8799999999999999	6	1	1
16:3850297|3851009(-)	1	0	1	1	1	0	0	4.9378999948501496	4.1585999455302902	4.7165999531745904	3.3676999375224099	1	0.98249999880790695	0.99980000257491997	0.60109999761916699	11	9.2200000000000006	6	1	1
16:16056295|16007816(+)	1	0	1	1	1	1	0	4.4934000566601702	1.9772000163793499	3.7798000812530499	3.8318000555038401	0.75259999762056395	0.29999999999999999	0.79899999757762996	0.94219999313354497	10.1	10.609999999999999	6	1	1
16:18834892|18845651(-)	1	0	1	1	1	0	0	5.2922999471425998	2.3302999868988898	5.3871000289916902	2.6063999469392001	0.99959999918937603	0.69940000474452901	0.91210000067949204	0.60460000053280905	11	3.71	6	1	0
16:21976243|21962460(+)	1	0	1	1	1	1	1	2.8498000320047101	2.19419996384531	3.2998999388888399	3.3509999030269602	0.68420000337064202	0.41430000271648099	0.66810000240802703	0.62999999930616402	10.08	5.8700000000000001	5	1	0
16:47610920|47497399(+)	1	0	1	1	1	0	1	4.0892000347375799	2.5891000092029501	4.8729999706149103	2.6942999973893098	0.99390000104904097	0.96700000166892996	0.99850000143051099	0.52930000046035197	9.6500000000000004	11.16	6	1	1
16:48303305|48277338(+)	1	0	1	1	1	0	1	5.2554001100361303	1.8579000312834899	4.21690003871917	1.28419998139143	0.89780000001192095	0.20430000004125701	0.99840000271797102	0.53099999516271001	8.4600000000000009	9.1500000000000004	6	1	1
16:48546147|48562444(-)	1	0	1	1	1	1	0	4.7902999557554704	2.3409999817609699	1.51900000274181	1.8880999701097601	0.996600002050399	0.31160000290255901	0.96279999017715401	0.49409999912604602	5.3899999999999997	12.65	6	1	1
16:48553539|48562444(-)	1	0	1	1	1	1	0	4.7902999557554704	2.3409999817609699	2.9778000146150498	2.2927999626845099	0.996600002050399	0.31160000290255901	0.75719999969005503	0.50029999840771699	10.07	12.65	6	1	1
16:53274302|53254438(+)	1	0	1	1	1	0	0	6.4840997993945999	2.3959999144077302	4.3072000414133003	2.5792000085115401	0.90640000179409896	0.56890000174753297	0.99909999966621399	0.40260000001871898	11	8.4800000000000004	6	1	1
16:56385919|56414344(-)	1	0	1	1	1	1	1	5.0117998629808396	2.56069996580481	4.7819999750703497	2.5174999877344799	0.82269999533891602	0.50030000001424901	0.79240000079153095	0.54090000092983204	9.3300000000000001	10.789999999999999	6	1	1
16:68123121|68121987(+)	1	0	1	1	1	1	1	4.5257000088691699	2.2032000049948599	5.4399999022483803	4.1784999370574898	1	0.30299999797716698	1	0.93560000061988802	11.109999999999999	13.57	6	1	1
16:69167185|69155871(+)	1	0	1	1	1	1	1	4.4721999526023799	1.49379995390772	3.1959999620914399	2.24409993775188	0.84759999737143499	0.30250000059604598	0.99980000257491997	0.51039999955100901	8.3800000000000008	3.9700000000000002	5	1	0
16:69370483|69372355(-)	1	0	1	1	1	1	1	3.2750999927520699	1.59200000464916	2.9746000334620399	1.9375999554060399	1	0.41049999902024797	0.99929999709129302	0.59359999522566798	8.6699999999999999	11.199999999999999	6	1	1
16:69695379|69695136(+)	1	0	1	1	1	1	0	4.1035000354051503	2.2727000117301901	1.8483999699354099	2.6230999642983002	0.99990000128746004	0.90009999871253898	0.99610000252723696	0.81710000392049498	6.6900000000000004	9.9600000000000009	6	1	0
16:74660932|74661451(-)	1	0	1	1	1	1	1	1.4630999833345399	0.89539998918771702	1.04210001742467	0.72190001271665005	0.93030000329017604	0.27990000061690801	0.39249999709427302	0.42839999645948401	8.7599999999999998	4.4500000000000002	6	1	1
16:87748673|87762040(-)	1	0	1	1	1	1	1	4.0746999778784803	1.24539997205138	4.03599998354911	1.8325999781489299	0.98889999985694799	0.20100000004749699	0.99950000047683696	0.54580000003334095	7.6100000000000003	9.4199999999999999	6	1	1
16:89418284|89422305(-)	1	0	1	0	0	0	0	-0.56770000606775195	-0.203100007772445	2.3847000062465602	0.80809999331831905	0	0.0044000000460073302	1	0.39480000163894102	6.7999999999999998	4.9100000000000001	3	1	0
16:89900794|89895038(+)	1	0	1	1	1	1	1	4.0721000254154198	1.39910005927085	5.2701999902725198	3.3019999943673599	0.84520000219345004	0.20000000000000001	0.90869999974965998	0.68589999750256503	10.029999999999999	9.1099999999999994	6	1	0
17:4066447|4072756(-)	1	0	1	1	1	0	1	1.9559000030159901	3.2531999677419599	2.9062999812886101	3.1075999677181199	0.71419999599456696	0.99899999499320902	0.98400000333785997	0.710200002044439	8.7300000000000004	10.98	6	1	0
17:4282798|4296814(-)	1	0	1	1	1	1	1	5.3849998831748902	3.4660999640822401	6.4207999706268302	3.1727000458166001	1	0.936900001764297	1	0.71170000284910195	10.449999999999999	10.24	6	1	0
17:5460939|5462546(-)	1	0	1	1	1	1	1	5.5238999202847401	0.83859998136758795	6.1638000130653303	1.09810005109757	0.92639999985694799	0.202500000025611	1	0.29850000143051098	9.9900000000000002	9.1699999999999999	6	1	1
17:7499491|7499039(+)	1	0	1	1	1	1	1	5.9502000950276797	1.99419996589422	4.5422000437974903	2.3911999687552399	0.99639999866485596	0.20469999996712401	0.99930000305175704	0.33960000369697801	5.3099999999999996	10.4	5	1	0
17:16057514|16058599(-)	1	0	1	1	1	1	1	4.9679000586271203	2.23029999732971	4.1149999618530204	2.64699999075382	0.99830000400543195	0.74280000627040799	1	0.36569999982602802	9.1099999999999994	3.9300000000000002	6	1	1
17:17214985|17219209(-)	1	0	1	1	1	0	0	3.0880000323057102	1.2688000276684701	7.0412000894546498	2.39459998235106	0.96420000195503197	0.28030000030994401	1	0.500499999988824	6.9500000000000002	11.550000000000001	6	1	0
17:19958014|19958571(-)	1	0	1	1	1	1	1	5.3210000038146896	3.2348999440670001	5.1626000285148601	4.21919998526573	0.999400001764297	0.65419999808073004	1	0.90029999613761902	8.4000000000000004	10.32	6	1	1
17:20205912|20204333(+)	1	0	1	1	1	1	1	0.89529998451471304	1.90030001904815	3.2480000019073398	2.9295000463724099	0.24650000459514501	0.73989999857731104	0.47169999962206899	0.68689999580383299	8.6799999999999997	9.8499999999999996	6	1	1
17:21017942|21028674(-)	1	0	1	1	1	1	0	5.3269001141190504	2.6347999777644802	5.6776999175548504	1.8600999909453	0.90360000059008505	0.60390000168699698	0.89839999815449101	0.48990000148769403	8.6999999999999993	9.75	6	1	0
17:27311616|27303367(+)	1	0	1	1	1	1	1	1.9455000169575201	1.29939997345209	6.8322999835014304	2.1804999493062498	0.82790000140666897	0.200200000009499	1	0.451300004217773	4.6900000000000004	5.6600000000000001	6	1	0
17:28591698|28593066(-)	1	0	1	1	1	1	1	0.66379997807089197	1.6791000008582999	0.281299984082579	1.8567999660968699	0.449100000585895	0.88420000374317098	0.10330000272952	0.64909999629016901	7.8300000000000001	9.7899999999999991	6	1	0
17:29285992|29287716(-)	1	0	1	1	1	1	1	3.53840001821517	1.6232000237330699	7.79710001945495	3.4886000569909799	1	0.26750000219326397	1	0.49980000245850498	9.0099999999999998	12.07	6	1	0
17:34983552|34983002(+)	1	0	1	1	1	1	1	2.5187999866902802	0.70229998603463095	3.9755999088287299	2.4939999810885598	0.93280000090599002	0.28180000185966397	0.99909999966621399	0.5	11.08	7.6699999999999999	6	1	0
17:36953907|36952886(+)	1	0	1	1	1	1	1	1.32379999458789	1.2763999972492399	4.0861999779939602	3.4426000721752601	0.30190000029979203	0.24949999878881499	0.92960000038146895	0.50010000000474897	4.7400000000000002	11.65	5	1	0
17:38777687|38786920(-)	1	0	1	1	1	0	0	5.1190000623464504	2.8735000431537601	5.2596998423337897	1.40250000208616	0.999400001764297	0.89489999767392803	0.79989999709650805	0.30040000001899803	7.8200000000000003	11.68	5	1	1
17:42573107|42573623(-)	1	0	1	1	1	0	1	4.3524999439716296	3.2370000161230501	4.4635999768972399	3.33369999229908	0.99990000128746004	0.93550000190734806	0.99879999756812998	0.65279999971389702	7.4000000000000004	3.9500000000000002	2	0	1
17:42703740|42730918(-)	1	0	1	1	1	1	1	0.40540000721812203	1.3268000170588401	6.7330001272261102	2.20950002893805	0.23560000028228301	0.99770000576972895	0.94999999999999996	0.50200000121258204	10.470000000000001	5.6799999999999997	6	1	0
17:46170855|46172232(-)	1	0	1	1	1	1	1	3.5833999693393701	2.0212000064551798	4.1375998601317399	4.7500998914241697	1	0.71269999220967295	0.93220000565051997	0.99810000061988802	7.21	11.44	5	1	1
17:47668410|47664159(+)	1	0	1	1	1	1	1	5.8881000623106896	2.1300000119954299	5.5376999564468798	2.0274000227451299	0.98289999961853003	0.30499999986495802	0.96700000166892996	0.39530000126687798	5.0700000000000003	6.9699999999999998	6	1	0
17:50979746|50987237(-)	1	0	1	1	1	0	0	2.8860999777913001	1.2011999845504699	6.2127001404762199	3.73640004247427	0.84340000301599505	0.46609999686479497	1	0.91049999967217399	8.8900000000000006	11.140000000000001	6	1	0
17:51020159|51041651(-)	1	0	1	1	1	0	1	4.2440000474452901	2.42209998443722	2.9923999905586198	1.6804000332951501	0.90100000128149904	0.55769999977201201	0.99720000028610201	0.34640000141225702	8.9199999999999999	9.4600000000000009	6	1	0
17:51201592|51203228(-)	1	0	1	1	1	0	0	5.6156999931670697	3.4305000074207701	4.9814000084996204	2.7296999976038898	0.98899999856948795	0.99450000524520799	0.99549999833106995	0.57839999794959995	10.57	8.7799999999999994	6	1	0
17:58709990|58703196(+)	1	0	1	1	1	0	1	1.5643999874591801	3.76489997822791	3.2099999845027898	3.6303000107407501	0.58780000339029304	0.99860000014305095	0.99990000128746004	0.93009999990463199	8.5600000000000005	7.4299999999999997	6	1	0
17:59773944|59731421(+)	1	0	0	1	0	0	1	1.73820000886917	1.6919999922625699	1.01530000865459	0.43459999784827202	0.99950000047683696	0.30210000122897301	0.62189999779220595	0.17269999560667201	8.3800000000000008	5.2400000000000002	3	1	0
17:59773885|59764971(+)	1	0	1	1	1	1	1	6.4941000759601497	2.7242000712081702	3.9531000226735999	4.8700000822544096	0.99929999709129302	0.73870000685565096	0.79630000069737406	0.89979999790666598	7.6100000000000003	9.2899999999999991	6	1	0
17:60460663|60466459(-)	1	0	1	1	1	1	1	5.15739987492561	2.1432999551296201	6.0512000560760502	4.2364999920129698	1	0.37910000345436801	1	0.61610000021755695	8.5899999999999999	9.7300000000000004	6	1	1
17:62033787|62035608(-)	1	0	1	1	1	0	0	5.2419999241828901	2.94049997404217	6.4833998084068298	2.6447999142110299	0.99990000128746004	0.83090001046657502	1	0.33870000229217101	5.5300000000000002	9.6600000000000001	6	1	1
17:63764016|63766194(-)	1	0	1	1	1	1	1	1.3888000100850999	0.069399999082088396	5.2744999557733498	3.3760999916121301	0.69399999082088404	0.0059999999473802704	0.96769999861717204	0.61049999981187197	10.24	8.0399999999999991	6	1	0
17:64212574|64214242(-)	1	0	1	1	1	0	0	2.9591999828815401	2.76950005516409	4.1443999141454597	2.9106999523937702	0.99980000257491997	0.66490000019548401	0.84320000167936004	0.63769999978831005	10.220000000000001	9.6899999999999995	6	1	1
17:65549520|65558736(-)	1	0	1	1	1	1	1	4.6980999708175597	4.5116000175476003	5.6265999346971496	4.4280999295413404	1	1	0.92319999933242802	0.71720000151544805	5.8399999999999999	11.08	5	1	0
17:66053736|66096632(-)	1	0	1	1	1	1	1	3.4691999673843301	2.1345999828539699	2.30420000106096	2.7518999978899901	1	0.60009999790927304	0.81269999751821098	0.61140000000595995	8.3399999999999999	9.9299999999999997	6	1	0
17:67948306|67945409(+)	1	0	1	1	1	0	0	2.6867000117897901	2.0041000157594602	4.6152000591158799	2.5967000547796402	0.98030000329017597	0.56980000342009496	0.86770000457763596	0.49120000265538599	10.77	12.19	6	1	0
17:67959875|67945409(+)	1	0	1	1	1	1	0	2.6867000117897901	2.0041000157594602	5.5450999289751	4.0903999753296301	0.98030000329017597	0.56980000342009496	0.99860000014305095	0.68939999728463497	6.4299999999999997	12.19	6	1	0
17:73236995|73235476(+)	1	0	1	1	1	1	1	1.54809999391436	1.0757000088691699	0.69739997386932295	0.92809998691081996	0.91969999670982305	0.79320000410079905	0.24740000288002101	0.39780000287573702	8.1400000000000006	10.07	6	1	1
17:75242336|75243570(-)	1	0	1	1	1	1	1	5.1914999708533198	1.87100000791251	5.5454000234603802	1.77150000366382	0.95630000233650203	0.282999999355524	1	0.22549999997718201	6.0300000000000002	5.1399999999999997	6	1	0
17:78404089|78400677(+)	1	0	1	1	1	1	1	4.9628000628203104	1.9610000573215001	6.1454998463392201	1.3462000101804701	0.88980000019073402	0.21309999933000601	0.89860000014305097	0.30679999719140999	9.0500000000000007	8.9700000000000006	5	1	0
17:81672155|81667729(+)	1	0	1	1	1	0	0	1.7277000010013499	0.90810001753270597	0.70650000646710398	0.58729999810457201	0.98900000452995296	0.202600002568215	0.286099999200087	0.179000000318046	10.859999999999999	8.8300000000000001	6	1	0
17:82568201|82563354(+)	1	0	1	1	1	1	1	4.5375000894069597	2.1532000876963102	5.8567999660968697	2.8237000223249198	0.91710000038146899	0.45459999422309899	0.92380000203847801	0.40989999992307202	9.0600000000000005	10.949999999999999	6	1	1
17:82587272|82563354(+)	1	0	1	1	1	1	1	4.5375000894069597	2.1532000876963102	2.3856000661849901	1.95189999639987	0.91710000038146899	0.45459999422309899	0.84090000987052904	0.50070000000996495	9.4800000000000004	10.949999999999999	7	1	1
17:82929500|82927905(+)	1	0	1	1	1	1	1	3.0965999804437101	1.6065000444650599	3.6992999158799602	3.0663000375032401	0.89829999804496696	0.30159999923780501	0.88790000081062304	0.51779999973950896	9.1999999999999993	10.58	5	1	1
18:199316|196637(+)	1	0	1	1	1	0	1	5.3587000697851099	3.8620999814942398	4.1266000226140003	3.24370000958442	0.99929999709129302	0.99610000848770097	0.97760000228881805	0.50750000010011698	8.9199999999999999	7.2699999999999996	6	1	0
18:204692|196637(+)	1	0	1	1	1	1	1	5.3587000697851099	3.8620999814942398	3.0153000116348201	2.5106000345200301	0.99929999709129302	0.99610000848770097	0.99930000305175704	0.98730000257492001	5.6699999999999999	7.2699999999999996	6	1	0
18:2951055|2960849(-)	1	0	1	1	1	0	0	3.8653999164700501	1.51840002089738	1.30529998168349	1.3629000013694099	0.91200000047683705	0.202700000023469	0.29989999807439699	0.30169999781064599	8.5999999999999996	7.6900000000000004	6	1	0
18:7955414|7949181(+)	1	0	1	1	1	0	0	3.7439999639987902	1.6119999459944601	6.8733000874519297	3.8281000256538298	0.84980000182986204	0.28830000291345598	0.90000000000000002	0.60060000000521496	10.1	4.8600000000000003	6	1	0
18:8720496|8714139(+)	1	0	1	0	0	0	0	0.43179999738931601	0.0060000032186508104	4.5535000294446899	2.0344000667333599	0.040600000671110997	0.00060000001685693799	0.99869999885559002	0.40000000000000002	7.0499999999999998	8.1799999999999997	3	1	0
18:9211784|9182382(+)	1	0	1	1	1	0	1	3.8006000041961601	2.86880002915859	6.9525999665260301	2.6925999879837001	1	0.96840000152587802	1	0.59729999899864195	10.77	9.5099999999999998	6	1	0
18:9216900|9182382(+)	1	0	1	1	1	0	1	3.8006000041961601	2.86880002915859	4.8324999824166301	4.3903999850153896	1	0.96840000152587802	0.99700000286102297	0.79909999499795903	9.1099999999999994	9.5099999999999998	6	1	1
18:9221999|9208657(+)	1	0	1	1	1	0	0	6.9763999104499801	3.52759998440742	5.5799000494182103	3.2080999786034199	1	0.99459999203681904	0.99649999737739503	0.77349999733269204	7.4400000000000004	4.1399999999999997	6	1	0
18:12493072|12546904(-)	1	0	1	1	1	0	1	4.1085999518632796	1.8141999557614299	2.1436000093817702	1.7937999583780699	0.88640000522136597	0.225099999387748	0.92160000205039905	0.55899999737739503	8.8300000000000001	9.1400000000000006	6	1	1
18:13008631|12999421(+)	1	0	1	1	1	0	1	2.6979999721050199	1.7584000200033101	1.3167999880504699	0.86040000393986704	0.99990000128746004	0.91570000052452005	0.38050000246148502	0.28240000187652098	8.5600000000000005	4.4400000000000004	6	1	0
18:13666479|13682105(-)	1	0	0	1	0	0	1	1.1147999912500299	1.24470002800226	2.4386999785900101	1.0656999912112901	0.67070000097155502	0.49660000130534099	0.999700003862381	0.68520000146236204	5.3899999999999997	5.8799999999999999	3	1	0
18:13681605|13682105(-)	1	0	1	1	1	1	1	1.1147999912500299	1.24470002800226	4.69930001497268	4.8511000156402497	0.67070000097155502	0.49660000130534099	0.99990000128746004	1	9.8200000000000003	5.8799999999999999	6	1	0
18:22949713|22936754(+)	1	0	1	1	1	1	0	0.40850000679492898	2.56739999055862	5.1902000069618204	2.6466000139713199	0.38170000349637101	0.79930000354070196	1	0.64479999616742101	11.109999999999999	7.3499999999999996	6	1	1
18:36026900|36033837(-)	1	0	1	1	1	1	1	4.0109000265598196	3.0078000079840401	4.8443999767303403	5.5996999278664497	1	0.71340000070631504	1	0.95250000357627795	4.8799999999999999	8.7899999999999991	6	1	1
18:47868323|47896809(-)	1	0	1	1	1	1	1	0.62119999080896304	2.4234999895095801	6.8441000908613203	2.8354999855160701	0.185899996885564	0.99820000529289199	0.999400001764297	0.41100000143051102	7.5099999999999998	7.46	7	1	0
18:51067187|51046920(+)	1	0	1	1	1	1	1	0.88330001235008204	1.0228999977	5.8628000885248097	2.9766000092029499	0.364099997514858	0.290899999986868	0.89969999919412602	0.66210000098217203	8.5399999999999991	14.93	6	1	0
18:54287411|54271360(+)	1	0	1	1	1	1	1	0.53339998964220203	0.82699999511241895	2.9962000310420902	1.8462000101804701	0.044200000166893003	0.29489999766228697	0.99449999928474397	0.456799998076166	9.9900000000000002	7.2800000000000002	6	1	0
18:57478848|57476437(+)	1	0	0	1	0	0	0	5.9076999187469399	2.2563999760895901	3.5174000382423398	3.5440000176429698	0.90030000000260701	0.20960000028135201	1	1	7.46	9.4100000000000001	2	1	1
18:76960855|76849526(+)	1	0	1	1	1	0	1	3.0709999889135302	2.9184000134467998	1.99039997681975	1.4779000531882001	0.99980000257491997	0.93840000033378601	0.50230000000446995	0.309000002394896	7.54	5.1600000000000001	6	0	0
19:965080|960092(+)	1	0	1	1	1	1	0	4.6346001446247103	1.5605000592768099	4.8154999017715401	2.3983999576419501	0.83899999996647201	0.29959999918937602	0.99980000257491997	0.623599997162818	10.51	9.9199999999999999	7	1	0
19:3623688|3624162(-)	1	0	1	1	1	0	0	0.185000023245811	0.12039999384433001	5.3796999573707502	2.3027000017464099	0.56850000619888297	0.20100000000093099	1	0.56089999522082501	7.9299999999999997	10.539999999999999	6	1	0
19:4409759|4408903(+)	1	0	1	1	1	0	1	3.4974999576807	1.3420000106096199	0.13679998293519	2.8452999971807	0.75140000032261001	0.41310000345110798	0.35130000635981501	0.64330000281333899	7.3600000000000003	9.9700000000000006	7	1	1
19:4432207|4430549(+)	1	0	1	1	1	1	1	5.5462997880764302	1.57629994470626	3.5532999306917099	3.7499999657273202	0.89940000027418099	0.20649999993620399	0.99990000128746004	0.67400000141933503	7.3600000000000003	8.6600000000000001	6	1	0
19:5047669|5039836(+)	1	0	1	1	1	1	1	5.1036000695079498	1.8050000533461501	6.2661999940872102	3.35040003955364	0.98069999814033504	0.26309999952791202	0.99520000219345095	0.68650000271154499	10.1	11.25	6	1	1
19:5144902|5131076(+)	1	0	1	1	1	1	1	1.875499984622	0.95410002525895798	4.2230000451207097	1.961300060153	0.78149999936576897	0.299599997093901	0.93899999856948801	0.49109999946085697	9.8800000000000008	11.59	6	1	1
19:6230570|6270759(-)	1	0	1	1	1	1	1	5.5452001154422703	2.69000001642853	5.7711000740528098	4.3880001068115204	0.899399999668821	0.341299999412149	0.90020000000949896	0.69969999839085995	7.9299999999999997	11.23	6	1	1
19:18175697|18175040(+)	1	0	1	1	1	1	1	-0.060900013893842697	0.74979999586939805	0.34830001145601203	1.06149999201297	0.13120000064373	0.297500002384185	0.28940000236034302	0.50819999794475701	7.4299999999999997	8.9199999999999999	7	1	0
19:18539371|18539720(-)	1	0	1	1	1	1	1	2.7145999573171098	2.0350999653339299	3.1349999815225602	2.5057999819517098	0.77200000425800597	0.39580000091809697	0.58419999945908696	0.540400001779198	9.2200000000000006	4.0300000000000002	6	1	0
19:19564933|19569584(-)	1	0	1	1	1	1	1	2.58920000791549	1.86429998502135	3.0858999937772702	1.4143999844789501	0.90049999970942696	0.79510000160662397	0.8989999987185	0.311599999270401	10.9	4.9400000000000004	6	1	0
19:38088851|38081256(+)	1	0	1	1	1	0	0	0.24620006531476901	1.0621000133454701	4.76780004799366	1.8261999920010501	0.58479999736882704	0.30540000023320302	0.87630000114440898	0.38059999938122901	9.6500000000000004	10.699999999999999	6	1	0
19:38119882|38106537(+)	1	0	1	1	1	0	1	5.4764000169932796	2.545399992913	4.2483000501990302	3.0039000347256599	0.78650000141933496	0.52489999919198405	0.78739999793469895	0.51250000279396701	10.51	6.9199999999999999	6	1	0
19:38142710|38141184(+)	1	0	1	1	1	1	0	2.5851000189781099	1.4942000105977	3.6614999577403	1.86509998142719	0.79790000184439103	0.30490000224672198	0.96480000019073398	0.53080000000772998	7.0899999999999999	8.1300000000000008	6	1	0
19:40583717|40583398(+)	1	0	1	1	1	1	1	5.1197000861167901	1.8604000613093301	5.6371998667716898	3.01260002106428	0.99929999709129302	0.244300000637304	0.901400001719594	0.67239999900339098	5.3399999999999999	10.619999999999999	6	1	0
19:47093970|47094608(-)	1	0	1	1	1	1	0	5.0971000418066899	2.0992000311612999	2.2026000000536401	2.5782999977469401	0.94270000159740397	0.68459999710321395	0.48820000131381602	0.60000000258441999	10.9	4.5599999999999996	7	1	0
19:47362693|47362476(+)	1	0	1	1	1	1	1	6.1036999687552402	1.5007000043988199	5.0604999959468797	0.95930006504058796	0.99909999966621399	0.24059999883174801	0.90010000000474899	0.470500005583744	10.07	8.8399999999999999	6	1	0
19:52076044|52089002(-)	1	0	1	1	1	1	1	0.26080000549554799	0.135400004684925	-0.25190000105649202	-0.110100007057189	0.36989999711513499	0.41269999742507901	0	0.00020000000949948999	10.1	8.1500000000000004	6	1	0
19:54458521|54458314(+)	1	0	1	1	1	1	0	4.7432000070810298	1.04749997276812	5.6770999670028601	3.9655999895185201	0.999400001764297	0.23140000104904099	1	0.81749999821186004	7.6900000000000004	5.5700000000000003	5	1	1
19:58393487|58392976(+)	1	0	1	1	1	1	1	5.3160999327898004	1.3094000346958601	4.3573000252246796	1.80420003160834	0.89020000100135799	0.29889999757287999	0.90010000000474899	0.55049999710172404	9.5999999999999996	8.7200000000000006	6	1	1
2:9368519|9350808(+)	1	0	1	1	1	0	1	4.8268999945605104	2.0975000265054402	6.4180999994277901	3.4962999811861599	0.96480000019073398	0.257500001555308	0.93519999980926505	0.60160000007599501	8.3100000000000005	9.8000000000000007	6	1	1
2:10788697|10790833(-)	1	0	1	1	1	1	1	4.6618000701069802	2.1510000601410799	6.6559000618755801	3.2011000320315302	0.81430000662803603	0.63649999757762998	0.99649999737739503	0.61309999972581797	9.6500000000000004	4.75	6	1	0
2:15424315|15511350(-)	1	0	1	1	1	1	0	3.1379000285640299	2.2536000348627501	3.0002999931573799	2.1727000035345498	0.96269999742507895	0.42279999647289501	0.40389999789185799	0.50019999705255003	10.07	8.7899999999999991	6	1	0
2:15461201|15478289(-)	1	0	1	1	1	1	1	3.5621000453829699	1.8574000112712299	5.0431000351905801	2.6113000208511901	0.92239999771118097	0.509700000367593	0.90060000000521501	0.52609999574487998	7.1200000000000001	5.7400000000000002	6	1	0
2:20254863|20256170(-)	1	0	1	1	1	0	0	5.7468999981880096	3.3229000210762001	7.1403000831604002	2.0773999780416399	1	0.50149999745190099	1	0.34709999988554002	8.3499999999999996	10.960000000000001	6	1	0
2:20307978|20318645(-)	1	0	1	1	1	0	1	5.7186000347137398	2.3584000274538899	4.3289000123739196	3.0517999801784699	1	0.49240000039571802	0.92939999997615796	0.70839999970048595	8.8300000000000001	7.0999999999999996	6	1	0
2:20307978|20327378(-)	1	0	1	1	1	0	1	4.51830002665519	2.3967999526299502	4.3289000123739196	3.0517999801784699	1	0.321299999579787	0.92939999997615796	0.70839999970048595	8.8300000000000001	10.43	6	1	0
2:24564430|24554389(+)	1	0	1	1	1	1	1	0.13480000048875801	-0.166299998760223	1.7041999995708399	1.60750000178813	0.124200002104043	0.0095000001485459496	0.99990000128746004	0.74489999935030904	7.6299999999999999	11.279999999999999	6	1	0
2:28799433|28752038(+)	1	0	0	1	0	0	1	1.8424999878741799	1.7304000128060499	5.1169000864028904	5.4237000465392997	0.86939999759197195	0.99919999837875295	1	1	6.2300000000000004	5.8499999999999996	3	1	1
2:29135666|29121374(+)	1	0	1	1	1	1	1	2.8554999649524602	1.1567000336944999	4.0613999515771804	3.7477999597787801	1	0.21590000053402	0.99929999709129302	0.686700000613927	9.2100000000000009	11.48	6	1	1
2:32388943|32377588(+)	1	0	1	1	1	0	0	5.7681000202894204	2.9872999578714299	6.7599998116493198	3.2831999219953998	0.99919999837875295	0.69019999839365398	1	0.69400000586174404	9.4600000000000009	8.3800000000000008	6	1	1
2:32416163|32414769(+)	1	0	1	1	1	0	0	4.4025000140070896	2.5194001041352698	6.9705998152494404	3.5080999311059702	0.98470000028610205	0.63169999271631205	0.99890000224113396	0.54190000004600702	11	7.3899999999999997	5	1	1
2:32611582|32607455(+)	1	0	1	1	1	0	0	5.9515999972820204	2.2029000159352998	5.6759001642465501	2.67520004063844	1	0.21270000031217901	0.89329999685287398	0.59829999980283899	10.470000000000001	12	6	1	1
2:36442735|36358904(+)	1	0	1	1	1	1	1	0.27480000816285599	-0.0240999981760978	4.2506000161170903	2.5826000198721801	0.043799999274779101	0	0.90550000146031295	0.48520000511780298	8.5399999999999991	7.4699999999999998	3	1	0
2:36396787|36378357(+)	1	0	1	1	0	1	1	0.225899992883205	0.45169999827630802	5.3135000705718998	2.9591999584808901	0.016800000017974499	0.0058999999309889903	1	0.53139999955892503	10.220000000000001	8.2599999999999998	3	1	0
2:36464655|36396614(+)	1	0	1	1	1	1	1	5.8887001037597599	3.4500000298023199	5.4477999925613396	4.5449999853968599	1	0.97200000286102295	1	0.99879999756812998	9.8900000000000006	7.7000000000000002	6	1	1
2:36479694|36396614(+)	1	0	1	1	1	0	1	5.8887001037597599	3.4500000298023199	6.51360003501176	2.32600001767277	1	0.97200000286102295	0.898800001433119	0.40330000127432802	8.8800000000000008	7.7000000000000002	6	1	1
2:36464655|36441258(+)	1	0	1	1	1	1	1	5.2153999567031804	3.0929999910295001	5.4477999925613396	4.5449999853968599	1	0.94579999446868901	1	0.99879999756812998	9.8900000000000006	10.539999999999999	5	1	1
2:43912432|43925961(-)	1	0	1	1	1	0	1	5.1927000134251999	2.26269999146461	1.5524000078439699	3.2603999421000398	0.99190000295639003	0.332300001103431	0.575200003385543	0.62410000021336598	8.5399999999999991	8.5199999999999996	6	1	1
2:44401206|44390241(+)	1	0	0	1	0	0	0	0.70129999294876999	1.93660002201795	1.08359998613595	1.19470000714063	0.21349999820813501	0.75489999947603703	0.912199999392032	0.99570000171661299	8.1699999999999999	8.5800000000000001	3	1	1
2:47818779|47819078(-)	1	0	1	1	1	1	0	6.1884001344442296	3.3846000164747201	6.3382000789977599	3.01020000725984	0.99900000095367403	0.98759999871253901	0.98550000190734799	0.64210000038146897	8.8800000000000008	4.71	6	1	0
2:48511468|48498493(+)	1	0	1	1	1	1	1	5.3097999513149201	1.9192999653518199	4.62259999811649	2.4086000308394402	1	0.58820000081322998	0.99909999966621399	0.32549999933689799	9.7899999999999991	9.3200000000000003	6	1	0
2:53895007|53901559(-)	1	0	1	1	1	0	0	5.8536000370979302	2.2049000367522198	3.79570007324218	2.34880007654428	0.99980000257491997	0.29889999771257802	0.96819999814033497	0.48330000224523201	9.8499999999999996	10.039999999999999	6	1	0
2:58159650|58165874(-)	1	0	0	1	0	0	1	3.3782999992370599	2.8510999917983999	1.6265000104904099	0.41299998722970399	0.88410000130534105	0.85399999581277297	0.49929999727755697	0.044399999629240398	9.4600000000000009	8.1999999999999993	3	1	0
2:60792289|60786947(+)	1	0	1	1	1	0	0	5.0406000837683598	2.6261000692844298	3.0887000024318598	1.76120001003146	0.99279999732971103	0.59900000066263603	0.681000000238418	0.49379999823868198	6.4299999999999997	12.16	6	1	0
2:61482380|61490776(-)	1	0	1	1	1	1	1	6.0723000291734897	3.0399999761953902	5.5374000573530697	3.1179999630898201	0.871299999952316	0.89059999585151595	0.99539999961852998	0.60500000265892595	1.1899999999999999	8.7100000000000009	6	1	0
2:61485768|61490776(-)	1	0	1	1	1	1	1	6.0723000291734897	3.0399999761953902	6.7083000183105401	2.23520004563033	0.871299999952316	0.89059999585151595	1	0.64700000584125505	6.6399999999999997	8.7100000000000009	6	1	0
2:61873002|61883548(-)	1	0	1	1	1	1	1	5.69099994897842	0.92009999193251102	4.1620000401511703	2.4824000209569901	0.99980000257491997	0.20050000001210699	0.97670000195503204	0.52799999769776995	8.9199999999999999	8.7100000000000009	6	1	0
2:62000982|62000701(+)	1	0	1	1	1	1	0	4.0861999288201298	1.98669997155666	3.3671999692916801	2.6363999441265999	0.89900000095367405	0.288399997516535	0.64259999766945797	0.67280000027967601	10.67	8.9499999999999993	6	1	0
2:63433745|63439871(-)	1	0	1	1	1	1	1	4.1891000440809796	3.1956999853253301	2.92779999375343	2.5355999898165398	0.99609999656677195	0.98180000185966398	0.95400000214576697	0.77939999746158695	8.3900000000000006	6	6	1	0
2:63962058|63984019(-)	1	0	1	1	1	0	0	3.1236000061035099	2.0599000010639399	6.7118000507354703	2.79499998092651	1	0.71989999823272199	1	0.60090000173076896	9.1999999999999993	8.4900000000000002	6	1	0
2:63962058|64004659(-)	1	0	1	1	1	0	1	0.249599986895918	0.26899998886510701	6.7118000507354703	2.79499998092651	0.0142000000691041	0.010700000077486	1	0.60090000173076896	9.1999999999999993	0.89000000000000001	3	1	0
2:64553409|64551443(+)	1	0	1	1	1	1	0	2.1836000315379298	1.52359999716281	2.4338000208139401	1.7448000058531701	0.99550000429153396	0.200900000042747	0.99980000257491997	0.63229999663308201	7.5099999999999998	13.4	6	1	0
2:68186468|68188690(-)	1	0	1	1	1	0	0	6.4997000351548104	3.0475000053644101	6.0778999686241102	4.0799999736249397	0.94850000143051105	0.98069999814033504	1	0.68700000168755604	8.5600000000000005	9.8399999999999999	7	1	0
2:75518056|75522487(-)	1	0	1	1	1	0	1	0.88600000292062697	1.82549999952316	2.6023000061511898	1.9645000129938099	0.98589999675750695	0.86690000295639003	1	0.80050000175833702	10.279999999999999	11.67	6	1	0
2:76142207|76080251(+)	1	0	0	1	0	0	1	1.88279998973011	1.54229998886585	-0.22490000538527899	0.15659999102354	0.88910000501200503	0.92379999756813003	0.00020000000949948999	0.0011000000522471899	6.2300000000000004	8.3100000000000005	2	1	0
2:84425415|84449752(-)	1	0	1	1	1	1	1	3.07220002710819	2.21389996707439	5.20880002975463	2.06780007779598	0.99959999918937603	0.55099999373778696	0.89990000257966996	0.59350000163540195	9.5999999999999996	7.8200000000000003	6	1	0
2:85049648|85027889(+)	1	0	1	1	1	0	1	7.8142001152038496	3.0503000095486601	4.0243999958038303	2.1974000230431501	1	0.85870000422000803	0.96530000567436203	0.39839999804971699	6.7699999999999996	10.050000000000001	6	1	0
2:96829134|96825058(+)	1	0	1	1	1	1	1	5.9510998308658598	1.9082999765872899	0.773399995267391	0.87740001827478398	0.80760000040754598	0.29279999732971101	0.30720000034198103	0.41059999987482998	10.67	11.119999999999999	6	1	1
2:108856970|108839185(+)	1	0	1	1	1	1	1	2.4862000316381399	1.3861999832093701	2.83520005564205	2.8261000275611798	0.973999994993209	0.241199999453965	0.98679999709129296	0.71899999827146499	8.7799999999999994	7.6399999999999997	6	1	0
2:109564366|109567976(-)	1	0	1	1	1	1	1	5.8894998058676702	1.9451999679207801	3.7471999555826101	1.3122000277042301	0.99620000123977603	0.33009999911300802	0.84039999842643698	0.20190000003203701	9.4600000000000009	10.24	5	1	0
2:120175004|120127688(+)	1	0	0	1	0	0	0	1.0583000034093799	0.988500019907951	0.465699993260204	0.42609999403357501	0.990100002288818	0.36149999592453202	0.113399998843669	0.18560000529978399	6.0199999999999996	9.9399999999999995	3	1	0
2:127989564|128000454(-)	1	0	1	1	1	0	1	3.1180000677704802	1.5016000151634199	4.53629992823116	2.7801000025589002	0.87540000258013595	0.30819999909726897	0.957599997520446	0.691999997466336	8.5500000000000007	8.0899999999999999	6	1	0
2:128171284|128164730(+)	1	0	1	1	1	1	0	5.3560001760721203	2.2714000672101902	5.8514999270439096	2.55749992765486	0.98269999623298598	0.60059999777004103	1	0.50350000056205302	8.3800000000000008	9.9700000000000006	6	1	0
2:131140275|131125753(+)	1	0	1	1	1	1	1	4.9569999814033503	1.92769997566938	2.8468000054359401	1.7152000019326801	0.99929999709129302	0.20860000001266599	0.89889999757287997	0.40059999786317302	8.6300000000000008	11.140000000000001	7	1	0
2:135605016|135602500(+)	1	0	1	1	1	1	1	1.9979999810457201	2.42010004697367	3.8658000588417001	2.7389000352471999	0.99709999561309803	0.78540000109933295	1	0.49400000153109402	7.8200000000000003	11.1	6	1	1
2:135680324|135645379(+)	1	0	1	1	1	0	1	6.2711999110877503	2.61229998767375	4.3676000177860201	2.8415999826043801	0.97960000038146899	0.75050000473856904	1	0.61139999823644697	10.470000000000001	11.33	7	1	1
2:147972739|147982081(-)	1	0	1	1	1	1	1	0.21850000321865001	0.27919999733567202	3.5995999738574	2.1006999552249899	0.00200000003678724	0.114599999785423	0.99900000095367403	0.446999999985564	4.79	6.0300000000000002	6	1	0
2:148342336|148233245(+)	1	0	1	1	1	0	1	1.71690003126859	2.091600009799	1.5007000058889299	1.4787999844178501	0.99550000429153396	0.99980000257491997	0.99810000658035203	0.62829999807290704	10.08	9.0700000000000003	4	1	1
2:152144888|152148300(-)	1	0	1	1	1	1	0	4.1296000882983197	2.1986000187695001	4.3061999797821002	1.7959999926388199	0.83229999979957903	0.33940000087022698	1	0.63579999804496701	8.8800000000000008	11.48	6	1	0
2:159748903|159743061(+)	1	0	1	1	1	1	0	1.5661999776959401	1.0533000141382201	5.27759998440742	2.5253999680280601	0.95450000762939402	0.200200000009499	1	0.67550000081537198	8.3900000000000006	4.9699999999999998	6	1	0
2:159752571|159743061(+)	1	0	1	1	1	1	0	1.5661999776959401	1.0533000141382201	5.9380000948905902	3.5316000036895199	0.95450000762939402	0.200200000009499	1	0.57840000092983201	9.4499999999999993	4.9699999999999998	6	1	1
2:161224746|161179614(+)	1	0	1	1	1	0	1	1.02560000568628	2.3532999739050799	1.9945000030100299	1.91560000702738	0.91660000085830595	0.96519999504089304	0.96600000262260399	0.95230000615119903	9.4499999999999993	10.35	6	1	1
2:168129541|168182090(-)	1	0	1	1	1	1	0	5.3446999423205801	3.0613999232649798	5.3729000210761999	2.6940000593662199	0.94789999723434404	0.65200000067707098	1	0.50410000253468701	11	9.9700000000000006	6	1	1
2:168161787|168182090(-)	1	0	1	1	1	0	0	5.3446999423205801	3.0613999232649798	6.1150999665260297	2.4496000437065901	0.94789999723434404	0.65200000067707098	1	0.458300001826137	9.6500000000000004	9.9700000000000006	6	1	1
2:171337453|171339554(-)	1	0	1	1	1	1	1	3.9005000054836199	2.7487999737262698	1.45079999715089	2.9216000556945798	0.99990000128746004	0.69640000127255897	0.99499999880790702	0.84850000441074303	6.0499999999999998	9.6400000000000006	6	1	1
2:171966949|171925537(+)	1	0	1	1	1	0	1	3.07010000944137	1.33310003895312	6.9607000350952104	2.8531999349594099	1	0.37039999915286898	1	0.60670000107493205	9.8000000000000007	7.6600000000000001	5	1	0
2:171976308|171925537(+)	1	0	1	1	1	0	1	3.07010000944137	1.33310003895312	6.4509000658988898	3.46750004179775	1	0.37039999915286898	0.999400001764297	0.93150000274181299	7.6399999999999997	7.6600000000000001	5	1	0
2:173918593|173956232(-)	1	0	1	1	1	0	1	4.2003000319004	3.5475000143051099	4.8095000326633404	3.6552000313997199	1	0.99840000271797102	0.99959999918937603	0.98530000448226895	9.5500000000000007	8.4299999999999997	6	1	1
2:175111568|175121540(-)	1	0	1	1	1	1	1	6.9463000535964898	4.88070003986358	5.5386999577283804	2.8767000310122901	1	1	0.99980000257491997	0.623500006040558	9.2599999999999998	7.1600000000000001	6	1	1
2:178542361|178535732(+)	1	0	1	1	1	1	1	5.4814000457525198	6.5983001232147203	3.9178001016378401	3.3696999981999398	0.91049999967217399	1	0.83000000119209205	0.90160000137984697	11.109999999999999	10.27	6	1	0
2:190670459|190659158(+)	1	0	1	1	1	1	1	1.1424999918788601	2.3356999360024902	5.2734999597072596	4.0967000663280402	0.57340000718831996	0.65399999925866703	0.99969999790191599	0.62890000194311102	10.08	10.73	6	1	0
2:190924593|190899117(+)	1	0	1	0	0	1	0	-0.330999996326863	-0.049000018090009603	6.1376999557018204	2.7709999628365001	0.0012000000220723399	0.00130000003846362	1	0.68399999714456405	6.9900000000000002	2.4500000000000002	3	1	0
2:195683906|195680032(+)	1	0	1	1	1	1	1	2.59609998911619	1.3618999995291201	3.3144999891519502	2.87179996967315	0.98460000157356198	0.637300001084804	0.999400001764297	0.92800000011920902	10.77	10.15	6	1	0
2:199348701|199381820(-)	1	0	1	1	1	1	1	5.5665000557899402	3.58260008096694	6.34789987802505	3.1269000217318501	1	0.99810000061988802	1	0.39139999960316302	7.0899999999999999	12.43	6	1	1
2:199368605|199433514(-)	1	0	1	1	1	1	1	5.8799998521804797	2.4378999531268999	5.7940000772476097	2.4805999957024998	1	0.60340000101132296	1	0.412800000049173	8.1400000000000006	9.5899999999999999	6	1	1
2:201760881|201761818(-)	1	0	1	1	1	1	0	4.5602000085636902	2.1238000005483602	1.7579000152647399	1.62050000587478	0.98399999737739496	0.42570000122068402	0.345400000992231	0.71510000824928199	8.1600000000000001	10.789999999999999	6	1	0
2:202467689|202464809(+)	1	0	1	1	1	0	0	4.2867999672889701	2.2725000441074301	2.9850999653339301	3.5592000246047899	0.90460000000894003	0.62770000770687995	1	0.60690000131726196	9.1400000000000006	9.3200000000000003	6	1	1
2:203417081|203380208(+)	1	0	1	1	1	1	1	7.2535000145435298	3.8873999863862898	6.2033997751772398	2.4162999574095001	0.91199999973177903	0.87100000083446505	0.99179999828338605	0.42689999965950798	10.449999999999999	8.6199999999999992	6	1	1
2:206127797|206130242(-)	1	0	1	1	1	1	1	4.9440000414848297	2.5728999897837599	5.3507000413723196	2.36110001206398	1	0.66410000175237605	0.96009999513626099	0.32480000052601099	5.96	8.0800000000000001	5	1	1
2:207976651|207977586(-)	1	0	1	1	1	1	1	2.39010000526905	3.0988999903201999	6.2188999891281096	2.5529999554157201	0.99359999299049295	0.75760000348091106	1	0.408699997887015	9.4600000000000009	12.029999999999999	6	1	1
2:214752447|214797117(-)	1	0	1	1	1	1	1	0.79539999766275205	1.9046000391244799	0.50830000191926905	3.1152999460697099	0.329699996183626	0.999100005626678	0.0054000001982785701	0.95190000534057595	8.0099999999999998	7.4699999999999998	6	1	1
2:214780560|214797117(-)	1	0	1	1	1	1	1	0.79539999766275205	1.9046000391244799	3.7153999865055001	1.8770999692380399	0.329699996183626	0.999100005626678	0.92540000081062301	0.31890000045532302	9.4499999999999993	7.4699999999999998	6	1	1
2:216277672|216283729(-)	1	0	1	1	1	0	0	5.1962000489234903	2.9449000135064098	6.9419000148773096	3.79119997769594	0.99900000095367403	0.99440000653266902	1	0.73639999851584403	5.5599999999999996	14.23	7	1	1
2:218435434|218434526(+)	1	0	1	1	1	0	1	4.2959000565111598	1.5884000096470099	2.88890001028776	1.57519997954368	0.91850000023841805	0.29270000120159201	0.55930000076768904	0.41589999971911301	8.7699999999999996	12.08	6	1	0
2:224535528|224557856(-)	1	0	1	1	1	1	1	7.0896999478340099	3.4589999951887802	6.6446000665426199	2.97769997119903	1	0.94810000061988797	0.99860000014305095	0.667699998617172	11.01	7.1600000000000001	6	1	1
2:227524915|227519948(+)	1	0	1	1	1	0	0	6.6473998844623496	3.0358999777585201	4.8643999516963898	2.7451000079512502	0.99950000047683696	0.81199999898672104	0.99990000128746004	0.59130000025033902	10.859999999999999	9.5999999999999996	6	1	1
2:229858772|229880128(-)	1	0	1	1	1	1	0	8.0495999336242594	3.3128999933600398	6.4354001283645603	3.6253000371158102	1	0.58419999941252099	1	0.62169999927282305	10.08	9.7899999999999991	6	1	1
2:233452060|233449982(+)	1	0	1	1	1	0	1	5.0962001696228896	1.6332000840455201	3.9373999968171098	5.0610999487340402	0.79139999710023401	0.20379999987781	0.95370000004768296	0.90030000517144804	7.21	8.0800000000000001	6	1	0
2:235750488|235740963(+)	1	0	1	1	1	0	0	6.18999996706843	4.1424999594688403	6.2682999862357898	1.60700002722442	0.99819999933242798	1	0.912600001692771	0.24259999990463199	7.7599999999999998	10.51	6	1	1
2:235968623|235930765(+)	1	0	1	1	1	0	1	3.90219997167587	3.7204000055789899	5.1802001416683199	2.8237000465393001	1	0.99929999709129302	0.80860000252723696	0.600499998405575	10.51	7.8899999999999997	6	1	1
2:238173534|238185287(-)	1	0	1	1	1	1	1	2.5226000189781099	2.2030999694019502	5.4581000626087102	1.36850004196167	0.73649999834597102	0.80910000251606096	0.99359999895095796	0.48930000289110398	8.5899999999999999	9.1199999999999992	6	1	1
2:238182065|238185287(-)	1	0	1	1	1	0	1	2.5226000189781099	2.2030999694019502	4.65100001096725	1.7577000021934499	0.73649999834597102	0.80910000251606096	0.801300000026822	0.419600000034552	8.6600000000000001	9.1199999999999992	6	1	0
2:238182065|238194870(-)	1	0	1	1	1	0	1	1.3789000093936901	1.7722999991849	4.65100001096725	1.7577000021934499	0.79840000122785504	0.61089999899268099	0.801300000026822	0.419600000034552	8.6600000000000001	9.7799999999999994	6	1	1
2:241418109|241403828(+)	1	0	1	1	1	1	1	1.8628999710083001	0.78479998856782895	5.38279997110366	2.4723999552428699	0.73040000200271604	0.24259999990463199	0.86349999904632502	0.74369999943301002	9.8800000000000008	9.5600000000000005	6	1	1
20:3218994|3218517(+)	1	0	0	1	0	0	1	3.64730008170008	0.970700079202652	0.40560000557452403	-0.024700001231394701	0.99139999747276297	0.280299997329711	0.00180000007385388	0.00030000001424923501	5.1900000000000004	10.539999999999999	2	1	0
20:31797515|31782249(+)	1	0	1	1	1	1	0	0.77590000182390195	1.6651000179350299	0.72810000553727094	1.38109997902065	0.131299995770677	0.53119999496266201	0.22420000224374201	0.31660000270930999	0.52000000000000002	10.26	6	1	0
20:32369123|32366384(+)	1	0	1	1	1	0	0	5.2291999816894501	3.14869999289512	4.4026000782847401	2.1679000318050301	0.87520000264048503	0.90730000436306002	0.96129999756813	0.64610000768443498	11	7.5099999999999998	6	1	1
20:34492597|34470048(+)	1	0	1	1	1	0	1	5.6359998714178801	2.7186999499797802	6.7381999373435901	3.0304000064730601	0.96290000081062299	0.46740000302670498	0.99850000143051099	0.65640000234125095	7.4299999999999997	8.8399999999999999	6	1	1
20:35801605|35800094(+)	1	0	1	1	1	1	1	-0.30000000167638002	0.22489999532699501	5.3131999492645203	3.2039999783039002	0.0017000000458210699	0.0048000000533647801	1	0.85479999909875903	4.7400000000000002	6.71	6	1	0
20:35858381|35842573(+)	1	0	1	1	1	1	0	5.5703999340534196	2.40979997217655	5.1644001007079998	3.2581000447273198	1	0.67079999763518505	1	0.98919999599456698	9.2200000000000006	10.26	6	1	1
20:36793249|36839441(-)	1	0	1	1	1	1	0	5.0007000684738099	1.5724000141024499	2.47340003848075	1.0864000082015901	0.80080000002635598	0.299199998378753	0.87910000085830597	0.29940000176429699	9.6500000000000004	13.81	6	1	0
20:37184373|37184180(+)	1	0	1	1	1	1	1	2.33039997816085	1.3900999799370699	2.84329997226595	1.7961999803781501	1	0.43349999894853603	0.97579999566078102	0.49500000318512299	10.51	6.8899999999999997	5	1	1
20:38066256|38057532(+)	1	0	1	1	1	0	1	3.5952000364661201	0.91469999253749801	5.3109000995755196	3.72559999041259	0.96960000395774804	0.32399999926565198	0.99219999909400902	0.76750000119209205	10.029999999999999	7.6699999999999999	6	1	1
20:38066256|38065803(+)	1	0	1	0	0	0	0	1.1382000073790499	0.69780000112950802	5.3109000995755196	3.72559999041259	0.39860000319313199	0.70650000234600097	0.99219999909400902	0.76750000119209205	10.029999999999999	6.1200000000000001	3	1	0
20:41202057|41205066(-)	1	0	1	1	1	1	0	1.1764999911189	1.3523999959230399	2.2261000245809499	2.8749000245705201	0.96290000081062299	0.681299996376037	0.89020000994205395	0.60130000057397404	10.48	12.01	6	1	1
20:43700044|43686852(+)	1	0	1	1	1	1	1	5.8540000498294802	2.11990004833787	3.3364999711513499	2.3234000097960199	0.87729999870061803	0.20709999998798501	0.90020000129006805	0.98949999809265099	9.2200000000000006	1.4299999999999999	7	1	0
20:43702903|43702490(+)	1	0	1	1	1	1	1	4.2450999617576599	2.2215999804437101	5.1548999886959699	2.3206999868154501	0.79949999838136099	0.80089999437332104	0.811299998313188	0.40029999874532202	9.7300000000000004	10.06	6	1	0
20:43705358|43702490(+)	1	0	1	1	1	1	1	4.2450999617576599	2.2215999804437101	2.9494999729096798	4.1248999722301898	0.79949999838136099	0.80089999437332104	0.890800005197525	0.81000000089406898	7.5499999999999998	10.06	7	1	1
20:45848450|45855292(-)	1	0	1	1	1	1	1	3.1630000032484502	2.74499996006488	3.0414999656379198	2.8543999449349902	0.96609999537467905	0.99449999332427896	0.98249999880790695	0.520100001140963	8.6799999999999997	12.85	6	1	1
20:47262288|47283648(-)	1	0	1	1	1	1	0	7.2068998813629097	3.6401000142097399	4.0378999128937698	3.0621999457478499	1	0.88769999668002098	0.973999994993209	0.59999999999999998	4.6799999999999997	10.15	6	1	1
20:48952884|48951323(+)	1	0	1	1	1	0	0	6.4809000879526097	2.1717999935150099	5.1249000132083804	2.9884000122547101	0.935800001025199	0.213099999877158	0.99990000128746004	0.62599999904632497	8.9499999999999993	12	6	1	0
20:51656938|51676208(-)	1	0	1	1	1	0	0	4.3794999260455301	1.6756999887526001	5.9011000595986802	1.4658999830484301	0.78400000333786002	0.20310000003082601	0.89710000157356196	0.49540000259876199	7.2000000000000002	14.33	6	1	1
20:54157169|54171670(-)	1	0	1	1	1	1	1	3.5148999363183902	1.7365999825298699	0.59589998424053103	0.75639996826648703	0.81339999912306604	0.323199998936615	0.234100000490434	0.48930000374093602	9.5999999999999996	10.109999999999999	6	1	0
20:55468214|55438129(+)	1	0	1	1	1	0	1	0.40649999119341301	-0.42279999777674598	-0.24260000074282201	-0.23949999138712799	0.000500000023748725	0.00020000000949948999	0.00080000002635642804	0	8.7599999999999998	8.9499999999999993	2	0	0
20:56381433|56386533(-)	1	0	1	1	1	1	1	-0.65020000226795605	0.79779999088495901	3.7597000166773702	2.9797000110149301	0.000100000004749745	0.20740000096848199	0.92549999952316198	0.61620000023394805	8.5899999999999999	11.08	6	1	0
20:58441083|58438945(+)	1	0	1	1	1	1	1	7.8522999167442302	3.5537999510764999	3.1840999722480698	2.2949000433087301	1	1	0.99920000433921796	0.40289999991655301	8.4900000000000002	5.6100000000000003	6	1	0
20:61997550|62014707(-)	1	0	1	1	1	0	0	6.1408001184463501	2.58039999008178	3.16949996091425	1.9782999917864701	1	0.64259999950881996	0.69389999767299704	0.30320000050123702	9.4000000000000004	9.2100000000000009	6	1	1
20:62139075|62140944(-)	1	0	1	1	1	1	1	4.7243999704718496	1.9308000266551899	6.15680006444454	2.5511000275611799	0.89250000248430295	0.59630000591277998	0.91500000059604603	0.51890000058338004	10.470000000000001	4.7000000000000002	6	1	1
20:63202287|63203807(-)	1	0	1	1	1	1	1	4.2529000520706104	3.32710006665438	4.4922000605612897	2.59830002179369	0.99980000257491997	0.64800000321119999	0.98930000066757195	0.49919999903067902	9.1600000000000001	10.220000000000001	6	1	1
20:63775678|63790790(-)	1	0	1	1	1	1	1	1.3447000175714401	2.2541999969631399	4.3607000350952099	4.3791999675333502	0.36759999990463199	0.30220000003464498	0.82700000032782495	0.69199999799020495	9.0899999999999999	10.52	6	1	1
21:15842540|15833348(+)	1	0	1	1	1	1	1	4.5067000076174697	2.9585999824106599	2.8643000006675701	4.2104999773204304	0.97670000195503204	0.99709999561309803	0.999400001764297	0.99229999780654898	10.529999999999999	4.5800000000000001	6	1	0
21:33432871|33432177(+)	1	0	1	1	1	0	1	0.41109999343752801	-0.29439997151494002	1.96730002313852	0.42430002503096997	0.14249999634921501	0.19450000057695399	0.868099995236843	0.27889999859034997	10.199999999999999	8.0299999999999994	5	1	0
21:36248568|36247517(+)	1	0	1	1	1	1	0	1.3990000061690799	1.9208000317215901	4.5374999165534904	3.0728000432252802	0.64710000301711201	0.21370000021997801	1	0.69850000243168298	6.9100000000000001	9.0899999999999999	6	1	0
21:36372531|36362183(+)	1	0	1	1	1	0	1	1.9418000340461701	1.00690001100301	4.0777999378740697	1.9283000100404	1	0.29539999896660402	0.99919999837875295	0.42890000303741499	8.4900000000000002	8.0999999999999996	6	1	1
21:36754176|36767285(-)	1	0	0	1	0	0	0	4.1060000360012001	2.4319999545812601	-0.35359999835491102	-1.0725000083446501	0.970899999141693	0.73769999871728897	0	0	3.8100000000000001	7.9299999999999997	3	1	0
21:37496258|37472684(+)	1	0	1	1	1	0	0	8.6695999622344893	2.2874999672174399	7.2819001197814899	3.12580002434551	1	0.46070000231266001	1	0.61750000100582803	5.1600000000000001	8.5999999999999996	6	1	1
21:41257326|41226266(+)	1	0	1	1	1	1	1	2.0088999824598401	1.0102999925613401	3.9927999816834898	2.70800004899501	0.99900000095367403	0.35920000784099099	0.996600002050399	0.49819999933242798	9.5999999999999996	0.19	6	1	1
21:41257326|41237513(+)	1	0	1	1	1	1	1	2.7113000081852001	1.74549996964633	3.9927999816834898	2.70800004899501	0.878999996185302	0.285500000417232	0.996600002050399	0.49819999933242798	9.5999999999999996	13.699999999999999	6	1	1
21:45134832|45128402(+)	1	0	1	1	1	1	1	-0.23349999710917399	-0.025600004196166901	-0.83770001009106598	-0.32319999635219498	0.17439999608322901	0.29299999863142101	0.00070000000996515098	0.0021000000648200498	8.9399999999999995	5.4500000000000002	6	1	0
22:17885878|17906886(-)	1	0	1	1	1	0	0	1.2739000082015901	1.5465000122785499	4.4005000293254799	2.0651999384164799	0.87319999933242798	0.59470000341534601	0.90560000017285303	0.37490000387187999	7.8200000000000003	10.109999999999999	5	1	1
22:20464858|20471515(-)	1	0	1	1	1	1	1	6.1137999176979001	2.5737000141292801	5.9571000844240096	2.9630000535398699	0.90010000000474899	0.707900000165682	0.97039999961852996	0.60480000209063201	8.2400000000000002	10.16	5	1	0
22:21805850|21807846(-)	1	0	1	1	1	1	0	5.1307999938726399	2.5166000019758901	6.3490999668836503	2.4181000441312701	0.99969999790191599	0.38639999969163902	0.98939999938011103	0.54049999943235805	7.0899999999999999	11.4	6	1	0
22:24313466|24302195(+)	1	0	1	1	1	0	0	2.60989996939897	1.70689998269081	2.58600000292062	1.76610000133514	0.99969999790191599	0.29659999737050302	0.73199999928474402	0.30109999997075598	10.52	11.539999999999999	6	1	1
22:24338477|24302195(+)	1	0	1	1	1	0	0	2.60989996939897	1.70689998269081	5.3433000087737996	2.11979996114969	0.99969999790191599	0.29659999737050302	0.82730000148294403	0.47850000020116501	10.67	11.539999999999999	6	1	1
22:25375813|25381578(-)	1	0	1	1	1	0	0	5.2756999965757103	0.98840001076459805	2.6193999931216201	2.5810000270605	0.99440000057220401	0.28359999785898199	0.50200000001350398	0.60170000132638901	7	8.3300000000000001	6	1	0
22:28699838|28725367(-)	1	0	1	1	1	1	1	2.8625000238418501	2.6573000371456099	3.8838000364601601	2.17879999876022	0.91140000373124996	0.86949999630451202	0.85329999923706001	0.48899999894201701	8.5899999999999999	7.6600000000000001	6	1	0
22:31738387|31738911(-)	1	0	1	1	1	1	1	1.56459997184574	3.2254000067710802	1.40560001321136	2.3088000267744002	0.80279999990016204	1	0.51840000040829104	0.58900000085122795	10.77	7.4299999999999997	6	1	1
22:31765060|31758546(+)	1	0	1	1	1	0	1	5.9343000575899998	2.99149998798966	5.6852999532595199	2.0036000136286001	0.99679999947547904	0.899399989843368	0.90800000131130199	0.50420000226004003	9.7899999999999991	8.2799999999999994	6	1	1
22:41140257|41135813(+)	1	0	1	1	1	0	1	3.2061000615358299	2.4744000107049899	4.5163000151514998	3.2599000111222201	0.99810000658035203	0.59779999981401399	0.99610000252723696	0.52400000095367405	8.4900000000000002	7.21	6	1	1
22:41813822|41808875(+)	1	0	1	1	1	1	0	0.65889999940991395	-0.23579999785870301	2.7718000017106501	2.7011000268161198	0.21649999897927	0.00049999998882412902	0.50469999685883504	0.50240000011399299	8.6999999999999993	7.2699999999999996	6	1	1
22:42209651|42215341(-)	1	0	1	1	1	0	1	2.9899999767541798	1.7798999689519399	4.29990000128746	4.16179995387792	0.98590000271797096	0.69029999850317803	0.99980000257491997	0.60030000000260697	10.130000000000001	11.48	2	1	1
22:45702847|45689712(+)	1	0	1	1	1	0	1	2.1257000446319498	2.40460004210472	3.4854000404477099	2.36020003259181	0.77380000641569402	0.56600000372854997	0.80239999918267102	0.56430000066757202	10.109999999999999	9.4700000000000006	6	1	1
22:45729590|45689712(+)	1	0	1	1	1	0	1	2.1257000446319498	2.40460004210472	2.0376999557018198	1.6409000255167401	0.77380000641569402	0.56600000372854997	0.87740000486373904	0.37890000022016401	10.279999999999999	9.4700000000000006	6	1	1
22:45740538|45700282(+)	1	0	1	1	1	1	0	3.29480006583035	1.0420000016689299	4.9179000496864296	1.2730999525636399	0.99710000753402706	0.25739999969955502	1	0.43699999758973701	10.57	4.9900000000000002	6	1	1
22:45740538|45729425(+)	1	0	1	1	1	1	0	1.4362000167369799	1.24759999662637	4.9179000496864296	1.2730999525636399	0.49720000157831201	0.25210000117076498	1	0.43699999758973701	10.57	6.3499999999999996	6	1	1
22:49797805|49804360(-)	1	0	1	1	1	0	0	3.2955000199377502	2.6428999960422499	5.3830000638961701	2.5074000343680298	0.98880000114440902	0.65550000160001198	0.80060000000521503	0.51220000013708999	10.65	10.25	6	1	1
22:49804204|49824331(-)	1	0	1	1	1	0	1	1.71530000045895	1.6917999854311301	2.6139999836683199	2.4159000217914501	0.996600002050399	0.37580000269226699	0.68090000073425405	0.483599995344411	10.65	10.01	6	1	1
3:11426926|11358418(+)	1	0	1	1	1	1	1	2.8865000456571499	2.1131999909877699	5.94389992952346	3.4400999806821302	0.66259999889880405	0.487899994477629	0.927899998426437	0.68830000236630395	10.06	8.6600000000000001	6	1	0
3:15034809|15032379(+)	1	0	1	1	1	0	0	6.0088000051677204	2.1690999932587101	6.1563000187277703	2.77730001211166	0.87969999909400898	0.26479999939910998	0.99589999914169303	0.57020000405609605	8.7599999999999998	9.5999999999999996	6	1	0
3:16303592|16286342(+)	1	0	1	1	1	1	1	1.48739995062351	1.95590003989636	-0.27419998720288202	-0.47349999919533697	0.685199997387826	0.237400000519119	0.00030000000260770298	0	7.6600000000000001	8.1699999999999999	6	1	0
3:31580096|31576396(+)	1	0	1	1	1	1	0	7.1483000278472897	2.5797000199556299	5.94470007678028	4.72500009536743	1	0.43559999442659297	0.99020000100135797	0.83339999914169305	10.24	12.449999999999999	6	1	0
3:37121492|37149038(-)	1	0	1	1	1	1	1	0.57820000052452003	2.3735000282526002	2.9606000065803499	3.1450999855995101	0.095399998687207693	0.989500004053115	1	0.93700000047683696	3.2999999999999998	10.33	6	1	0
3:47622207|47678311(-)	1	0	1	1	1	1	1	5.5576000891625803	2.6090999826788899	4.2924000665545403	4.0096000671386696	0.99319999814033499	0.688200006540864	0.86960000535473203	0.69929999709129298	8.5600000000000005	8.3399999999999999	6	1	0
3:47914817|47928350(-)	1	0	1	1	1	1	0	1.25500001106411	0.65329997241496995	1.2414000015705799	0.890499976277351	0.92030000090598996	0.408399999781977	0.91540000438690095	0.52370000481605505	10.859999999999999	10.59	5	1	0
3:47977865|47998879(-)	1	0	1	1	1	1	1	0.85189999788999504	0.25270000398158998	0.75580000039189998	2.0334999859332998	0.39009999856352801	0.28510000109672501	0.18499999672640099	0.68880000421777299	10.859999999999999	9.5099999999999998	6	1	0
3:50062108|50057728(+)	1	0	1	1	1	1	0	2.0727999852970198	0.47709999307989998	0.84419998303055699	1.05429999381303	0.70500000100582805	0.27110000415705099	0.13080000149784601	0.49720000028610201	9.2100000000000009	7.3200000000000003	7	1	0
3:52737586|52741499(-)	1	0	1	1	1	1	1	1.1698999941349	1.44749999344348	3.1138000190257999	2.2396999642252902	0.61110000237822504	0.59430000494467095	0.81080000251531603	0.59969999919412598	10.029999999999999	6.4699999999999998	6	1	0
3:56627037|56628614(-)	1	0	1	1	1	0	1	4.6670999854803004	2.8144000053405702	4.13339997380971	2.84119992218911	0.96850000023841798	0.96929999589920002	0.90069999881088703	0.75229999870061803	9.8800000000000008	9.0800000000000001	6	1	0
3:56660731|56673725(-)	1	0	1	1	1	0	0	4.60310000777244	3.15609998106956	3.73660005331039	3.6022000357508599	1	0.87100000306963898	1	0.61759999990463199	7.1500000000000004	9.3300000000000001	6	1	0
3:94003908|93995874(+)	1	0	1	1	1	1	1	6.3270000100135801	3.5883000165224002	4.4902001116424799	5.1374000795185504	0.90189999993890502	0.97830000519752502	0.70190000161528499	0.70010000129695904	8.0700000000000003	4.2000000000000002	6	1	0
3:94003908|94003659(+)	1	0	1	1	1	1	1	3.4044000098481701	3.2639000795781601	4.4902001116424799	5.1374000795185504	0.61090000243857501	0.949600005149841	0.70190000161528499	0.70010000129695904	8.0700000000000003	6	6	1	0
3:101671130|101672213(-)	1	0	1	1	1	1	0	4.5388000607490504	2.5298000000417198	6.0975998669862701	3.33059995453804	0.99950000047683696	0.44279999895952599	0.99850000143051099	0.71349999830126698	9.6799999999999997	8.8200000000000003	6	1	0
3:107716849|107710452(+)	1	0	1	1	1	1	1	3.4602000117301901	1.74179997146129	7.4151000499725299	2.8316999748349101	1	0.243599998555146	1	0.60980000346898999	9.6500000000000004	12.85	6	1	0
3:113005733|113014032(-)	1	0	0	1	0	0	1	3.6026999980211198	1.5986999854445401	0.120399999246001	-0.10390001013875	0.95970000028610203	0.50879999166354495	0.00030000001424923501	0.0026999999652616599	5.9400000000000004	11.779999999999999	2	1	0
3:113399906|113407041(-)	1	0	1	1	1	0	0	5.1352000892162302	1.57840000018477	1.5036000043153701	2.9926000189036102	1	0.216999999247491	0.49979999973438599	0.79800000190734799	11.01	8.6699999999999999	7	1	0
3:119517315|119500695(+)	1	0	1	1	1	1	1	1.3522999875247399	1.7879999883472899	1.7764999933540799	1.4295000046491599	0.41550000393763098	0.977399998903274	0.87749999761581399	0.56770000139949806	8.3699999999999992	6.5099999999999998	6	1	0
3:119863419|119876508(-)	1	0	1	1	1	1	1	5.3904000338166904	2.16590000307187	6.3788000106811502	2.5338999826460999	0.99649999737739503	0.35520000299438798	1	0.42639999990351402	9.0099999999999998	11.26	6	1	0
3:119863419|119905852(-)	1	0	1	1	1	1	1	6.5843998879194201	2.8201999962329798	6.3788000106811502	2.5338999826460999	0.99449999928474397	0.75040000099688697	1	0.42639999990351402	9.0099999999999998	10.970000000000001	6	1	0
3:119905755|120093593(-)	1	0	1	1	0	1	1	1.6406000003218599	1.1209999900311201	6.1618998467922204	2.59589996524155	0.99620000123977603	0.67600000533275295	1	0.57410000190138799	8.6799999999999997	7.7599999999999998	3	1	0
3:123931102|123949132(-)	1	0	1	1	1	1	1	1.21920000612735	1.3778999730944601	3.6461999982595401	1.1870000137016099	0.99990000128746004	0.47339999913237901	0.99889999628067005	0.40069999927654798	8.5899999999999999	6.3700000000000001	6	1	0
3:125277726|125331238(-)	1	0	1	1	1	1	1	0.472299990803003	0.941200013365596	6.0837999880313802	4.2456000201404098	0.087399998144246593	0.58510000291280395	1	0.99779999852180401	10.1	8.9600000000000009	6	1	0
3:126607651|126647296(-)	1	0	1	1	0	1	0	4.6851998802274402	3.0010999679565402	-0.43619998618960298	1.5721000215038601	0.976200002431869	0.85640000179409903	0.115100002463441	0.60549999958602696	8.6999999999999993	7.7699999999999996	2	1	0
3:134155136|134195182(-)	1	0	0	1	0	0	1	5.19409988522529	3.2160999670624699	-0.033499994874000502	0.128500001132488	0.99990000128746004	0.89969999790191602	0.00070000002160668302	0.0044000000227242698	8.4100000000000001	5.3099999999999996	3	1	0
3:134175609|134195182(-)	1	0	1	1	1	0	1	5.19409988522529	3.2160999670624699	5.1892000272869998	3.59000001251697	0.99990000128746004	0.89969999790191602	0.98029999732971196	0.60080000001471401	10.359999999999999	5.3099999999999996	6	1	0
3:138570318|138572932(-)	1	0	1	1	1	1	1	0.590600006282329	0.67610000148415506	1.9138000220060301	1.7916000083088801	0.38429999732179498	0.399899990111589	0.81459999978542297	0.499299997382331	9.0399999999999991	-0.25	6	1	0
3:142678113|142664202(+)	1	0	1	1	1	0	1	1.16250001490116	1.83690001070499	1.98380002379417	4.1375000193715099	0.408000002300832	0.56189999580383299	0.77240000665187802	0.93670000433921796	7.96	7.9800000000000004	6	1	0
3:142748460|142736379(+)	1	0	1	1	1	0	1	6.6896000862121499	3.8839000105857799	6.3257000967860204	2.7228000089526101	1	1	0.99480000138282698	0.63889999736566006	5.9400000000000004	8.0399999999999991	6	1	0
3:146121112|146124229(-)	1	0	1	1	1	1	1	4.5652999505400604	2.4131000213324998	3.5377000153064699	2.4308000251650799	0.99440000057220401	0.56160000534728105	1	0.86179999242303895	6.6600000000000001	12.390000000000001	6	1	0
3:149912083|149846011(+)	1	0	1	1	1	1	1	1.0594000279437701	1.89480000734329	5.7707001298665999	3.3911999747157	0.31420000155922001	0.48950000534532501	0.99940000772476201	0.61389999777311399	8.5999999999999996	11.52	6	1	1
3:154284583|154295339(-)	1	0	1	1	1	1	1	3.7270000547170601	4.9324999988079004	3.9883999556303	2.26789997927844	0.84039999917149499	0.99819999933242798	0.97590000033378599	0.41300000250339503	7.2999999999999998	9.8100000000000005	6	1	1
3:155916192|155893518(+)	1	0	1	1	1	1	1	3.59979998469352	2.2961000231909501	5.3229000508785198	2.6488000176846902	0.99849999547004697	0.32910000005504098	0.99969999790191599	0.46620000094408098	7.2999999999999998	6.9800000000000004	6	1	0
3:155931880|155893518(+)	1	0	1	1	1	1	1	3.59979998469352	2.2961000231909501	5.6300000132992798	1.9446000296622501	0.99849999547004697	0.32910000005504098	0.99070000052452001	0.26420000006910399	6.9900000000000002	6.9800000000000004	6	1	0
3:155914570|155910692(+)	1	0	1	1	1	0	1	6.0361999697983197	2.1462000086903501	5.7594000190496404	2.2327999908476999	0.99190000295639003	0.48539999852655402	0.95569999814033502	0.28329999984707599	8.4900000000000002	7.4500000000000002	6	1	0
3:156696025|156694020(+)	1	0	1	1	1	0	0	4.4024999544024404	3.0965999603271399	4.2768999814987101	3.4692000165581698	0.99330000281333897	0.89240000210702397	0.90070000132545802	0.62000000084517504	9.4900000000000002	10.24	6	1	1
3:158123991|158122103(+)	1	0	1	1	1	1	1	4.7963999584317198	0.87879998609423604	4.0486000232398496	1.77470001201145	0.96800000071525505	0.290800001623574	0.99070000052452001	0.39989999667741299	9.5500000000000007	4.5199999999999996	6	1	1
3:158203245|158122103(+)	1	0	1	1	1	1	1	4.7963999584317198	0.87879998609423604	2.5603000182658402	2.7614999920129701	0.96800000071525505	0.290800001623574	0.78790000081062295	0.69480000267503705	10.24	4.5199999999999996	6	1	1
3:160419543|160413473(+)	1	0	1	1	1	0	0	3.4827000444754899	1.6691000185906799	5.0780000440776298	3.1217000424861898	0.99500000476837103	0.24709999902406701	0.87040000259876205	0.62900000000372502	4.0499999999999998	10.56	6	1	0
3:170113360|170122744(-)	1	0	1	1	1	0	0	3.7955000340938501	2.3614000082015898	3.6455999538302399	2.5215999811887699	1	0.97919999957084602	0.999400001764297	0.71660000025294701	7.8099999999999996	5.6600000000000001	6	1	1
3:172251541|172247533(+)	1	0	1	1	1	1	1	6.5821001291275003	2.27940000668168	4.3020000830292702	2.4139000609517098	1	0.23050000006332899	0.72410000190138801	0.40000000000000002	8.4900000000000002	13.029999999999999	6	1	0
3:183070999|183071357(-)	1	0	1	1	1	1	1	5.0737000405788404	2.0029000252485201	5.1730999439954699	1.4940000355243599	0.89909999854862599	0.65760000348091097	0.90010000388138001	0.20040000001899899	7.0700000000000003	6.5999999999999996	6	1	0
3:183728851|183717651(+)	1	0	1	1	1	1	1	6.2577999949455201	2.40609998106956	6.6508000612258904	2.33660003468394	1	0.29170000292360698	1	0.51070000007748595	8.8900000000000006	8.8200000000000003	6	1	1
3:196391813|196403019(-)	1	0	1	1	1	1	1	3.7848999850451901	0.79130001589655796	6.4664000332355496	3.0721999794244699	0.98470000028610205	0.27930000030901198	1	0.69850000143051105	9.4900000000000002	7.96	6	1	0
3:196391813|196407393(-)	1	0	1	1	1	1	1	5.4394999146461398	2.2467999879270701	6.4664000332355496	3.0721999794244699	1	0.59760000109672495	1	0.69850000143051105	9.4900000000000002	12.84	6	1	0
3:196886694|196885151(+)	1	0	1	1	1	1	1	0.82969999015331197	1.51669999361038	3.7105999700724999	2.2661000166088301	0.22520000147633201	0.31649999804794698	0.99929999709129302	0.56970000024884904	6.7300000000000004	11.390000000000001	6	1	0
3:197051577|197069260(-)	1	0	1	1	1	0	1	4.7337999843060903	4.2253000140190098	5.6639998912811196	2.05349994516	0.99079999923705997	0.99980000257491997	1	0.22620000017341199	5.5899999999999999	7.3399999999999999	6	1	0
3:197081051|197119530(-)	1	0	1	1	1	1	1	4.0316000342368996	2.4734000067925002	3.7709999650716699	4.1070000175386596	0.999700003862381	0.77989999571582302	0.99760000109672498	0.99079999923705997	7.9299999999999997	7.4199999999999999	6	1	0
3:197090912|197119530(-)	1	0	1	1	1	0	1	4.0316000342368996	2.4734000067925002	6.2593000262975602	2.5212000519037199	0.999700003862381	0.77989999571582302	1	0.96620000004768303	8.7599999999999998	7.4199999999999999	6	1	0
3:197115927|197119530(-)	1	0	1	1	1	1	1	4.0316000342368996	2.4734000067925002	4.0809999033808699	2.57609993154183	0.999700003862381	0.77989999571582302	0.80060000000521503	0.45469999611377698	10.529999999999999	7.4199999999999999	6	1	0
4:1228199|1241519(-)	1	0	1	1	1	1	1	1.62900001183152	2.6925000607967302	4.40169997550547	2.4476999431848498	0.99900000691413804	0.97969999909400896	0.897300004959106	0.535800001525785	7.7199999999999998	7.4000000000000004	6	1	1
4:1366431|1349524(+)	1	0	1	1	1	1	0	2.40049996785819	1.5554999850690301	3.15179995894432	2.1597999691963099	0.89739999433513695	0.35639999806880901	0.62559999814256995	0.50050000001210704	8.2699999999999996	4.2699999999999996	5	1	0
4:1654978|1668905(-)	1	0	1	1	1	0	0	0.21500000692903901	0.36189999207854201	3.7857999652624099	2.4325999796390501	0.041599999496247597	0.061499999463558198	0.89710000157356196	0.79789999480126395	10.07	-0.28000000000000003	5	1	0
4:1904378|1900626(+)	1	0	1	1	1	0	1	1.2850999876856799	1.2473000086843899	4.1797999262809702	1.66400003023445	0.997499996423721	0.25070000011473798	0.96710000634193405	0.30340000119758698	7.7599999999999998	6.7300000000000004	6	1	1
4:2700544|2699680(+)	1	0	1	1	1	1	0	5.7122001171112	1.38230005651712	3.9637000961112698	2.5254000261425902	1	0.257200001180171	0.78500000424683003	0.60080000067828199	4.9400000000000004	8.3000000000000007	6	1	1
4:2949934|2951245(-)	1	0	1	1	1	0	0	3.2996999442577302	1.6330999910831401	2.6523999921977501	1.0259999848902199	0.70470000263303501	0.300800002610776	0.76010000407695699	0.20109999999403899	8.0700000000000003	7.8399999999999999	6	1	0
4:2949934|2953645(-)	1	0	1	1	1	0	0	3.6191000081598701	2.2504000272601798	2.6523999921977501	1.0259999848902199	0.950800001621246	0.31549999946728302	0.76010000407695699	0.20109999999403899	8.0700000000000003	9.1199999999999992	6	1	0
4:4649542|4648977(+)	1	0	1	1	1	1	1	0.074400000274181297	-0.62340000197291301	-0.52770000398159	0.17090000584721499	0.00140000004321336	0	0.000100000004749745	0.0023000000510364702	9.25	10.76	6	1	0
4:6967424|6923373(+)	1	0	1	1	1	0	0	1.90849997326731	1.24339999631047	2.5735999464988701	1.45489995107054	0.997499996423721	0.35390000073239197	0.69750000159256098	0.30049999998882398	7.5599999999999996	9.6699999999999999	6	1	0
4:15612266|15644708(-)	1	0	1	1	1	1	1	5.9880999189801498	2.7563000410795202	6.3730000019073403	4.2449000358581497	0.98529999852180405	0.94669999480247502	1	0.98160000443458495	6.5300000000000002	6.9900000000000002	6	1	1
4:15625252|15644708(-)	1	0	1	1	1	0	1	5.9880999189801498	2.7563000410795202	5.20470008850097	2.4682999789714799	0.98529999852180405	0.94669999480247502	1	0.60610000183805801	10.67	6.9900000000000002	6	1	1
4:24548855|24576678(-)	1	0	1	1	1	1	1	3.2691999942064198	2.3721000075340202	5.0801999807357703	2.1370000213384599	0.95279999971389695	0.77639999906532398	1	0.42649999959394302	8.9199999999999999	10.43	6	1	1
4:25127264|25159107(-)	1	0	1	1	1	1	1	5.3882999792695001	1.85889999791979	5.0039999276399598	2.7194999746978201	0.98939999938011103	0.29669999703764899	0.94100000262260397	0.58260000196751205	7.2699999999999996	9.0299999999999994	6	1	0
4:39086727|39075965(+)	1	0	1	1	1	0	1	4.2494999980553896	1.6647000208497	4.6301000237464898	3.08890003561973	0.92710000276565496	0.48510000358801297	0.90000000129221003	0.54580000350251701	8.5500000000000007	13.42	6	1	1
4:41013583|41014398(-)	1	0	1	1	1	0	0	2.0422000555321498	1.81969999670982	5.1920999635010903	2.4660000269301201	0.73519999643321998	0.39379999899538198	0.95220000147819495	0.50109999999403898	8.6300000000000008	9.5800000000000001	6	1	1
4:47855059|47910994(-)	1	0	1	1	1	0	0	2.1436999976634898	1.8419000014662701	3.6033000588416999	2.0836999889463099	0.94150000214576701	0.61810000230325302	0.93420000076293896	0.39190000032540401	8.8800000000000008	8.4499999999999993	6	1	0
4:47894180|47910994(-)	1	0	1	1	1	0	0	2.1436999976634898	1.8419000014662701	3.65960003733634	2.1839000208303299	0.94150000214576701	0.61810000230325302	0.99919999837875295	0.54350000093690998	7.8099999999999996	8.4499999999999993	6	1	1
4:51891851|51860543(+)	1	0	1	1	0	1	1	0.14839999824762301	-0.124400001764297	4.5185000530909702	4.4682999849319396	0.0209999999962747	0.00720000001601874	0.98720000386238005	0.72310000096913396	9.0899999999999999	5.5700000000000003	3	1	0
4:51877854|51863437(+)	1	0	1	1	1	1	1	5.0609999418258598	2.74239999763667	5.2596000790595996	2.8590000361204102	1	0.69399999486049602	1	0.85340000689029605	10.279999999999999	10.81	6	1	1
4:51891851|51874271(+)	1	0	1	1	1	1	0	3.9179000079631798	1.6213000100106001	4.5185000530909702	4.4682999849319396	0.99969999790191599	0.203600000031292	0.98720000386238005	0.72310000096913396	9.0899999999999999	9.3200000000000003	6	1	1
4:53391139|53383773(+)	1	0	1	1	1	1	1	2.7828999757766701	1.9396000459790199	5.4232001066207802	4.1669999361038199	0.90180000178515896	0.715800001844763	1	0.99990000128746004	7.3099999999999996	6.5	7	1	1
4:54709539|54695512(+)	1	0	1	1	1	1	0	1.12349999547004	2.6796999990939998	3.8880999065935602	3.2696999311447099	0.94699999690055803	1	0.92719999849796297	0.84169999361038195	8.6500000000000004	8.6699999999999999	5	1	1
4:56371451|56384341(-)	1	0	1	1	1	1	1	0.96569997742772096	0.112899990752339	3.3397000078111798	1.87139997621998	0.12530000025872101	0.0012000000453554001	0.86809999346733002	0.30220000003464498	7.79	6.2599999999999998	6	1	1
4:65601641|65602304(-)	1	0	1	1	1	0	0	7.1962001323699898	2.5502000492066101	5.5579000234603804	2.7296000123023898	1	0.43800000387709498	1	0.55179999815300096	10.57	5.3700000000000001	6	1	1
4:73078642|73092300(-)	1	0	1	1	1	0	0	5.4572999626397998	2.01280002258718	4.3279999017715403	2.33449993918184	0.999400001764297	0.281199999805539	1	0.48949999911710601	9.4499999999999993	9.9000000000000004	6	1	0
4:73115821|73125312(-)	1	0	1	1	1	0	0	6.30729993581771	3.3410000033676601	5.8152001023292499	2.4579999968409498	1	0.73790000210283302	0.99890000224113396	0.45989999900339101	8.4900000000000002	3.9900000000000002	6	1	0
4:74201370|74174506(+)	1	0	1	1	1	1	0	2.8322999566793401	1.45039997249841	5.1894000411033598	2.7523999691009502	0.71019999906420705	0.20000000000000001	0.80689999829046399	0.59409999976633099	9.6500000000000004	10.08	6	1	1
4:83267586|83279114(-)	1	0	1	1	1	0	0	6.0825000554323196	1.81819998472929	3.3325000040233101	2.4325999556109301	0.99959999918937603	0.27739999971818102	0.64580000172136298	0.59969999640015803	5.1100000000000003	8.7599999999999998	6	1	1
4:86701801|86693587(+)	1	0	1	1	1	1	0	3.0916999984532501	2.5280999973416298	3.9007999897003098	3.1970000013708999	0.97080000042915304	0.91940000355243601	0.99829999804496705	0.963499999046325	8.5399999999999991	6.2699999999999996	6	1	1
4:86767976|86764593(+)	1	0	1	1	1	0	0	2.6155000418424601	2.9567000396549701	3.9799999967217401	2.5936999714001998	0.98970000147819503	0.95230000019073402	0.99070000052452001	0.5	6.2300000000000004	7.04	6	1	0
4:87195324|87195690(-)	1	0	1	1	1	1	1	0.80820000842213602	0.16930003017187101	5.0136999398469904	1.7942000373732201	0.054100000672042299	0.23520000379066899	0.82059999993070898	0.21420000024372701	8.6799999999999997	7.1299999999999999	6	1	0
4:109463644|109462901(+)	1	0	1	1	1	1	1	3.1719000041484802	1.8597999997437	1.16840002755634	2.0236000530421698	0.99969999790191599	0.81169999837875295	0.122500000242143	0.401099998946301	8.3699999999999992	9.3800000000000008	6	1	0
4:112562371|112585725(-)	1	0	1	1	1	1	0	3.5631999269127799	1.11019997894763	2.2903000049292999	2.2546999849379001	0.99869999885559002	0.221800000220537	0.83670000284910195	0.60690000150352696	10.74	10.77	6	1	0
4:122979386|122935714(+)	1	0	1	1	1	0	1	3.94350001215934	2.1373000085353802	3.3990000322461098	3.1349999889731399	0.99610000252723696	0.59609999805688796	0.99929999709129302	0.61550000122515403	8.6199999999999992	11.77	6	1	0
4:138214585|138242061(-)	1	0	1	0	0	0	0	0.99559999480843497	1.96999999955296	3.9955000758171	2.95989996939897	0.58020000373944602	0.79239999651908799	0.99990000128746004	0.61260000000474901	9.7200000000000006	3.3300000000000001	3	1	1
4:139125164|139139497(-)	1	0	1	1	1	0	0	1.66779997646808	0.96180000416934397	3.3604999899864199	2.6445000059902601	0.99520000219345095	0.44269999782554798	1	0.56229999716160795	6.8899999999999997	9.2200000000000006	6	1	1
4:143543972|143543509(+)	1	0	1	1	1	1	1	5.1963999673724102	2.15160001218318	6.4547998189926101	2.2681000404059799	0.99430000185966405	0.31239999905228599	1	0.35840000234311398	8.8300000000000001	8.3900000000000006	6	1	0
4:145885678|145903215(-)	1	0	1	1	1	1	1	4.6074000120162903	3.4037999913096399	6.6620998740196198	3.1883999280631499	1	0.98340000510215697	1	0.69020000030286599	8.1699999999999999	10.15	6	1	0
4:150102812|150102478(+)	1	0	1	1	1	0	0	6.0959000694565404	2.6274000369012298	5.7148000746965399	2.9339000493288001	0.99440000057220401	0.66310000136727398	0.833799999207258	0.49379999712109501	10.77	9.5399999999999991	6	1	0
4:152411303|152412529(-)	1	0	1	1	1	1	1	1.9508000105619401	1.81340002119541	2.6618000149726799	3.0496999561786602	1	0.99279999732971103	0.99980000257491997	0.68539999872446	8.4000000000000004	14.27	6	1	0
4:173248440|173247980(+)	1	0	1	1	1	0	0	3.3246999740600498	2.1309999838471398	6.7022000670433002	4.8501000612974101	1	0.99570000171661299	0.90020000259391897	0.700200000009499	6.3099999999999996	8.6799999999999997	6	1	0
4:173304118|173292108(+)	1	0	1	1	1	0	0	5.2613000348210299	2.94670000821352	4.7974998833611604	3.0739000067114799	0.99549999833106995	0.669000003091059	0.69859999974723896	0.69609999884851204	10.470000000000001	10.41	6	1	0
4:177353728|177353308(+)	1	0	1	1	1	1	1	0.72630000822245999	1.9926000490784599	1.2631000086665101	1.1357000060379501	0.392199999839067	0.29370000156341097	0.83269999623298596	0.36789999892935099	9.4600000000000009	13.039999999999999	6	1	0
4:182346929|182301011(+)	1	0	1	0	0	1	0	0.13359999731183	0.50819999407976801	4.3957999467849698	3.1366000093519601	0.000900000007823109	0.047400000120978801	0.80000000000000004	0.50309999994933596	11.01	4.2800000000000002	3	0	0
4:184011423|184001325(+)	1	0	1	1	1	1	1	6.9180000275373397	3.4015999883413301	5.8125999167561497	4.1746000140905304	0.99950000047683696	0.97430000305175701	0.95099999904632504	0.79699999690055801	7.6799999999999997	10.42	6	1	0
4:185267155|185247294(+)	1	0	1	1	1	0	0	1.2250999904237601	2.3878000020980799	5.45920000970363	2.41699994206428	0.56289999944856395	0.629599999636411	0.92939999997615796	0.50089999930933105	7.6399999999999997	11.24	6	1	0
4:186706563|186709845(-)	1	0	1	1	1	0	0	0.65120000522583699	1.0122999824583501	4.9266000151634204	2.0008999854326199	0.095800002466421494	0.39290000721812202	0.99969999790191599	0.40049999998882402	8.7599999999999998	11.49	6	1	0
5:644425|633769(+)	1	0	1	1	1	1	1	-0.35299998819827999	1.3391999991610599	1.5142999857664099	1.2717000052332801	0.080899999570101494	0.47590000270865801	0.61840000845259002	0.598699999961536	10.65	9.4800000000000004	5	1	0
5:6616727|6631977(-)	1	0	1	1	1	0	1	4.5519999496638697	2.3508000209927502	4.8252000376582096	1.79399998560547	0.94729999899864104	0.61459999661892595	0.94019999802112497	0.23619999985676199	10.220000000000001	7.3099999999999996	6	0	0
5:13911386|13931244(-)	1	0	1	1	1	1	0	4.8551999360322897	3.1835999861359499	5.2817000329494403	3.8729000136256202	0.93659999966621399	0.91980000138282703	0.99969999790191599	0.69879999806871596	4.9400000000000004	9.8499999999999996	6	1	0
5:14420021|14316513(+)	1	0	1	1	1	1	0	6.1629000157117799	2.4316000089980601	7.1150999069213796	3.0717000097036302	0.99980000257491997	0.30450000008568101	1	0.50189999993890499	9.4499999999999993	8.7400000000000002	6	0	0
5:14420021|14405848(+)	1	0	1	1	1	1	0	5.44520004093647	1.84090003445744	7.1150999069213796	3.0717000097036302	0.89720000009983703	0.20000000000000001	1	0.50189999993890499	9.4499999999999993	1.3500000000000001	6	1	0
5:16779545|16783469(-)	1	0	1	1	1	0	0	4.4234000563621496	3.8279000401496801	3.3173999838530999	3.3752999970689399	0.88300000140443402	0.98320000171661304	0.88509999960660901	0.61690000046510196	8.5399999999999991	11.710000000000001	6	1	0
5:33546059|33596060(-)	1	0	1	1	1	0	0	2.7510000407695698	1.7794000260531899	1.8377999760210499	1.2048999518156001	0.99900000095367403	0.34580000042915299	0.425700004096142	0.54259999692439997	9.4499999999999993	10.81	5	0	0
5:33576054|33596060(-)	1	0	1	1	1	0	0	2.7510000407695698	1.7794000260531899	3.9410000205039899	2.2733000114560098	0.99900000095367403	0.34580000042915299	1	0.643100002408027	10.06	10.81	6	1	0
5:34824491|34822956(+)	1	0	1	1	1	0	0	1.9915999770164401	0.74600000157952295	4.5628999471664402	2.2754000574350299	0.592299999669194	0.21030000280588801	0.90659999996423701	0.64789999554632205	8.4600000000000009	10.02	7	1	0
5:36986301|36953618(+)	1	0	1	1	1	0	0	4.77860001325607	2.2749999463558099	4.5675999492406802	4.24490002840757	1	0.58420000280020701	0.99980000257491997	0.79189999699592595	10.57	9.9100000000000001	6	1	0
5:37108293|37125409(-)	1	0	1	1	1	0	1	0.83900000266730701	1.5851000268012201	0.44309999048709803	0.74530001878738406	0.73820000886917103	0.93610000610351496	0.243099994712974	0.221200004592537	7.4699999999999998	5.8099999999999996	6	1	0
5:38510464|38530666(-)	1	0	1	1	1	0	1	0.592499990202486	0.29169998569414002	3.5054999768733901	2.9273999817669298	0.66790000796318005	0.20220000349218001	1	0.80099999847588998	9.1099999999999994	6.6900000000000004	6	1	0
5:40764514|40771863(-)	1	0	1	1	1	1	0	4.7911000356078102	3.1541000053286501	5.8439998745918196	3.2733999425545299	0.99430000185966405	0.89600000530481305	1	0.69079999586101604	8.3499999999999996	6.2800000000000002	6	1	0
5:40764514|40777586(-)	1	0	1	1	1	1	0	5.7905000805854696	2.3100999955087902	5.8439998745918196	3.2733999425545299	1	0.34489999990910197	1	0.69079999586101604	8.3499999999999996	7.8499999999999996	6	1	0
5:43139309|43122039(+)	1	0	1	1	1	1	1	0.61499997973442	2.9259999871253899	4.4002999663352904	2.1440000074915502	0.35950000415323302	1	1	0.88190000057220397	8.1699999999999999	9.1799999999999997	6	1	0
5:65170617|65197151(-)	1	0	1	1	1	0	0	3.6951000586151999	2.86489998102188	3.9917999520897798	2.7586999349296	0.98690000176429704	0.99990000128746004	0.99769999980926505	0.60779999491060099	10.470000000000001	8.4700000000000006	6	1	0
5:65758826|65758567(+)	1	0	1	1	1	1	1	2.6432000219821901	2.0031000196933699	3.9080000337213199	2.7177000358700698	1	0.61810000129043996	0.99310000538825904	0.59849999805446696	5.5599999999999996	10.33	6	1	0
5:69175537|69174877(+)	1	0	1	1	1	1	1	2.3185000199824501	2.1780000215396198	4.28460011333227	3.3468000978231398	0.60449999645352304	0.34990000295219897	0.88620000183582304	0.50810000002384104	8.8399999999999999	7.7599999999999998	6	1	0
5:69294793|69311204(-)	1	0	1	1	1	1	1	2.6238000109791701	1.29640000835061	2.8981999792158599	1.25739997997879	0.92599999904632502	0.25009999736212102	0.98949999213218598	0.30970000103116002	7.4400000000000004	10.52	5	1	0
5:77048987|77046347(+)	1	0	1	1	1	0	0	1.9706000089645299	1.5512999847531299	5.9399000167846596	2.8297999724745702	0.99829999804496705	0.43850000589154597	1	0.99430000185966405	10.220000000000001	8.4800000000000004	6	1	0
5:78421960|78415520(+)	1	0	1	1	1	1	0	3.47509999275207	2.2299000248312901	6.4782999172806699	3.2989999830722798	1	0.40050000138580799	0.97979999780654903	0.99499999880790702	8.5899999999999999	5.46	6	1	0
5:79439010|79457018(-)	1	0	1	1	1	1	1	6.0955001294612803	2.0339000508189198	5.78209996223449	4.5398000240325898	1	0.39939999838825302	1	1	4.6699999999999999	12.199999999999999	6	1	0
5:80474830|80455692(+)	1	0	1	1	1	0	1	2.65070001482963	1.68839995861053	3.3815999493002802	2.35189998726127	0.79530000686645497	0.20330000006360899	0.89980000108480396	0.49859999805921601	7.6100000000000003	7.7400000000000002	5	1	0
5:80792844|80678927(+)	1	0	1	1	1	1	0	4.9448999971151304	2.53269999027252	1.34810000136494	3.4145999293774301	0.88829999864101405	0.60759999770671103	0.39950000029057198	0.707899999059736	9.1400000000000006	10.35	6	1	0
5:80761678|80725453(+)	1	0	1	1	1	1	0	2.4214999541640201	1.82109998613595	4.3077000290155398	3.10020008198916	0.98039999604225103	0.47439999724738302	1	0.72069999724626499	9.7200000000000006	11.56	6	1	0
5:80792844|80767933(+)	1	0	1	1	1	1	1	4.6125000208616198	2.7147999718785201	1.34810000136494	3.4145999293774301	0.89940000176429702	0.698599995160475	0.39950000029057198	0.707899999059736	9.1400000000000006	7.2800000000000002	6	1	0
5:94630743|94628811(+)	1	0	1	1	1	0	0	2.39369997037574	1.5530000016093199	2.6327999979257499	2.1854000255465502	0.59490000024670697	0.30049999820766898	0.97979999780654903	0.68449999541044204	9.4499999999999993	5.7999999999999998	6	1	0
5:94678955|94628811(+)	1	0	1	1	1	0	0	2.39369997037574	1.5530000016093199	3.7084000438451699	2.9403000295162198	0.59490000024670697	0.30049999820766898	0.80430000214837405	0.60759999990696001	11.01	5.7999999999999998	7	1	0
5:94868333|94912976(-)	1	0	1	1	1	1	0	5.2313000321388197	1.8536999724805301	6.1447000384330703	3.5454000398516601	1	0.94620000123977599	1	0.900199999846518	5.2699999999999996	1.8700000000000001	6	1	0
5:95763620|95755396(+)	1	0	1	1	1	0	1	4.1571999758481901	1.7151999989058799	3.63100004643201	1.95340002877637	0.99959999918937603	0.53160000423667897	0.99839999675750701	0.432900004263501	11	7.3700000000000001	6	1	0
5:97028612|96985080(+)	1	0	0	1	0	0	0	3.65900001227855	3.09170005172491	1.6170000135898499	1.9251999893691301	0.99359999895095796	0.94909999966621394	0.97739999294280999	0.98250001072883597	9.0600000000000005	11.470000000000001	3	1	0
5:97028612|97013648(+)	1	0	0	1	0	0	0	1.47080000918358	2.02379996553063	1.6170000135898499	1.9251999893691301	0.41189999356865797	0.31479999901493999	0.97739999294280999	0.98250001072883597	9.0600000000000005	9.5199999999999996	3	1	0
5:109729513|109713520(+)	1	0	1	1	1	0	0	3.3901999771594999	1.93599996268749	3.73589998781681	3.1194000467657998	0.98299999833106999	0.37780000399798103	1	0.63029999881982801	7.8099999999999996	10.550000000000001	6	1	1
5:115130592|115134147(-)	1	0	1	1	1	0	0	2.2105000078678101	2.0585999857634301	4.7095000296831104	2.3788999877869998	0.92920000553131099	0.45099999865051299	0.95390000343322701	0.38600000300211801	10.289999999999999	6.5899999999999999	6	1	0
5:115524511|115525617(-)	1	0	0	1	0	0	1	6.1050999477505599	2.2874000117182698	3.8576999843120499	5.6448999166488596	0.98180000185966398	0.37529999980470102	0.99990000128746004	1	4.29	13.800000000000001	4	1	0
5:129658737|129641859(+)	1	0	1	1	1	0	0	3.9132000140845702	2.73989998996257	4.5759999990463198	2.2281000047922102	0.99950000047683696	0.70029999922262498	1	0.59479999946197404	8.5500000000000007	8.6799999999999997	6	1	1
5:135369406|135389126(-)	1	0	1	1	1	1	1	1.32309997268021	1.8305000126361799	4.1728999555110899	1.62769998069852	0.26540000131353703	0.92500000000000004	0.99920000433921796	0.29999999999999999	9.7899999999999991	10.300000000000001	6	1	1
5:138006990|138019146(-)	1	0	1	1	1	0	1	3.9785999774932801	3.8157000303268398	3.4433000147342598	1.65340001508593	1	1	1	0.30289999723900102	8.4900000000000002	8.2899999999999991	6	1	1
5:138006990|138021197(-)	1	0	1	1	1	0	0	4.26569993495941	2.20030000954866	3.4433000147342598	1.65340001508593	1	0.61460000537335802	1	0.30289999723900102	8.4900000000000002	9.2599999999999998	6	1	1
5:143295460|143300763(-)	1	0	1	1	1	0	0	3.9826999604701898	1.8227999642491299	5.6169999957084604	3.1102999448776201	0.94009999930858601	0.30240000225603503	1	0.60910000139847398	8.0800000000000001	6.7599999999999998	6	1	0
5:145764931|145826200(-)	1	0	1	1	1	1	1	-0.54089999943971601	-0.46400000266730701	0.61140000000595995	2.0779999619349798	0.00020000000949948999	0	0.66399999922141395	0.90010000169277105	7.6799999999999997	5.2400000000000002	6	1	0
5:145817894|145826200(-)	1	0	1	1	1	1	1	-0.54089999943971601	-0.46400000266730701	3.7846999704837798	1.64240000098943	0.00020000000949948999	0	1	0.55329999844543598	8.8499999999999996	5.2400000000000002	6	1	0
5:168494650|168488602(+)	1	0	1	1	1	1	1	4.4267999053001397	1.5886999618262001	3.9990000352263402	1.4017999991774499	0.99110000133514398	0.20040000001899899	0.99829999804496705	0.29029999971389697	7.8399999999999999	10.33	6	1	0
5:168559032|168566266(-)	1	0	1	1	1	1	0	5.5843000590801202	1.88600000739097	4.77270008474588	2.3761999800801199	1	0.25119999945163701	0.98449999690055801	0.50930000096559502	8.9800000000000004	10.119999999999999	6	1	0
5:180238332|180280608(-)	1	0	1	1	1	1	0	1.65389999002218	1.6643000096082601	4.1181999906897504	3.9175000309944101	0.66299999966286105	0.99059998989105202	0.91689999997615801	1	8.0199999999999996	9.2699999999999996	4	1	0
6:592469|599225(-)	1	0	1	1	1	0	1	4.3358999431133203	2.4212000012397699	3.2176999625749798	2.6566000297665502	0.93180000185966405	0.70179999731481002	0.98020000457763601	0.50000000129221001	2.7599999999999998	9.1600000000000001	5	1	1
6:7189322|7181124(+)	1	0	1	1	1	0	0	0.52060000263154504	0.883300004899501	7.5738998889923099	2.8438999801874099	0.132700001401826	0.26180000056046898	1	0.60319999938364999	8.5600000000000005	8.5299999999999994	6	1	1
6:7606195|7602623(+)	1	0	1	1	1	0	0	3.5159000337123798	1.87719999756664	3.2767000168561902	1.53369998596608	1	0.30060000176308599	0.99980000257491997	0.52400000183842999	7.0700000000000003	6.4400000000000004	6	1	1
6:13584225|13579451(+)	1	0	1	1	1	0	1	0.31279999837279299	0.143699997663497	2.7256999671459199	2.6044000070541999	0.052500000013969803	0.027100000192876901	0.97689999938011096	0.59390000128187204	10.08	8.0500000000000007	6	1	0
6:13639563|13644729(-)	1	0	1	1	1	0	1	6.2446000576019198	4.7105000361800196	4.0171000480651804	2.1124999992549398	1	0.93150000572204505	1	0.50030000130645902	9.2200000000000006	6.4699999999999998	6	1	1
6:16326394|16328470(-)	1	0	1	1	1	0	0	2.1908999621868102	1.92679998576641	4.1562999889254497	1.9076000132597899	1	0.59119999809190604	0.99490000009536705	0.40010000000474899	10.52	9.2899999999999991	6	1	1
6:17647807|17649300(-)	1	0	1	1	1	1	0	2.3970000088214798	2.3550999969244	3.2462000146508201	3.1429000586271201	0.89479999840259505	0.759300000767689	0.81730000004172298	0.70490000059362501	7.96	9.4199999999999999	7	1	0
6:17665239|17675770(-)	1	0	1	1	1	1	1	5.4157000735402097	2.5764999717473902	1.3159999936819	2.8584999829530702	0.99890000224113396	0.64569999668747102	0.99929999709129302	0.78980000019073404	6.96	6.4500000000000002	6	1	0
6:18166378|18159883(+)	1	0	1	1	1	1	1	0.0048999981023371197	1.0500999674200999	5.4251998931169503	2.9783999145030902	0	0.27360000014305103	0.92750000357627804	0.50020000000949905	9.0800000000000001	11.91	6	1	0
6:25554096|25515675(+)	1	0	1	1	1	0	0	4.9287000522017399	2.1027000084519298	3.9469000246375798	3.2406999789178301	0.99919999837875295	0.286799997091293	0.99510000348091099	0.60150000173598495	10.1	8.7899999999999991	6	1	0
6:47554766|47503280(+)	1	0	1	1	1	1	1	4.3476000279188103	1.8323000052943801	4.5268999859690604	2.0394999578595101	0.99980000257491997	0.61789999976754095	0.71869999970076603	0.500599998049438	6.8899999999999997	10.15	6	1	0
6:75634811|75621532(+)	1	0	1	1	1	1	0	3.8841999411582901	3.8507999539375302	4.7636000201105997	2.48760002553463	1	1	0.99810000061988802	0.84669999480247404	10.57	6.4900000000000002	6	1	1
6:75678927|75659262(+)	1	0	1	1	1	1	1	1.4652000322937899	1.3913000103086199	6.1467001914977999	4.6050999641418402	0.64060000206809398	0.346400001645088	1	0.75129999965429295	9.8200000000000003	12.16	6	1	1
6:75703072|75702645(+)	1	0	1	1	1	1	1	5.4519000269472597	3.68929997980594	2.4529000043868998	2.9202000051736801	0.99750000238418501	0.999400001764297	0.91170000731945	0.60590000019874402	9.8000000000000007	9.3200000000000003	6	1	0
6:79042843|79060818(-)	1	0	1	1	1	0	0	5.2410001069307297	2.07209999263286	5.6794998489320196	3.76909988601692	0.99969999790191599	0.51319999992847398	0.89360000193119005	0.69950000176904703	8.5899999999999999	7.54	6	1	1
6:82957312|83044659(-)	1	0	1	1	1	0	1	2.1320000208914198	1.9576000392436901	3.5063999265432302	1.0746999457478501	0.98619999289512605	0.66170000061392698	1	0.39890000275336202	9.5999999999999996	11.039999999999999	6	1	1
6:83346173|83407901(-)	1	0	1	1	1	1	1	5.1764999836683199	1.33129998892545	4.1831999838352196	2.5209000252187201	0.89220000058412496	0.20470000001368999	0.90989999771118102	0.47759999911068002	8.3900000000000006	12.970000000000001	6	1	1
6:84185187|84186623(-)	1	0	1	1	1	0	0	0.39330000933259701	1.4817999839782701	2.17570000514388	1.34220003485679	0.075399997993372297	0.59230000562965801	0.71890000067651205	0.43600000143051099	7.46	11.1	6	1	0
6:88298861|88324145(-)	1	0	1	1	1	0	1	0.145899999700486	0.13909999430179501	1.76569997668266	0.97450000233948197	0.0036000000778585602	0.0083999998634681095	0.97910000085830595	0.629100007563829	10.51	8.1899999999999995	3	1	0
6:104744160|104750472(-)	1	0	1	1	1	0	1	5.1768000125885001	1.8272000074386501	6.0010999321937497	2.6378999993205001	0.9442999958992	0.27909999806433899	0.99990000128746004	0.65940000098198603	9.8800000000000008	8.1699999999999999	6	1	0
6:130955105|130956499(-)	1	0	1	1	1	1	1	1.0919999759644201	2.1621999830007499	4.1104000151157303	2.0854000076651502	0.76370000164024499	0.52610000162385395	1	0.5	7.6600000000000001	5.6299999999999999	6	1	0
6:138941335|138947913(-)	1	0	1	1	1	1	1	5.1089001119136803	2.9237000236287698	4.6996999576687797	2.8289999969303601	0.999700003862381	0.60649999678134903	0.99900000095367403	0.51440000156871901	10.77	8.2699999999999996	6	1	0
6:144444382|144437565(+)	1	0	1	1	1	0	0	5.2937000572681399	1.99760000631213	5.5833999991416903	2.22850001044571	0.79880000110715599	0.20259999996051101	0.99980000257491997	0.245500001660548	9.4600000000000009	9.1799999999999997	6	1	0
6:144493456|144487548(+)	1	0	1	1	1	0	0	4.1493000298738396	1.4874000146985	5.76600007340312	2.0337999716401098	0.91340000629425	0.260199999809265	0.87899999972432796	0.49990000226534897	10.07	8.3399999999999999	6	1	0
6:144511123|144487548(+)	1	0	1	1	1	0	0	4.1493000298738396	1.4874000146985	2.55089995488524	2.1412000074982598	0.91340000629425	0.260199999809265	0.500199999555479	0.45200000012991898	8.3499999999999996	8.3399999999999999	6	1	0
6:144539443|144537582(+)	1	0	1	1	1	0	0	2.1767999723553602	1.2406999969854899	5.1580998182296698	1.8084999471902801	0.92240000367164598	0.21879999998491201	0.90000000000000002	0.29410000217612797	6.6399999999999997	7.4800000000000004	6	1	0
6:144803147|144781922(+)	1	0	1	1	1	0	0	5.8040999859571398	1.84730000561103	4.5830000676214597	3.8222000464797001	0.86639999747276297	0.207900000165682	0.99340000152587804	0.63710000216960905	7.21	7.21	6	1	0
6:149379518|149369909(+)	1	0	1	1	1	0	1	5.6124999523162797	2.9957999616861302	6.9479999110102604	2.9775999695993902	1	0.99219999909400902	0.99029999971389704	0.50290000028908199	8.4900000000000002	12.279999999999999	6	1	0
6:151353752|151348711(+)	1	0	1	1	1	0	0	3.7741999966092399	2.46910000145435	0.99840000625699699	0.301600001752376	0.98100000023841805	0.85839999914169296	0.40260000005364399	0.144599997531622	9.8800000000000008	6.3600000000000003	6	1	0
6:152329730|152331890(-)	1	0	1	1	1	0	0	3.5838999511674001	1.46020000502467	3.34160002022981	1.4509000018239	0.79160000286065002	0.28090000208467197	0.73639999805018297	0.32879999965662099	8.5600000000000005	11.380000000000001	6	1	0
6:155130417|155127490(+)	1	0	1	1	1	0	0	-0.0579000011086463	1.85290000000968	4.1220999598503099	1.9172999948263101	0.054400001070462098	0.76709999889135305	0.92029999792575801	0.50010000000474897	9.5999999999999996	10.75	5	1	1
6:161049979|161048616(+)	1	0	1	1	1	1	1	3.0035999953746702	1.45169998090714	3.1834000140428498	3.9643999919295299	0.97480000257492005	0.27319999854080301	0.55700000151991802	0.66640000045299497	9.6500000000000004	8.3200000000000003	6	1	0
6:167880517|167864551(+)	1	0	1	1	1	0	0	5.7331998169422098	2.7207999482750802	3.4392999708652399	2.27040006518363	0.94689999818801796	0.74930000305175704	0.89869999885559004	0.57100000043865295	10.17	12.82	6	1	1
7:775162|761753(+)	1	0	1	1	1	0	1	1.1539000242948501	1.73999999761581	3.04029996693134	1.98549997657537	0.43800000515766402	0.27960000127786699	0.93410000503063195	0.586200004233978	6.7699999999999996	10.02	5	0	0
7:1898200|1936897(-)	1	0	1	1	1	0	0	2.8023000001907299	1.9968999698758101	5.0353999733924804	1.7924999997019699	0.785999996354803	0.39750000201165597	1	0.50570000073639598	8.2300000000000004	11.73	6	1	1
7:2229984|2230727(-)	1	0	1	1	1	1	1	0.25750000774860299	0.14790000319480801	2.68830001354217	1.5723999902606001	0.042300000041723199	0.034200000017881302	1	0.49990000257966999	10.67	8.7100000000000009	4	1	0
7:2364529|2360710(+)	1	0	1	1	1	0	0	4.2739999979734398	1.7404999885707999	5.9317000538110696	2.0996000193059401	0.80059999823570205	0.30479999706149102	0.92700000107288305	0.54719999819062604	10.220000000000001	6.6399999999999997	6	1	1
7:5374055|5378024(-)	1	0	1	1	1	0	0	2.5760999754071201	0.95650000423192905	3.6404999903868802	1.7898999929428101	0.58969999802065998	0.40749999851686802	0.98719999790191604	0.50209999735234301	9.7899999999999991	8.4600000000000009	6	1	1
7:5739276|5741815(-)	1	0	1	1	1	0	1	2.11310002049431	2.97309995889663	4.6296999692916803	3.8451999813318198	0.99779999852180401	1	1	0.71569999940693296	7.6500000000000004	5.9500000000000002	6	1	1
7:6432837|6436533(-)	1	0	1	1	1	1	1	5.0380000233650204	3.06070002317428	1.16379998922348	1.19690000028349	0.99860000014305095	0.846999999694526	0.51649999693035997	0.50809999494813296	9.5999999999999996	9.4000000000000004	6	1	0
7:17814834|17850964(-)	1	0	1	1	1	0	0	5.9782999515533399	3.2625999704003301	5.9986999213695498	2.5501999408006601	1	0.71860000155866099	0.90560000017285303	0.90199999809265097	11	9.0399999999999991	7	1	0
7:22976210|22984045(-)	1	0	1	1	1	0	1	4.8183999516069802	3.48930007070302	4.5954000294208504	2.9693000152707101	0.90220000185072402	0.90980000048875798	0.99969999790191599	0.50980000373674506	9.0600000000000005	5.5700000000000003	6	1	1
7:24668660|24620052(+)	1	0	1	1	1	0	1	0.079099995084106894	-0.16459998916834501	5.84050004482269	4.3412000268697701	0.0049999999930150796	0.000500000023748725	0.90270000249147397	0.62009999993024301	8.3100000000000005	9.8599999999999994	6	1	0
7:24650712|24623666(+)	1	0	1	1	1	1	1	7.1655000567436202	3.27550003798678	4.5205999225377997	2.9341999694704999	1	0.95249999761581405	0.99100000262260401	0.996600002050399	8.0199999999999996	6.6299999999999999	6	1	1
7:24668660|24623666(+)	1	0	1	1	1	0	1	7.1655000567436202	3.27550003798678	5.84050004482269	4.3412000268697701	1	0.95249999761581405	0.90270000249147397	0.62009999993024301	8.3100000000000005	6.6299999999999999	6	1	1
7:24668660|24641716(+)	1	0	1	1	1	0	0	6.1106000483036	2.76849999576807	5.84050004482269	4.3412000268697701	0.90219999998807898	0.68270000182092105	0.90270000249147397	0.62009999993024301	8.3100000000000005	8.5600000000000005	6	1	1
7:27629371|27649633(-)	1	0	1	1	1	1	1	4.2305999621748898	4.0993999600410396	6.0076998963952004	3.00309994742274	0.99480000138282698	1	0.98790000081062301	0.60460000261664304	10.359999999999999	1.1599999999999999	6	1	1
7:33015670|33026915(-)	1	0	1	1	1	1	1	5.9871000185608798	1.5648999974131499	4.2738000020384703	2.4041000574827098	0.969700002670288	0.43530000196769802	0.99000000357627804	0.64960000235587301	9.3499999999999996	9.0700000000000003	6	1	1
7:39988258|39987599(+)	1	0	1	1	1	0	0	3.4323000483214798	2.4600000396370798	3.0221000187098901	2.3769000440835901	0.97649999856948799	0.53910000243922696	0.62490000007674096	0.58209999998798501	9.6600000000000001	7.2000000000000002	6	1	0
7:43639449|43640649(-)	1	0	1	1	1	1	1	2.0187000054866	0.097200000286102206	-0.39640000071376502	-0.69230001270771002	0.99760000109672498	0.25809999366756498	0	0	8.3499999999999996	8.4000000000000004	6	1	0
7:44799874|44798748(+)	1	0	1	1	1	1	1	0.28190000131726201	-0.065200009196996603	4.0906999468803402	3.2064999468624502	0.088500000629573999	0.064099998574238204	0.73480000029085202	0.58120000232011004	8.3699999999999992	6.9699999999999998	6	1	0
7:45064646|45038253(+)	1	0	1	1	1	1	1	5.7722000598907401	3.1039000086486301	6.2142998754978098	1.39229993605986	0.99890000224113396	0.70120000094175305	1	0.27059999704360899	8.6799999999999997	9.3900000000000006	7	1	1
7:55983868|55982210(+)	1	0	1	1	1	1	1	5.6467000305652597	4.09380005081184	3.8951999776065298	3.6872999392449799	0.95519999861717197	0.782899996265769	0.99459999799728305	0.64290000051259999	10.15	5.7599999999999998	6	1	0
7:66810847|66808886(+)	1	0	0	1	0	0	0	5.6307000026106797	1.68140001446008	0.22050000950693999	0.084899989515542895	0.89740000157616995	0.21309999933000601	0.00150000001303851	0.00110000004060566	5.3700000000000001	8.4100000000000001	3	1	0
7:73476868|73478569(-)	1	0	1	1	1	0	0	3.6241999760270098	3.1255999832414001	3.8160000443458499	2.3055000053718602	0.99640000462531997	0.92970000505447303	0.99959999918937603	0.402400000102352	8.3800000000000008	7.0700000000000003	6	1	0
7:77773314|77765495(+)	1	0	1	1	1	1	1	5.6737999737262701	2.4355000192299401	4.9256999611854502	2.7093999272212299	1	0.46949999739881598	0.99720000028610201	0.66460000517545204	2.6299999999999999	9.4199999999999999	6	1	0
7:83134250|83135656(-)	1	0	1	1	1	0	0	3.4575999952852698	2.3198999814689101	2.44799998998641	2.6192000161856401	0.88410000801086397	0.44959999581333199	0.88619999885558998	0.51229999789502401	11.08	8.3000000000000007	6	1	0
7:83466482|83490274(-)	1	0	1	1	1	0	0	4.8603999733924796	3.3992999613285	1.7975000172853399	2.1604999989271101	1	0.70630000173114205	0.62770000060554598	0.59249999958556099	10.06	8.3100000000000005	5	1	0
7:90790652|90623436(+)	1	0	1	0	0	0	0	-0.216900004073977	0.26520000882446698	6.4936001062393096	2.8048000127077102	0.0044999999925494196	0.089199999475385996	1	0.52040000109700402	10.08	6.0800000000000001	3	1	0
7:90863269|90747681(+)	1	0	1	1	1	0	1	5.7351999759673999	2.6929000273346899	5.8966001063585196	4.4845001459121701	0.89980000257491999	0.84800000190734803	0.99950000047683696	0.99660000801086401	10.359999999999999	8.7400000000000002	6	1	0
7:92307656|92294889(+)	1	0	1	1	1	0	0	1.8980000348761601	1.28440000265836	5.4857000350952099	3.28180000036954	0.89099999964237198	0.338500002608634	0.91159999966621397	0.80430000404594404	8.3900000000000006	6.7000000000000002	6	1	0
7:98194572|98190728(+)	1	0	1	1	1	0	0	5.0228999435901596	1.9031999498605701	6.4431998893618498	2.4186000101268199	0.78750000223517402	0.29920000021811499	0.97129999995231597	0.70459999963641096	7.3300000000000001	12.640000000000001	6	1	1
7:99493040|99494631(-)	1	0	0	1	0	0	1	0.37519999742507898	0.839900007471442	-0.58700000755488801	-0.042299997806549	0.083300000429153406	0.33920000294456198	0	0.000100000004749745	10.77	9.4900000000000002	3	1	0
7:100355804|100355143(+)	1	0	0	1	0	0	1	0.0027000028640031802	-0.19960001036524699	-0.882200014963746	0.0027000010013580301	0.00040000001899897998	0.000500000023748725	0	0.00070000003324821505	8.6899999999999995	9.4100000000000001	4	1	0
7:100819557|100820296(-)	1	0	1	1	1	1	1	3.4397999517619602	2.0913999855518299	2.97379997968673	1.82570000216364	0.64609999842941701	0.301799999922513	0.75659999428316904	0.46800000257789998	6.6500000000000004	7.2699999999999996	6	1	0
7:105142008|105146658(-)	1	0	1	1	1	1	1	6.0069000065326597	1.86779996864497	5.3507000565528804	3.37310000658035	0.90090000052005004	0.30020000000949898	1	0.61080000041983995	11	5.5	6	1	1
7:105459168|105495253(-)	1	0	1	1	1	0	1	6.0803999185562096	3.7960999660193901	3.0708999872207601	2.5392000257968901	1	0.78670000205747703	1	0.99780000448226902	10.65	7.1799999999999997	6	1	0
7:107576592|107575188(+)	1	0	1	1	1	1	1	5.8816999271511996	2.7568999469280202	4.3076000541448503	3.8613000605255299	0.95870000123977595	0.97319999933242796	0.999400001764297	0.71890000421553801	9.4800000000000004	6.4800000000000004	6	1	0
7:116700284|116699071(+)	1	0	1	1	1	0	0	0.89040000885725001	3.6590999245643601	3.38159993141889	4.4676999121904304	0.31090000085532599	0.99909999966621399	0.94580000042915302	0.78480000029085195	10.449999999999999	6.0999999999999996	6	1	1
7:127106496|127243515(-)	1	0	1	1	1	0	0	2.44279999360442	1.1399000003933899	4.2689001053571696	2.97709998190403	0.99950000047683696	0.300300000014249	0.91899999827146495	0.51220000013708999	8.7200000000000006	11.52	6	1	1
7:127242695|127243515(-)	1	0	1	1	1	0	0	2.44279999360442	1.1399000003933899	5.9071000069379798	3.0327999943867301	0.99950000047683696	0.300300000014249	0.99960000514984104	0.84180000387132103	10.289999999999999	11.52	6	1	1
7:129014979|129018157(-)	1	0	1	1	1	1	1	5.0287000507116302	2.3662000387907001	3.9029000446200302	2.7775000147521398	0.89929999709129305	0.69919999837875302	0.83199999909847899	0.50510000064968996	9.2699999999999996	8.6400000000000006	6	1	1
7:129727365|129671429(+)	1	0	1	1	1	0	1	6.28379993736743	2.9417000174522401	6.1374998807907097	3.9020999751984999	0.95070000290870604	0.60430000253254501	1	0.98589999675750695	9.4800000000000004	8.6600000000000001	5	1	1
7:130170400|130178527(-)	1	0	1	1	1	0	1	4.6170000314712496	2.5194999843835801	6.1625998139381402	3.1284999322146101	0.99980000257491997	0.65589999854564596	1	0.59509999752044596	6.8600000000000003	7.5099999999999998	7	1	1
7:131399433|131375424(+)	1	0	1	1	1	1	1	5.0450999230146403	2.4692000051960301	5.7310999728739196	3.1918000340461701	0.99980000257491997	0.60030000000260697	0.99089999794960004	0.76220000386238096	6.5599999999999996	8.8599999999999994	6	1	1
7:131399433|131387120(+)	1	0	1	1	1	1	1	4.1888000726699799	2.3806000266224099	5.7310999728739196	3.1918000340461701	0.99909999966621399	0.23239999903598799	0.99089999794960004	0.76220000386238096	6.5599999999999996	8.2799999999999994	6	1	1
7:139417729|139371387(+)	1	0	1	1	1	1	1	2.3290000200271601	2.4503000140190099	3.2054000496864301	2.1565000027418102	1	1	1	0.93659999370574898	7.4400000000000004	2.04	6	1	0
7:139715932|139717015(-)	1	0	1	1	1	0	0	7.64540011882782	1.95920000532642	6.3092000246047899	3.07149995565414	1	0.29580000089481401	1	0.69570000171661295	10.77	11.69	6	1	1
7:140355668|140358785(-)	1	0	1	1	1	1	1	3.7832000164315098	1.61339999660849	5.6133999884128496	2.5179999366402601	0.930100005865097	0.26279999817488697	0.927899998426437	0.53730000657960697	9.6500000000000004	10.18	6	1	1
7:143268943|143264086(+)	1	0	1	1	1	1	1	2.2864000409841498	1.2742999694775701	-0.42050000675953902	-0.43969999700784601	0.97699999809265103	0.28609999949112502	0.00020000000949948999	0	7.6299999999999999	11.800000000000001	6	1	0
7:148846470|148847305(-)	1	0	1	1	1	1	1	4.2722000062465604	3.1261000126600198	5.8770999908447203	4.8431999742984697	0.99990000128746004	0.99959999918937603	1	1	6.3600000000000003	4.1799999999999997	6	1	1
7:151118632|151117095(+)	1	0	1	1	1	0	1	5.7395000040531103	2.2783999919891298	5.0373999595642003	1.4316999386996001	1	0.29889999933075101	1	0.23170000051613801	6.2000000000000002	12.6	6	1	1
7:155680908|155672867(+)	1	0	1	1	1	0	0	4.4346999928355197	1.7227999970316801	5.58509992361068	4.8411998569965302	0.99969999790191599	0.200300000014249	0.99969999790191599	0.99990000128746004	8.3399999999999999	7.6200000000000001	6	1	1
7:156756393|156826744(-)	1	0	1	1	1	0	1	3.9433999538421598	4.1985999763011899	3.3954999625682798	2.9694999516010201	0.999400001764297	0.91440000236034302	0.97970000505447297	0.69550000260351197	8.3499999999999996	11.300000000000001	6	1	1
7:158759486|158764853(-)	1	0	1	1	1	1	1	4.3630000261589803	2.7812999697402101	5.0027000933885502	3.5236000806093202	0.94720000624656597	0.83739999453537095	0.98190000057220395	0.60120000001042995	9.3900000000000006	10.06	6	1	0
8:17993619|17985447(+)	1	0	1	1	1	0	0	5.96279986947774	3.3994999468326501	4.8477001130580897	2.62050000280141	0.99879999756812998	0.91940000057220395	0.99830000400543195	0.59719999859808004	10.220000000000001	7.9000000000000004	6	1	1
8:18014840|17989859(+)	1	0	1	1	1	1	0	4.49539998471736	2.6764000028371799	3.3842999756336201	2.6211999837309099	0.99909999966621399	0.82089999765157695	0.99990000128746004	0.68650000123307098	3.25	6.8300000000000001	7	1	0
8:25408940|25407983(+)	1	0	1	1	1	0	0	1.7990999728441199	1.66330000357702	2.9868999838828998	2.9510000020265501	0.53760000113397799	0.21249999988358401	0.91620000600814799	0.62269999980926505	8.0700000000000003	5.4800000000000004	6	1	0
8:41974704|41987563(-)	1	0	1	1	1	1	0	5.6141999661922402	2.6569000147283002	5.5859999351203404	3.1505000218749002	0.90219999998807898	0.95409999489784203	0.99480000138282698	0.67519999668002095	9.6500000000000004	9.5600000000000005	6	1	0
8:47440542|47396376(+)	1	0	1	1	1	0	1	0.064299994707107497	1.3228999808430599	3.4263000986073102	2.6912000302225301	0.058000000554602499	0.98470000028610205	0.90440000146627397	0.60049999998882397	10.1	7.9699999999999998	6	1	0
8:48043626|48043033(+)	1	0	1	1	1	1	1	6.75080001354217	2.6688999831676399	1.5808999508619299	1.1090999968349899	1	0.92010000050067897	1	0.73030000627040803	9.1600000000000001	7.3499999999999996	6	1	0
8:51860845|51861246(-)	1	0	1	1	1	1	1	1.7026000231504399	1.9462000094354099	6.2457000970840397	3.5692999750375698	0.999400001764297	0.99670000076293896	1	0.75069999824045197	7.2699999999999996	13.15	6	1	0
8:60743097|60741259(+)	1	0	1	1	1	0	0	2.9855999886989499	2.72039996758103	4.9096999675035402	2.9948000395670502	0.999400001764297	0.54700000062584797	0.99929999709129302	0.55790000276174401	11.08	7.3300000000000001	6	1	1
8:61540988|61536344(+)	1	0	0	0	0	0	0	0.078299997746944405	-0.30130000021308601	-0.68420000523328695	-0.43710000663995702	0.0046000001835636798	0.00060000002849847002	0.0013000000268220901	0.00250000006053596	0.63	7.6399999999999997	2	0	0
8:63187745|63186147(+)	1	0	1	1	1	1	1	6.1438999414443902	4.1332000046968398	6.8704999685287396	3.8546000078320501	1	0.99760000109672498	1	0.66860000034794198	9.2100000000000009	9.7899999999999991	6	1	1
8:66592440|66602523(-)	1	0	1	1	1	1	0	4.6138999700546197	1.97899999469518	0.86640001609921402	3.9799000665545399	0.94779999852180397	0.46160000254167199	0.45720000159926699	0.89809999763965598	5.5199999999999996	6.0499999999999998	6	1	1
8:67137603|67131951(+)	1	0	1	1	1	1	0	1.05590001605451	1.79019998311996	4.7629000186920099	3.51789998114109	0.51989999429788403	0.573500001523643	1	0.97409999966621397	5.0999999999999996	7.6900000000000004	6	1	0
8:98706467|98722969(-)	1	0	1	1	1	1	1	0.73590001240372604	0.55699998810887297	6.0696001052856401	3.4472000338137101	0.48410000894218602	0.081399999116547397	0.91010000035166705	0.52509999936446505	9.2100000000000009	10.630000000000001	6	1	0
8:98706467|98749390(-)	1	0	1	1	1	1	1	5.0609999835491104	2.2137000039219799	6.0696001052856401	3.4472000338137101	0.90039999894797795	0.275500000221654	0.91010000035166705	0.52509999936446505	9.2100000000000009	7.7999999999999998	6	1	1
8:106713985|106706382(+)	1	0	1	1	1	1	1	4.3435000767931298	3.0249000445008201	7.5786001145839599	3.3604000540450198	0.86520000100135797	0.90529999136924699	1	0.50920000001788102	10.279999999999999	5.0599999999999996	5	1	1
8:116655856|116658980(-)	1	0	1	1	1	0	1	5.67350003719329	1.80080003365874	5.6234999552369098	3.2562999401241499	0.87099999859929	0.23489999985322299	0.94239999949932096	0.66360000157728705	10.859999999999999	7.6600000000000001	6	1	1
8:128010444|128009590(+)	1	0	1	1	1	1	1	0.67780000017955899	0.364900000952184	1.0247999966144501	1.1306000173091799	0.0318999991519376	0.0033000000752508602	0.732600001990795	0.985800004005432	8.9499999999999993	10.49	4	1	0
8:130358017|130361771(-)	1	0	1	1	1	0	1	1.4831000074744201	0.102499996125698	4.4710000008344597	1.9499999612569801	0.832599997520446	0.020499999960884401	0.99830000400543195	0.42099999990314202	9.6500000000000004	8.1899999999999995	6	1	0
8:134599730|134610655(-)	1	0	1	1	0	1	1	3.62400003820657	2.23780002593994	0.46009999332018198	-0.039000003784894897	0.98809999823570205	0.99470000267028802	0.0044999999925494196	0.000900000007823109	6.3399999999999999	8.4499999999999993	2	1	0
8:134600436|134610655(-)	1	0	1	1	1	1	1	3.62400003820657	2.23780002593994	3.3100999772548598	3.77839996498078	0.98809999823570205	0.99470000267028802	0.81360000054119097	0.96740000247955305	10.65	8.4499999999999993	6	1	1
8:142343966|142345892(-)	1	0	1	1	1	1	1	0.254400003701448	0.080399989336728997	0.026999998092651301	0.45779999680817102	0.0033000000286847299	0.0028000000398606	0.042199999489821401	0.19539999943226499	10.029999999999999	10.66	6	1	0
9:5968019|5988545(-)	1	0	1	1	1	0	1	4.1767000019550302	3.82479997873306	4.7507999420165996	2.8873999819159502	1	1	1	0.61500000059604598	8.6899999999999995	5.2599999999999998	6	1	1
9:6434173|6420912(+)	1	0	1	1	1	1	1	5.7400000333785997	2.14460003972053	5.7610000133514401	5.5256999969482399	1	0.24949999935924999	1	1	8.8200000000000003	9.4700000000000006	6	1	1
9:17236588|17235658(+)	1	0	1	1	1	0	0	2.56419998407363	1.71829999536275	4.4734000027179697	1.88679999448359	1	0.61510000079870197	0.99950000047683696	0.31170000004349202	7.6399999999999997	9.6799999999999997	6	1	0
9:17342444|17309058(+)	1	0	1	1	1	0	0	3.5245000362396199	2.3242999985814001	3.9577998876571598	3.8967999625951002	1	0.75370000526309	0.99990000128746004	0.79940000176429704	8.4000000000000004	4.5499999999999998	6	1	0
9:20823115|20819796(+)	1	0	1	1	1	1	1	3.9314000055193898	2.9066999286413102	4.6505000054836199	1.96670003891922	0.99909999966621399	0.97289999723434395	0.999400001764297	0.499699997110292	8.9900000000000002	8.3300000000000001	6	1	1
9:20933103|20923660(+)	1	0	1	1	1	1	0	3.6201999187469398	1.9263999670743901	5.4721998929977396	3.2264000330120299	0.98109999895095801	0.44649999941466301	1	0.94010000228881796	7.4400000000000004	9.5	6	1	0
9:27048274|27009020(+)	1	0	1	1	1	0	0	4.65509996414184	2.1947000011801698	3.0803999774158002	2.1377999953925602	1	0.62559999860823101	0.99909999966621399	0.45340000181458801	9.2200000000000006	9.9700000000000006	6	1	1
9:33944365|33948587(-)	1	0	1	1	1	1	1	5.1524998761713503	2.0081999685615299	3.5490000545978502	1.83529997710138	0.90470000058412503	0.38330000182613699	0.95580000281333899	0.21139999990118599	7.9299999999999997	6.3300000000000001	6	1	0
9:33948374|33956146(-)	1	0	1	1	1	1	1	4.6351999521255403	1.1341000214218999	3.7819000050425502	2.6962999574839999	1	0.31239999830722798	0.99890000224113396	0.59999999999999998	7.0300000000000002	8.9499999999999993	6	1	0
9:33986760|34017189(-)	1	0	1	1	1	1	1	5.2742999315261798	2.8535000026225998	3.0052000164985602	2.4385000067762999	1	0.99210000634193396	0.979900002479553	0.50319999695057005	9.8499999999999996	9.6899999999999995	6	1	1
9:35313989|35295696(+)	1	0	1	1	1	1	0	5.6834000326692999	3.1706000030040702	4.5744999766349697	3.9212999746203399	0.99729999899864197	0.51989999469369597	0.97210000157356202	0.87060000300407403	8.2400000000000002	7.1900000000000004	6	1	1
9:74996447|75017448(-)	1	0	1	1	1	0	1	3.8708000540733298	4.0034000556915998	5.3944998383521998	3.8235999584197899	1	0.99780000448226902	1	0.76359999924898103	9.6600000000000001	7.2800000000000002	6	1	0
9:75016268|75017448(-)	1	0	1	1	1	1	1	3.8708000540733298	4.0034000556915998	3.7373000353574701	3.3190000362694199	1	0.99780000448226902	0.95129999518394404	0.65709999944083397	6.4100000000000001	7.2800000000000002	6	1	0
9:83677727|83678599(-)	1	0	1	1	1	1	1	5.3596000045537897	2.5071999818086601	2.7929000072181198	1.4520000107586299	0.80180000009713603	0.55000000353902501	0.99890000224113396	0.42989999852143201	9.1199999999999992	3.4399999999999999	6	1	1
9:83677727|83683066(-)	1	0	1	1	1	1	1	3.3400000184774399	1.6270000066608099	2.7929000072181198	1.4520000107586299	0.99969999790191599	0.3533999971929	0.99890000224113396	0.42989999852143201	9.1199999999999992	9.2300000000000004	6	1	1
9:83678441|83686155(-)	1	0	1	1	1	1	1	5.8390999674796999	2.4394000262022	4.6082000315189298	1.65360002368688	0.99990000128746004	0.305400000652298	0.81660000085830597	0.39039999917149498	4.2800000000000002	7.1799999999999997	6	1	0
9:83679775|83686155(-)	1	0	1	1	1	1	1	5.8390999674796999	2.4394000262022	5.2495000578462996	2.8053999558091101	0.99990000128746004	0.305400000652298	0.99720000028610201	0.64159999936819001	7.4400000000000004	7.1799999999999997	6	1	1
9:85575315|85596449(-)	1	0	1	1	1	1	1	5.1966000378131803	1.45530001595616	3.9574000090360602	1.9080000120215099	0.90280000008642602	0.34510000104783101	0.99920000433921796	0.270900000038091	7	11.81	6	1	1
9:85585463|85596449(-)	1	0	1	1	1	1	1	5.1966000378131803	1.45530001595616	4.8246999919414497	2.4193000253289898	0.90280000008642602	0.34510000104783101	0.99589999914169303	0.65160000766627402	6.6200000000000001	11.81	6	1	1
9:92256680|92269983(-)	1	0	1	1	1	1	1	5.1235999956727003	2.0161999855190502	5.4097000598907403	2.2078000217676101	0.87179999947547904	0.30150000179419201	1	0.24609999943058899	10.67	9.8599999999999994	5	1	0
9:92268174|92269983(-)	1	0	1	1	1	1	1	5.1235999956727003	2.0161999855190502	4.9591000258922504	2.0261999823152999	0.87179999947547904	0.30150000179419201	0.99750000238418501	0.50170000041834995	8.4100000000000001	9.8599999999999994	5	1	0
9:93476338|93471141(+)	1	0	1	1	1	0	0	6.2720999091863598	2.0448999445885399	5.4219000794924703	2.8921999871730799	0.95139999985694801	0.27069999994709998	0.98359999656677199	0.353499999642372	6.8200000000000003	9.6400000000000006	6	1	0
9:94801002|94773002(+)	1	0	1	1	1	0	1	5.07249997258186	3.05929999351501	6.3268001146614496	2.7206000328063902	0.99419999718665997	0.99809999465942301	0.99739999771118104	0.48460000138729797	9.8000000000000007	12.66	6	1	1
9:95956013|95897849(+)	1	0	1	1	1	0	1	4.2804000418633201	1.1782999947667101	5.3746000796556404	2.1080999463796601	0.99309999942779503	0.20280000008642601	0.95749999880790704	0.43559999754652301	8.7599999999999998	7.1399999999999997	6	1	0
9:106935621|106923354(+)	1	0	1	1	1	0	0	4.66170002222061	2.0912999905645799	5.3214000642299597	4.0223999708890901	1	0.53399999961256905	0.99969999790191599	0.79979999884963004	10.1	9.4800000000000004	6	0	1
9:112250929|112252788(-)	1	0	1	1	1	1	0	5.2656999599188499	2.8712000280618599	4.6231999590992903	3.17240001484751	0.989800000190734	0.98930000066757195	0.99589999914169303	0.699299997591879	9.2699999999999996	6.9299999999999997	6	1	1
9:120437295|120491477(-)	1	0	1	1	1	1	0	3.1009999871253902	1.50849997848272	2.4463999647647099	2.5505999982356999	1	0.33410000652074801	0.60370000004768298	0.68430000096559496	10.15	9.0999999999999996	6	1	1
9:123169902|123184298(-)	1	0	1	1	1	0	1	1.8912000209093001	1.86649999767541	3.7697000503539999	2.0627000175416401	0.98930000662803597	0.49920000336132903	0.99850000143051099	0.50259999798145105	5.9900000000000002	13.869999999999999	6	1	1
9:128169052|128180799(-)	1	0	1	1	1	1	1	0.24020000919699599	2.1749999843537799	2.7481999844312601	0.99000000543892297	0.20479999929666501	0.92289999574422799	0.99960000514984104	0.30029999898979398	4.8700000000000001	3.4199999999999999	7	1	0
9:133408768|133412921(-)	1	0	1	1	1	1	1	3.1375999387353599	1.8446000055409899	1.7951999753713599	0.72360001653432804	0.60419999993173401	0.25540000032633497	0.53940000304719404	0.29870000014780002	8.4000000000000004	11.199999999999999	5	1	1
9:135850137|135850461(-)	1	0	1	1	1	1	0	4.5564999386668203	1.3383999854326201	3.4689000353217101	3.0435000121593401	0.896900002658367	0.20049999998882401	0.99200000166892999	0.64190000126836799	11.449999999999999	8.7100000000000009	6	1	0
9:135850137|135866536(-)	1	0	1	1	1	1	0	4.2955999851226796	2.2095999866724001	3.4689000353217101	3.0435000121593401	0.90109999794512896	0.63800000101327803	0.99200000166892999	0.64190000126836799	11.449999999999999	10.42	6	1	0
9:137762820|137728349(+)	1	0	1	1	1	1	0	1.7319999873638099	2.63230001330375	3.01829999387264	1.9531999900937	0.99169999957084598	0.99779999852180401	0.90180000066757204	0.50680000111460599	6.9500000000000002	8.2899999999999991	6	1	0
9:137762820|137754171(+)	1	0	1	1	1	1	0	4.0441000223159698	2.4995000209659302	3.01829999387264	1.9531999900937	0.89920000096317299	0.50040000597946299	0.90180000066757204	0.50680000111460599	6.9500000000000002	7.6600000000000001	6	1	0
9:137818138|137811461(+)	1	0	1	1	1	0	0	6.7669999837875299	2.1909999722614799	5.6787000142037796	1.7706999916583299	1	0.263900000927969	0.92630000114440902	0.27449999839300199	8.9900000000000002	8.4700000000000006	6	1	0
X:10523092|10567603(-)	1	0	1	1	1	1	0	5.56659994125366	4.9189000129699698	4.6748999953269896	3.3503999352455098	1	0.99020000100135797	0.871699997223913	0.99780000448226902	7.9699999999999998	9.4299999999999997	6	1	0
X:10566888|10567603(-)	1	0	1	1	1	1	0	5.56659994125366	4.9189000129699698	5.4692000627517698	3.7893999844789499	1	0.99020000100135797	1	0.73389999995706601	8.5399999999999991	9.4299999999999997	6	1	0
X:17692468|17687742(+)	1	0	1	1	1	0	1	4.96499992758035	2.1013999767601401	2.1815999692305899	2.3249999925494098	0.862000000476837	0.255500001925975	0.89860000014305097	0.53639999886509004	11.81	11.130000000000001	6	1	0
X:24179770|24172715(+)	1	0	1	1	1	1	1	2.7434999883174802	1.6116999849677001	5.0403999201953402	4.5092999517917596	0.99990000128746004	0.49090000549331297	0.99739999771118104	0.91410000026226002	7.5199999999999996	9.1400000000000006	6	1	0
X:24826601|24699425(+)	1	0	1	1	1	0	0	1.5073999857529901	1.7933999866247099	4.2933999955654096	3.1554000169038701	0.97060000300407401	0.98670000433921801	0.75420000106096197	0.64769999961135905	10.24	10.23	6	0	0
X:53645311|53680186(-)	1	0	1	1	1	0	0	0.74819998107850505	1.9634999930858601	5.3950999826192803	2.3899000316858201	0.63030000496655703	0.89750000853091405	0.99259999990463199	0.69440000187605599	10.029999999999999	9.4600000000000009	6	1	0
X:101109998|101101058(+)	1	0	1	1	1	0	0	0.66960000097751604	1.44470002055168	1.83260001391172	3.4994999825954398	0.48379999714670702	0.61300000697374302	0.51199999824166298	0.99070000052452001	10.65	7.3899999999999997	7	1	1
X:118393271|118387340(+)	1	0	1	1	1	1	1	2.7241000108420801	1.7971999824047	3.13140002600848	3.0453999966382899	0.99089999794960004	0.65489999838173296	0.97229999899864195	0.88670000024139795	3.2599999999999998	11.33	5	1	0
X:123610918|123614189(-)	1	0	1	1	1	1	0	5.1110000133514397	4.4792000055313101	2.9462999522686002	3.5595999732613501	1	1	0.80360000431537604	0.90359999537467905	10.470000000000001	6.5899999999999999	6	1	1
X:129588263|129540744(+)	1	0	1	1	1	0	1	1.9772999629378301	0.98109997734427401	4.43770004510879	6.1010000348091102	0.88970000743865896	0.37969999834895102	1	0.90000000000000002	-4.8799999999999999	-6.5800000000000001	5	0	1
X:140784659|140783175(+)	1	0	1	1	0	0	1	0.92879999876022301	1.50130001455545	0.423500008136034	0.32329999133944498	0.54420000062091201	0.50419999989680897	0.19899999757762901	0.42250000461935999	6.4900000000000002	5.1799999999999997	4	1	1
X:150737448|150699195(+)	1	0	1	1	1	0	1	4.4526000626385196	3.8265999615192401	3.0535000056028299	3.0103000387549401	0.99470000267028802	1	0.80450000260025201	0.71640000222250799	10.65	5.6699999999999999	6	1	0
X:154769310|154768302(+)	1	0	1	1	1	1	1	5.7880000330507704	2.4984000265598199	5.2498000800609503	3.4683000147342602	0.92350000143051103	0.39189999923110003	0.87280000110622402	0.74790000319480898	9.0700000000000003	10.07	6	1	0
1:6222970|6208881(+)	0	1	0	1	0	0	1	2.5191999852657299	1.5659999877214399	-0.052899997681379297	-0.110800017602741	0.60020000000949902	0.293600002815946	0.0021999999415129399	0.0114000002737157	9.3499999999999996	9.25	0	0	0
1:6833990|6806983(+)	0	1	0	1	0	0	1	0.19689999595284399	0.799900002777576	0.0017000043764710401	0.020900004170834999	0.077200000686570999	0.18679999914020301	0.0025000000488944298	0.0101999997161328	9.0800000000000001	3.73	4	1	0
1:16607204|16606557(+)	0	1	0	0	0	0	0	-0.75459998846053999	0.063499999046325598	-0.24389998614788	-0.58679998740553796	0.00020000000949948999	0.00450000001583248	0.0033000001101754599	0.00540000000037252	3.4700000000000002	-2.0899999999999999	0	0	0
1:27906156|27905555(+)	0	1	0	0	0	0	0	0.11139999628067	0.073500007390975897	0.096099999547004697	0.22030000090599	0.022800000011920899	0.031100000068545301	0.026100000180303999	0.050899999588727901	4.9400000000000004	3.8399999999999999	0	0	0
1:31907661|31908960(-)	0	1	0	1	0	0	0	4.0454000025987602	3.3804000064730602	1.4673999797552799	0.93189999945461699	0.95389999747276299	0.73479999974370003	0.64830000102519902	0.306199997244402	7.6399999999999997	8.8100000000000005	2	0	0
1:32324693|32323676(+)	0	1	0	0	0	0	0	0.196400003135204	0.12990000098943699	0.94460000693797996	-0.28170000016689301	0.0085999999195337292	0.00909999990835785	0.81449999213218605	0.030000000155996499	-2.6099999999999999	0.050000000000000003	1	0	0
1:35187230|35188090(-)	0	1	0	1	0	0	0	5.1560000002384099	2.7605999937280998	4.8835999608039797	2.3137999884784199	0.99079999923705997	0.66640000492334295	1	0.97289999723434395	-6.7999999999999998	4.2000000000000002	2	1	0
1:39121258|39117852(+)	0	1	0	0	0	0	0	0.58389998376369401	0.30780000463127999	0.065799999982118607	-0.33450000621378401	0.46280000428669099	0.00090000003110617404	0.0077000000397674699	0	10.859999999999999	4.9299999999999997	2	0	0
1:39476864|39475953(+)	0	1	0	0	0	0	0	0.084899997245520303	-0.30029999166727001	0.230500000715255	0.112199999392032	0.016700000164564601	0.000100000004749745	0.43519999980926499	0.42599999904632502	-1.3700000000000001	-14.289999999999999	1	0	0
1:44061227|44050950(+)	0	1	1	1	1	1	1	0.186200000345706	-0.16820000112056699	0.095300003886222798	0.30999999940395301	0.021900000050663899	0.0152000001631677	0.15250000357627799	0.17980000078678099	7.9100000000000001	8.7699999999999996	3	1	0
1:45191260|45191640(-)	0	1	0	0	0	0	0	0.48240000512450898	0.38209999166428998	0.297299990057945	-0.38499999642372101	0.018900000478606599	0.0044000001274980601	0.0073000002419575999	0.000500000023748725	9.4499999999999993	10	3	1	0
1:45697727|45697522(+)	0	1	0	0	0	0	0	0.16119999587535799	0.037599998712539599	0.21309999525546999	-0.49890000820159902	0.016799999680369999	0.0191999999806284	0.034599999990314198	0.00150000007124617	7.9299999999999997	-2	0	0	0
1:48097236|48011530(+)	0	1	0	1	0	0	0	0.220199992135167	0.49789999127388002	-1.01140000727027	-0.76780001968145295	0.22179999928921401	0.50950000286102204	0.0035999999148771098	0.000100000004749745	10.16	9.3499999999999996	2	1	0
1:48590833|48663241(-)	0	1	1	1	1	0	0	2.7175999224185898	2.4115999918430999	5.35199987888336	2.9177000429481201	0.61300000157207202	0.80050000975606905	0.99300000071525496	0.67559999972581797	4.2000000000000002	11.119999999999999	3	1	0
1:52315094|52268463(+)	0	1	0	1	0	0	1	3.3264999806880899	2.3789000511169398	-0.10840000212192499	0.14710000455379399	1	0.99840000271797102	0.0230000000447034	0.014999999850988301	5.8799999999999999	2.98	1	0	0
1:54228255|54228826(-)	0	1	1	1	1	1	1	6.4968998193740797	1.8812999621033599	4.5685998976230602	2.8299000084400099	0.90000000000000002	0.30030000130645901	0.900400000018999	0.60519999712705597	6.1200000000000001	9.6600000000000001	4	1	0
1:61720531|61721274(-)	0	1	0	0	0	0	0	0.23520000129938101	0.114699999988079	-0.32410000115632998	-0.17570000141858999	0.49560000598430598	0.48109999895095801	0.0148000002373009	0.0028000000980682601	1.3999999999999999	-17.399999999999999	1	0	0
1:65613042|65605038(+)	0	1	0	1	0	0	0	1.86260001212358	2.9714999780058799	0.0111999958753585	0.32250000536441797	0.68470000140368903	0.88720000088214801	0.050400000065565102	0.10630000010132699	6.3799999999999999	7.4299999999999997	0	0	0
1:72557986|72555211(+)	0	1	1	1	1	0	1	0.13839999546762499	-0.118999998504295	-0.15339999794959999	0.33600000739097502	0.0042000001063570297	0.000500000023748725	0.0074000000022351698	0.091499999538063995	11.01	8.3699999999999992	3	1	0
1:90262346|90287262(-)	0	1	0	0	0	0	0	-0.21170000135898501	0.25009999722242299	0.226599994301795	-0.1158999979496	0.0027000000700354498	0.016999999980907801	0.084700001031160294	0.023199999891221498	9.5700000000000003	10.15	1	0	0
1:92263623|92291537(-)	0	1	1	1	1	1	1	2.3786000192165302	1.8552000418305299	3.6937999546527802	2.7155000001191998	0.97010000348091097	0.64329999089240997	0.99980000257491997	0.50260000131092897	7.6500000000000004	8.5099999999999998	2	1	0
1:93286310|93325895(-)	0	1	0	1	0	0	1	0.0460999945178628	1.12459999918937	0.161499999463558	0.12569999694824199	0.0018000000389292801	0.74219999834895101	0.087800000607967305	0.069899999722838405	7.7599999999999998	9.3100000000000005	2	0	0
1:107683488|107777296(-)	0	1	1	1	1	1	0	4.3903000593185402	1.49520000219345	3.32750000953674	2.5872999861836399	0.80090000003110595	0.20000000000000001	0.89949999710079198	0.98970000147819503	6.9900000000000002	11.34	5	0	0
1:108339603|108331171(+)	0	1	0	1	0	0	1	3.6450000017881301	2.7790000319480801	0.398500006645917	0.18889999645762101	0.80589999984949801	0.93009999990463199	0.0057000001193955501	0.0031000001123174998	11.08	6.5099999999999998	3	1	0
1:108782706|108772665(+)	0	1	1	1	1	1	0	3.46009991317987	2.9158999122679199	4.2656000673770897	3.0549999877810401	0.89750000028871002	0.908999991416931	0.999700003862381	0.84689999818801798	10.57	8.7400000000000002	3	0	0
1:114732604|114738072(-)	0	1	1	1	1	1	1	6.4882998228073099	2.5407999560236898	5.5232999801635696	2.6232000172138199	1	0.65770000414922802	1	0.86650000214576695	11.01	7.4199999999999999	5	0	0
1:145904052|145907465(-)	0	1	1	1	1	0	1	1.5204999743029399	1.6130000047851301	2.6591000109910898	1.6295999690890299	0.77829999979585396	0.41260000176262102	0.49859999824548101	0.545500004291534	8.3000000000000007	9.3699999999999992	4	1	0
1:148271834|148274977(-)	0	1	0	1	0	0	1	0.19800000749528399	-0.28579999208450302	-0.017999999225139601	-0.448899990320205	0.0069000000134110404	0.0047000000020489098	0.0055000000051222703	0.000500000023748725	7.0300000000000002	8.8000000000000007	0	0	0
1:150223186|150226681(-)	0	1	1	0	0	1	0	2.92249999865889	3.0439999878406501	1.6404000043869	1.0641999952495	0.98249999880790695	0.73690000287024304	0.92500000000000004	0.75800000348826801	9.25	-14.029999999999999	2	0	0
1:151690696|151691172(-)	0	1	0	0	0	0	0	0.039600008726119899	0.16360000371932901	-0.13590000420808701	0.037100002169609	0.0114000001223757	0.028099999716505401	0.00100000004749745	0.0040000001550652003	4.2999999999999998	-14.710000000000001	0	0	0
1:169862613|169869128(-)	0	1	1	1	1	0	1	1.61380000859498	2.0349999904632501	5.55500003993511	1.88740002419799	0.999700003862381	0.92329999953508302	0.94450000226497599	0.41159999499795902	7.4100000000000001	8.9199999999999999	7	1	0
1:170031886|170039288(-)	0	1	1	1	1	0	0	3.9283999919891301	2.6169000327587102	4.7050000756978898	2.8081000465899701	0.90750000029802302	0.89970000048633603	0.89850000272272101	0.71619999706745097	8.5500000000000007	5.3499999999999996	4	0	0
1:171790616|171781988(+)	0	1	1	1	0	1	1	3.3491999654099298	3.6542000234127001	2.0582000100985098	1.68829999491572	0.98340000510215697	0.80190000273287299	0.61589999552816099	0.5	6.9500000000000002	3.75	2	0	0
1:186320312|186323870(-)	0	1	1	1	1	0	0	3.16100007118657	1.5857000097632401	6.68010014295578	2.3992999881505899	0.84849999994039504	0.20920000002952199	0.99980000257491997	0.51949999630451205	8.3900000000000006	11.199999999999999	1	0	0
1:186470395|186390711(+)	0	1	1	1	0	0	0	3.46330001056194	1.5739000189583701	0.15940000265836701	0.36439999686553998	0.99950000047683696	0.34889999886508999	0.22180000096559499	0.132899999991059	8.1400000000000006	7.4699999999999998	0	0	0
1:187418003|187326921(+)	0	1	1	1	1	1	1	0.25729999803006598	-0.63110001012682904	0.20550000183284201	-0.075999994389712805	0.028499999758787399	0	0.0039000001153908599	0.00140000003157183	8.0800000000000001	7.9299999999999997	5	0	0
1:193135589|193122112(+)	0	1	1	0	0	1	0	0.72450000792741698	0.35540000721812198	5.2220000267028803	3.06260002851486	0.45350000131875201	0.19550000454764799	1	0.41290000041481101	8.2699999999999996	-23.23	0	0	0
1:202941466|202941324(+)	0	1	0	0	0	0	0	0.32970001399517002	1.1300000101327801	1.9583000093698499	2.3840000152587799	0.24310000120894901	0.70139999687671595	0.99919999837875295	1	-1.48	-7.0199999999999996	3	0	0
1:205118104|205118351(-)	0	1	0	0	0	0	0	-0.16310000270604999	0.087700001895427704	-0.26990000605583098	-0.426499995589256	0.0071999998297542301	0.015599999949336	0.026600000320468099	0.0014000000548548899	0.67000000000000004	-1.6200000000000001	3	1	0
1:206595718|206600308(-)	0	1	1	1	1	1	1	4.1461000025272297	2.6102999798953501	5.4210000187158496	2.86289992257952	0.90920000001788104	0.62739999642362798	0.93000000119209203	0.98439999818801804	8.8300000000000001	6.9299999999999997	5	1	0
1:211304140|211260108(+)	0	1	1	1	1	1	1	2.8604000210762002	2.77489998936653	6.80850015878677	3.9391000449657398	1	0.99990000128746004	1	0.99959999918937603	7.8399999999999999	9.1300000000000008	6	1	0
1:213230544|213205239(+)	0	1	1	0	0	1	0	0.43359998669475303	0.26360000255517602	4.4980999708175604	3.7680999524891301	0.0059999999706633299	0.0036000001360662198	1	0.85550000369548795	9.7200000000000006	1.8400000000000001	2	1	0
1:226159184|226166000(-)	0	1	1	1	1	1	0	5.5358999161049702	1.9223999761044901	6.3171001315116797	1.99310003072023	0.99580000042915295	0.20300000002607699	0.96270000338554296	0.29999999999999999	10.029999999999999	10.210000000000001	6	1	0
1:226908683|226896993(+)	0	1	1	0	0	1	0	-0.088600002229213701	-0.019800002872943801	-0.23659999966621301	0.39590000361204097	0.0070000000065192497	0.00130000005010515	0.00040000001899897998	0.0039000000571831998	7.75	6.2199999999999998	3	0	0
1:229306457|229306775(-)	0	1	0	0	0	0	0	-0.14980000257491999	-0.188799995183944	0.200099998712539	-0.034699996560811998	0.00310000006575137	0.0039000001386739298	0.014200000045821001	0.0019000000786036199	4.2999999999999998	-27.949999999999999	0	0	0
1:229538814|229556947(-)	0	1	0	0	0	0	0	-0.35629999767988901	0.102099998388439	0.090200003795325695	-0.15020000217482399	0.000100000004749745	0.0029000000096857498	0.00060000002849847002	0.00189999998547136	10.859999999999999	-3.4100000000000001	1	0	0
1:239494651|239492709(+)	0	1	0	1	0	0	1	0.104799985140562	0.244099998474121	0.152000001072883	0.052599999308586103	0.00110000002896413	0.0100999999325722	0.0239000001922249	0.0147000000113621	4.71	12.07	3	1	0
1:241448649|241446915(+)	0	1	1	1	1	1	0	0.271800009906291	-0.42629999220371201	-0.063700003921985604	-0.95089998841285694	0.0063000000314786999	0.00189999998547136	0.0012000000453554001	0	7.3300000000000001	7.2800000000000002	4	1	0
1:244854318|244862730(-)	0	1	1	1	0	1	1	4.0770000338554304	3.4601999938487999	4.5699999570846499	4.2590000033378601	1	0.87840000053402001	1	1	-1.8600000000000001	8.75	2	0	1
1:244856487|244856113(+)	0	1	0	0	0	0	0	3.8581000268459298	4.6760999798774696	5.8825998749583901	5.0682998776435797	0.99990000128746004	1	0.97870000004768298	0.91780000030994402	-1.1200000000000001	1.0700000000000001	0	0	1
10:5731203|5699525(+)	0	1	1	0	0	0	0	0.56350000537931899	0.023599991947412399	4.1093000888824402	1.80379998832941	0.39720000326633398	0.109299998683854	1	0.63340000043390299	9.8499999999999996	2.6600000000000001	4	0	0
10:12149961|12081472(+)	0	1	1	1	0	1	1	4.8099999204277903	1.7038000285625401	5.96210000608116	2.3793000094126899	0.99930000305175704	0.27100000083446502	0.98489999771118097	0.599699999392032	10.77	6.1100000000000003	3	1	0
10:12089255|12088986(+)	0	1	1	1	1	1	1	5.6471999615430803	1.76369999609887	4.8186999648809401	1.5819000502582601	0.99929999709129302	0.38459999947808599	0.99620000123977603	0.35260000068228597	8.1699999999999999	3.1699999999999999	5	0	0
10:17229867|17233670(-)	0	1	0	0	0	0	0	5.7138001680374098	5.4641001194715502	6.1651999980211203	4.6868999987840603	1	0.81659999787807402	0.95929999947547895	0.99980000257491997	-1.8999999999999999	-8.2599999999999998	2	0	0
10:20362755|20279703(+)	0	1	0	1	0	0	0	5.2870000220835198	2.5183000385761201	-0.40599999614059901	-0.20540000293403801	0.96420000195503197	0.42820000293431798	0.00030000001424923501	0.00020000000949948999	6.0300000000000002	12.710000000000001	2	1	0
10:22541804|22609717(-)	0	1	1	1	1	0	0	5.9456000804901104	2.3758000254631	4.62459998428821	3.4752999439835501	1	0.59950000140815896	0.99830000400543195	0.53490000069141297	9.7200000000000006	9.9800000000000004	1	0	0
10:26843239|26836367(+)	0	1	0	0	0	0	0	-0.0053000003099441502	-0.435200005769729	0.099100002460181705	-0.069300013035535804	0.0204999999143183	0.0014000000548548899	0.0020000000717118301	0.0024000000674277498	4.9400000000000004	-2.1000000000000001	0	0	0
10:31119303|31105939(+)	0	1	0	1	0	0	0	-0.14549999237060501	-0.018500000052153999	0.134100001398473	0.0630999956047162	0.00129999999189749	0.00020000000949948999	0.0027000000700354498	0.00070000002160668302	8.5999999999999996	5.1900000000000004	0	1	0
10:32305896|32346795(-)	0	1	0	0	0	0	0	6.4089998364448499	6.2090998172759999	5.9423000633716496	6.3157000649720398	1	0.99990000128746004	0.99980000257491997	0.99229999780654898	3.0899999999999999	2.77	2	0	0
10:32623817|32451592(+)	0	1	1	1	0	1	0	0.80690000597387501	1.34880001600831	-0.041100001335144	0.072999998927116394	0.45950000099837701	0.65980000123381599	0.045299999602138999	0.0124999998137354	11.449999999999999	10.52	3	1	0
10:32664577|32543300(+)	0	1	0	1	0	0	0	0.68519999175332402	0.33199999704957001	0.19680000878870399	-0.51620000526308996	0.31039999779313798	0.33449999352451398	0.0061999999335967003	0.000100000004749745	9.1400000000000006	3.2400000000000002	1	0	0
10:37852245|37852932(-)	0	1	0	0	0	0	0	-0.092100003361701904	0.177499997615814	-0.20560000836849199	-0.29150001108646301	0.0071000001858919802	0.018999999854713599	0.00180000006221234	0.00060000002849847002	-0.52000000000000002	-25.440000000000001	0	0	0
10:49832803|49935142(-)	0	1	1	1	1	1	1	2.8986000329256001	2.0361000202596098	5.1005998969078004	2.3275999356061199	1	0.80960000157356204	1	0.58989999853074504	11	7.5099999999999998	4	1	0
10:63454859|63460066(-)	0	1	0	0	0	0	0	0.46080000028014101	-0.303800006117671	-0.217200000584125	0.262900001555681	0.0196000002208165	0.0031000000191852401	0.00040000001899897998	0.023799999931361501	4.8600000000000003	3	3	1	0
10:67956878|68025676(-)	0	1	1	1	1	1	0	5.8570000141858998	3.0734000131487802	6.9569000422954499	2.5191999852657299	0.98110000491142202	0.91580000817775697	1	0.55069999629631605	8.5899999999999999	10.35	5	0	0
10:68468123|68516843(-)	0	1	1	1	0	0	1	4.4888999674469199	1.5920000059413699	2.71239998862147	1.8123999971896401	0.98960000276565496	0.68670000694692102	0.87260000407695704	0.20399999993387599	5.8300000000000001	7.54	0	0	0
10:68483420|68506738(-)	0	1	1	0	0	1	0	1.15410001352429	1.2611000109463899	0.145800014957785	0.745399992261081	0.62479999323841096	0.59300000105285999	0.019300000171642701	0.0886999993235804	5.29	8.0199999999999996	1	1	0
10:82004007|82005959(-)	0	1	0	0	0	0	0	0.040000013262033403	-0.30919999908655799	0.16970000155270001	0.34430000483989698	0.0010000000125728499	0	0.01469999961555	0.017800000170245699	-1.1299999999999999	5.6699999999999999	0	0	0
10:86958778|86959669(-)	0	1	0	0	0	0	0	2.1207999859237998	3.0827999994158701	4.1740998625755301	5.6702998965978599	0.83010000586509702	0.99790000319480898	0.69929999709129298	0.94629999995231595	-12.5	-0.93000000000000005	1	0	0
10:89733056|89716436(+)	0	1	1	1	1	0	0	3.8151999197900199	2.15869996137917	3.4023000717162999	1.71990000158548	0.85459999879822102	0.27329999896464802	1	0.46490000108024099	7.5199999999999996	6.9800000000000004	2	0	1
10:94562727|94558145(+)	0	1	1	0	0	1	0	3.01909996271133	2.8269000157713799	2.3374999970197599	1.5668999902903999	1	0.96389999985694796	0.84519999881740604	0.40759999547153702	8.7599999999999998	-4.1500000000000004	0	0	0
10:100259935|100257561(+)	0	1	0	0	0	0	0	0.26270000096410501	-0.146600008755922	-0.18059999346732999	-0.33399999141693099	0.019700000248849301	0.0012000000453554001	0.0031000000890344299	0.00130000003846362	6.3200000000000003	5.0199999999999996	0	0	0
11:611672|611035(+)	0	1	0	0	0	0	0	5.8081999212503401	4.1052999630570399	4.6838000535964897	4.6388999298214904	0.99620000123977603	0.99769999980926505	0.89939999838825302	0.98080000281333901	3.5800000000000001	-26.399999999999999	1	0	0
11:2964680|2989197(-)	0	1	1	1	1	1	1	-0.42860000394284697	-0.40260000415146302	5.8392000909894701	3.27640003450214	0.000100000004749745	0.00020000000949948999	0.98809999823570205	0.64860000219196001	10.130000000000001	2.0699999999999998	2	1	0
11:2988642|2989047(-)	0	1	0	0	0	0	0	-0.068299999460577895	-0.36930000279098701	-0.43510000212118	0.094999999925494197	0.00220000005792826	0.0021999999415129399	0.00020000000949948999	0.0018999999971128999	-1.48	1.1399999999999999	0	0	0
11:12986040|13001226(-)	0	1	1	1	0	1	0	-0.26610000580549198	0.117399998009204	-0.029600008577108299	0.35819999426603299	0.00040000001899897998	0.0073000000673346197	0.0020000000484287702	0.0118999999249354	9.8200000000000003	12.449999999999999	3	0	0
11:16438380|16589400(-)	0	1	0	0	0	0	0	0.51340000405907604	0.66440000981092395	0.81310000717639896	0.461700010299682	0.082200000516604602	0.16629999834112799	0.99780000448226902	0.73979999262373897	8.3900000000000006	8.6799999999999997	3	1	0
11:28159279|28134546(+)	0	1	0	1	0	0	1	0.201900002360343	0.19050000309944101	-0.095600000023841794	0.24219999909400899	0.080999999493360494	0.124300001561641	0.040700000943615998	0.097300000488758004	10.279999999999999	8.9399999999999995	4	0	0
11:28159279|28156128(+)	0	1	0	0	0	0	0	0.19379999563097899	0.339900004863739	-0.095600000023841794	0.24219999909400899	0.0096999998204410007	0.039499999955296503	0.040700000943615998	0.097300000488758004	10.279999999999999	7.7800000000000002	3	0	0
11:31958805|31872493(+)	0	1	1	0	0	1	0	0.26240000277757602	0.153599996864795	-0.21810000659897899	-0.26899999603629099	0.00050000001210719297	0.0032000000472180499	0.0042999999830499198	0.00020000000949948999	11.01	11.84	0	0	0
11:34970286|34947493(+)	0	1	1	0	0	1	0	1.9029000087175501	0.379299992322921	4.4085999667644504	3.3614000126719401	0.65190000580623697	0.0112000003457069	1	0.90039999336004195	8.5399999999999991	-3.75	3	1	0
11:47052518|47023339(+)	0	1	1	1	1	1	1	0.27380000911653002	-0.256799993291497	6.0164000183343802	4.0966999709606098	0.0045000000856816698	0.0032999999937601298	0.91299999952316202	0.918299996852874	11.369999999999999	7.79	5	1	0
11:47731374|47744163(-)	0	1	1	1	1	1	1	4.6179000154137597	2.10440000891685	2.8681999683380099	1.2269000187516199	0.91790000498294799	0.30819999752566202	0.99490000009536705	0.299999997764825	9.2200000000000006	7.9500000000000002	2	1	0
11:62566991|62566817(+)	0	1	0	0	0	0	0	4.3951999559998498	5.1199000597000097	4.7748999893665296	4.6738000571727696	0.88660000078380097	0.99900000095367403	0.99100000262260401	0.94740000069141295	-8.5999999999999996	8.9000000000000004	2	0	0
11:66793740|66794212(-)	0	1	0	0	0	0	0	0.35209999829530703	-0.034500003233551901	0.096800008416175795	-0.45839999020099598	0.0509999996516853	0.00050000001210719297	0.20829999760026099	0.027500000211875798	4.9500000000000002	1.1200000000000001	1	0	0
11:73692965|73729130(-)	0	1	0	0	0	0	0	-0.46530000567436203	-0.18910000324249199	-0.0148000001907348	0.093099997937679202	0.00100000004749745	0.00140000004321336	0.061600000411271998	0.030700000189244701	-22.579999999999998	-24.899999999999999	0	0	0
11:74876977|74874749(+)	0	1	1	0	0	0	0	-0.092100004851818004	0.219499996304512	0.10969999879598601	-0.086300002038478804	0.51470000147819495	0.76140000224113402	0.025900000333786002	0.0120000000577419	9.2699999999999996	5.8399999999999999	2	1	0
11:76451292|76447070(+)	0	1	0	0	0	0	0	0.58050000928342305	0.25720000192523002	0.69630000442266404	0.32830000286921801	0.148999997519422	0.021400000457651901	0.063999999768566296	0.0055000000633299304	9.3100000000000005	11.16	2	0	0
11:83066828|83067773(-)	0	1	0	0	0	0	0	0.42959999442100499	-0.12900000512599899	-0.263600002974271	-0.333899997174739	0.054800000786781301	0.018500000482890699	0.00200000003678724	0.0015000000363215801	-6.4900000000000002	5.9199999999999999	0	0	0
11:86286696|86285862(+)	0	1	0	0	0	0	0	-0.33630000352859402	-0.186200001835823	-0.28029998987913102	-0.99190000295639003	0.00060000002849847002	0.00080000003799796104	0.00070000003324821505	0.000100000004749745	9.1300000000000008	0.97999999999999998	2	0	0
11:95813017|95813572(-)	0	1	0	0	0	0	0	3.2132000327110202	3.237500051409	2.42080000787973	3.31870002746582	0.89370000024791796	0.99239999055862405	0.99870000481605503	1	0.45000000000000001	2.6200000000000001	2	0	0
11:105968484|105996617(-)	0	1	0	1	0	0	0	0.087500002980232194	0.096200004220008795	-0.116399987973272	-0.55510000744834498	0.011600000131875199	0.017000000178813899	0.00030000000260770298	0	10.67	8.6099999999999994	3	0	0
11:116964864|116968224(-)	0	1	0	0	0	0	0	-0.066699990630149794	-0.15960000157356199	0.045499975979328103	-0.37750000134110401	0.0027000000700354498	0.00180000006221234	0.0019000000320374901	0.00020000000949948999	-25.739999999999998	-22.199999999999999	0	0	0
11:117023973|117024639(-)	0	1	0	0	0	0	0	-0.36869999952614302	-0.14370000436902	0.0085000008344650203	-0.58869998157024295	0.00130000005010515	0.00080000003799796104	0.0084000001195818092	0.00070000003324821505	3.8500000000000001	0.050000000000000003	2	1	0
11:119287946|119232448(+)	0	1	1	1	1	0	1	5.6959000147879104	3.1658999830484298	4.8408999055623996	2.50369997173547	0.94059999585151599	0.99200000166892999	0.99829999804496705	0.60810000037308698	10.859999999999999	11.57	4	0	0
11:130121810|130109429(+)	0	1	1	1	1	1	1	4.5563000500202104	1.98950004354119	3.3389999166130999	0.64900002703070603	0.80730000192997897	0.207100000185891	0.99329999685287396	0.25439999923110002	9.0099999999999998	6.96	5	1	0
12:433472|431866(+)	0	1	0	1	0	0	0	1.42790002226829	1.7179999738931599	-0.11089998818933899	0.291299998760223	0.86239999234676301	0.77699999473989001	0.0535999990417622	0.212899998575449	8.8300000000000001	11.93	4	1	0
12:12500519|12562401(-)	0	1	1	1	1	1	1	-0.035400000563822601	1.22190000638365	6.1576999068260196	3.7203000366687702	0.0043000000179745203	0.71150000244378997	1	0.99950000047683696	8.2300000000000004	6.7800000000000002	1	1	0
12:14788977|14787463(+)	0	1	0	0	0	0	0	4.8465000748634299	4.3778000652789997	4.4079999574925699	6.1227999486029097	0.91609999984502699	0.99969999790191599	0.99610000252723696	0.96790000200271598	0.88	-10.33	0	0	0
12:25518795|25526955(-)	0	1	1	1	1	0	0	2.2589000048115802	1.42520001083612	0.50430000647902395	1.8798000022768899	0.96119999885559004	0.27590000199852499	0.33579999982612202	0.53349999785423197	8.9399999999999995	10.720000000000001	4	1	0
12:27755331|27735447(+)	0	1	0	1	0	0	1	3.9909000456333099	2.2047000065445901	3.6812000416219202	1.06560000143945	0.99990000128746004	0.57359999902546399	0.91330000162124603	0.208400001353584	1.1200000000000001	10.630000000000001	3	1	0
12:30685433|30685664(-)	0	1	0	0	0	0	0	-0.60230000466108302	-0.084400008618831596	-0.221200000494718	-0.268800006061792	0.000100000004749745	0.00080000003799796104	0.0277000000583939	0.00040000001899897998	4.9500000000000002	-0.12	2	1	0
12:45753601|45753268(+)	0	1	0	0	0	0	0	0.180700002610683	-0.111499996483325	0.63890000991523199	0.12549999654293001	0.0288000009953975	0.00150000007124617	0.87119999527931202	0.21770000010728799	-0.33000000000000002	-2.5499999999999998	0	0	0
12:45822225|45820022(+)	0	1	0	0	0	0	0	0.25660000219941098	0.031500003486871701	0.55509999096393503	0.031400003656744897	0.028200000524520801	0.0060000002500601099	0.25639999955892501	0.14649999793618901	1.27	-0.73999999999999999	1	0	0
12:50216460|50216642(-)	0	1	0	0	0	0	0	0.127299997210502	0.127999997138977	-0.49089999496936798	-0.185200005769729	0.21950000375509199	0.32649999856948803	0.0015000000363215801	0.0032000000472180499	3.5600000000000001	6.2400000000000002	2	0	0
12:55757383|55767043(-)	0	1	1	0	0	1	0	0.275899998843669	-0.22469999864697399	1.79140002429485	0.617200003564357	0.047700000379700201	0.0101999997161328	0.989500004053115	0.69209999492159102	7.79	14.300000000000001	3	1	0
12:62832114|62912108(-)	0	1	1	0	0	1	0	-0.175499991327524	0.056800005584955203	2.4113000262528601	2.8503000251948798	0	0.00070000003324821505	0.98619999289512605	0.50169999998761305	10.529999999999999	9.6300000000000008	3	0	0
12:68835859|68828783(+)	0	1	0	0	0	0	0	1.6952000021934499	1.8582999989390301	2.9619999557733498	2.6737999878823699	0.404200001433491	0.96489999890327405	0.91840000003576205	0.97220000028610198	5.9500000000000002	-9.6300000000000008	0	1	0
12:72621751|72542291(+)	0	1	1	1	1	0	0	4.6223999559879303	2.1843000031541999	5.9316998541355099	2.14979998022317	0.99969999790191599	0.49889999625738701	1	0.40369999408721902	7.8200000000000003	10.5	5	1	0
12:72930727|72944848(-)	0	1	1	0	0	0	0	0.053600004315376197	0.22409999966621399	0.24039999544620499	0.23479999899864101	0.0446000007912516	0.027300000376999301	0.0015000000479631101	0.0015000000363215801	8.6899999999999995	1.3799999999999999	0	0	0
12:75293249|75323222(-)	0	1	1	1	1	0	1	2.9359000474214501	2.76830000430345	1.58750003576278	2.6153000280261001	0.99940000772476201	0.99729999899864197	0.87179999351501403	0.60509999776259005	10.08	5.8099999999999996	4	1	1
12:82135195|82143747(-)	0	1	0	1	0	0	0	0.3246999913943	-0.43349999673664502	-0.0266999939572997	0.37720001470297498	0.023700000206008501	0.00110000002896413	0.00080000003799796104	0.0186000002431683	7.75	10.06	0	0	0
12:84867034|84884040(-)	0	1	1	1	1	1	1	4.1930999919772098	2.2332999756559699	4.1894999116659104	3.3525999471545198	0.99479999542236297	0.35659999940544301	0.99819999933242798	0.60920000093756199	8.0700000000000003	10.140000000000001	1	0	0
12:89666222|89677816(-)	0	1	1	1	0	1	1	0.19379999823868199	0.22420000284910199	0.57859999462962097	0.27750000692903998	0.0036999999545514499	0.0082000004011206305	0.0292000006418675	0.025400000461377199	9.2699999999999996	12.300000000000001	3	1	0
12:92127595|92127800(-)	0	1	0	0	0	0	0	0.013300001341849501	0.059899999015033199	0.399699988961219	0.55829998850822404	0.00580000006593763	0.0014000000664964301	0.95629999041557301	0.78849999904632495	-1.1299999999999999	0.89000000000000001	1	0	0
12:96280808|96300360(-)	0	1	1	1	1	1	0	6.7450000584125496	3.56039998084306	5.7756000697612704	4.1377999424934302	1	0.93899999856948801	1	1	6.9900000000000002	7.4500000000000002	5	1	0
12:101790534|101789762(+)	0	1	0	0	0	0	0	-0.0523999989032745	0.227900002896785	-0.21399998497217801	-0.27510000690817799	0.053499999642372099	0.051200000569224302	0.00090000004274770596	0.000100000004749745	6.0300000000000002	0.69999999999999996	1	0	0
12:102324877|102257215(+)	0	1	0	0	0	0	0	0.33470000326633398	0.12840000391006401	0.11379999816417601	0.30469999611377702	0.63460000753402701	0.42779999673366498	0.062600000202655798	0.14810000211000399	9.4499999999999993	7.8700000000000001	1	1	0
12:103946696|103938367(+)	0	1	1	0	0	1	0	3.7180999699980002	2.3507999867200802	3.1135999522171902	1.7951999425887999	0.99670000076293896	0.82670000717043801	0.89340000748634296	0.401099999994039	5.6900000000000004	-18.969999999999999	1	0	0
12:106463620|106427197(+)	0	1	1	1	1	0	1	4.2801999561022903	2.2553000045940199	7.1835998837836001	2.5999999538064	0.99870000481605503	0.48689999654889099	0.98970000147819503	0.54470000433502697	8.1400000000000006	11.359999999999999	3	0	1
12:111552280|111565419(-)	0	1	1	0	0	1	0	-0.17659999728202799	0.063699994981288893	4.74690003916621	2.3178000109270198	0.0048000000417232503	0.0096000002697110096	0.99670000076293896	0.53699999907985296	7.0700000000000003	4.0599999999999996	4	1	0
12:116719763|116720447(-)	0	1	1	1	1	1	1	4.8126000600866901	3.4318000614642998	5.9001000359654396	2.5259000714868298	0.86949999928474397	0.898499998543411	0.98909999728202802	0.50069999790284703	7.4100000000000001	6.8399999999999999	4	1	0
12:121423517|121417861(+)	0	1	1	1	0	1	1	3.28370001912117	2.5221000226214501	7.1154997393488797	6.6100998178124399	0.63899999856948797	0.89079999714158398	0.99490000009536705	0.99680000543594305	6.5099999999999998	10.44	3	1	1
12:122319232|122324381(-)	0	1	1	1	1	0	1	4.4248000204563098	4.7124000370502399	2.4812000069767199	2.85159999430179	1	0.99990000128746004	0.89710000157356196	0.99789999723434397	0.23999999999999999	7.6900000000000004	2	0	0
12:123238994|123238163(+)	0	1	0	0	0	0	0	-0.50329999625682798	-0.0980000083334744	0.15010000867769099	0.22899999916553401	0.000500000023748725	0.00080000003799796104	0.0048999999882653302	0.011599999945610701	-4.1600000000000001	-2.1699999999999999	1	0	0
12:132680607|132687335(-)	0	1	1	0	0	1	0	-0.84729999750852503	-0.99780000150203696	5.5187999695539398	2.3126999711617802	0.000100000004749745	0	0.99969999790191599	0.502100001275539	10.220000000000001	1.3400000000000001	3	0	0
13:32407250|32420576(-)	0	1	1	1	1	1	1	0.45420000180601999	0.29619999825954402	3.6592000097036301	3.3849000364542001	0.28430000039516001	0.0017000000691041301	1	0.98589999675750695	6.6600000000000001	9.1500000000000004	2	0	0
13:32436361|32442548(-)	0	1	1	1	1	1	1	0.17480000173672999	0.53480000086128698	0.57589999451301899	1.6046999923884799	0.000100000004749745	0.028000000247266101	0.452899991720914	0.69889999886509002	8.5899999999999999	4.9800000000000004	5	1	0
13:35195931|35176996(+)	0	1	0	1	0	0	1	2.9271000653505301	2.3590999841690001	2.7227000325918098	3.14969997406005	0.69629999805474596	0.69370000809430998	0.73499999679625005	0.89970000048633603	6.6799999999999997	5.0199999999999996	0	0	0
13:40628516|40633248(-)	0	1	0	1	0	0	1	0.207199999131262	0.51979999989271097	-0.25500000268220901	0.468999996036291	0.00090000004274770596	0.0331999998306855	0.000100000004749745	0.0114999999292194	10.130000000000001	3.5699999999999998	3	1	0
13:45207505|45183401(+)	0	1	1	1	1	1	1	-0.196999994094949	0.070400000363588303	3.8680000394582699	2.56999999284744	0.00030000001424923501	0.12990000043064301	0.99980000257491997	0.809399998188018	8.4600000000000009	9.6699999999999999	2	1	0
13:46696415|46694893(+)	0	1	0	1	0	0	0	1.9447000145912099	1.32939996421337	0.300800005160272	0.66909998655319203	0.99990000128746004	0.28610000198241298	0.072900000540539606	0.350800003111362	9.0600000000000005	8.5700000000000003	2	0	0
13:49207090|49201907(+)	0	1	0	0	0	0	0	4.6374999225139604	5.9179000392556098	4.5477000176906497	3.1404000133275898	0.99929999709129302	0.99729999899864197	1	0.88280000219819998	-7.5099999999999998	-7.4800000000000004	0	0	0
13:60510755|60485799(+)	0	1	1	1	1	0	1	3.4032999865710698	2.0933999933302401	4.3057999342679896	3.0316999442875301	0.77270000110147496	0.25539999845204803	0.99950000047683696	0.69870000481605499	10.220000000000001	5.5999999999999996	6	1	1
13:98151134|98148593(+)	0	1	0	0	0	0	0	0.49359999299049301	-0.31610000161453999	0.24740000069141299	0.14290000200271599	0.0231999999494291	0.000100000004749745	0.062399999797344202	0.082099999859928996	10.470000000000001	7.71	0	0	0
13:107523978|107527341(-)	0	1	0	0	0	0	0	0.17309999708086199	-1.12779999375343	0.120700010843575	-0.23510000258684099	0.0014000000548548899	0	0.0012000000453554001	0.0049000001279637202	9.0099999999999998	7.2599999999999998	2	1	0
13:110183184|110187235(-)	0	1	1	0	0	0	0	3.7836000511422698	4.3907000482082301	3.57030006721615	0.86390001066028999	0.976800000667572	0.87089999970048604	0.75490000285208203	0.30079999919980699	9.7799999999999994	-9	1	0	0
13:110211869|110213943(-)	0	1	1	0	0	1	0	3.45609999047592	2.9512999653816201	1.3806999780237601	1.8662999927997499	0.89230000004172305	0.82790000438690103	0.51539999661035796	0.69850000143051105	8.4000000000000004	-5.8499999999999996	1	0	0
13:113420532|113484196(-)	0	1	0	1	0	0	1	1.3876999989151899	1.76029998883605	0.25630000680685	0.23070000410079899	0.93889999985694805	0.94580000042915302	0.12250000172061799	0.40939999779220598	11	9.3399999999999999	1	0	0
13:113519801|113495502(+)	0	1	0	1	0	0	0	0.44550000503659198	2.2912000276148299	-0.17359999585896699	-0.13069998919963799	0.067199997953139204	0.71349999755620896	0.0011000000522471899	0.0074000000138766996	5.46	6.9500000000000002	1	1	0
14:21266393|21266830(-)	0	1	0	0	0	0	0	0.32110000848770098	-0.19490001425146999	-0.41740000098943703	-0.0248999953269958	0.22180000275839101	0.00090000003110617404	0.00040000001899897998	0.0200000002048909	3.8500000000000001	1.3799999999999999	3	0	0
14:31119710|31121405(-)	0	1	1	0	0	0	0	2.8120999429374902	2.4201000012457299	6.30840009152889	1.71139997020363	0.99850000143051099	0.99980000257491997	0.92569999992847396	0.29999999999999999	8.6799999999999997	-0.70999999999999996	1	0	0
14:35870524|35864911(+)	0	1	0	1	0	0	1	1.6163999660406201	0.73290000092238095	1.77529999017715	2.5707999944686799	0.69039999375818295	0.15400000205263401	0.99950000047683696	1	8.6199999999999992	5.7400000000000002	2	0	0
14:50635214|50649389(-)	0	1	1	0	0	1	0	0.058099997369572498	0.21629999823635401	5.4778999894857403	5.4260999679565396	0.0054000000935047797	0.0030000000959262202	0.99950000047683696	1	5.9699999999999998	8.9000000000000004	4	1	0
14:50792717|50822077(-)	0	1	0	1	0	0	1	2.0141000509262001	1.1871000144630599	0.682299980521202	2.4514999806880899	0.96820000410079898	0.50030000000260699	0.32160000316798598	0.72660000324249197	2.1899999999999999	10.01	0	0	0
14:55134868|55132845(+)	0	1	0	0	0	0	0	-0.16560000851750301	0.211699995398521	-0.17159999608993501	0.0073999978601932501	0.0030999999959021802	0.0090000002644956105	0.0036000001011416301	0.0037000001058913701	-1.3	-1.55	1	0	0
14:64574589|64521487(+)	0	1	1	1	0	1	0	0.88119999170303298	1.7195999570190901	2.1475999832153301	1.10819998830556	0.2186000003363	0.312299998570233	0.934100002050399	0.50109999999403898	7.3099999999999996	8.9600000000000009	0	0	0
14:70326212|70329236(-)	0	1	0	1	0	0	1	2.8649000108242002	2.3019000486470702	0.078999997675418807	0.47270001163706099	0.99840000271797102	0.98260000944137504	0	0.0039000000804662702	6.1900000000000004	12.49	3	1	0
14:71009724|70976942(+)	0	1	1	1	1	1	0	4.4197999894618896	3.09879999756813	5.4195999823510599	4.0794999599456698	0.99929999709129302	0.99160000085830602	0.98000000119209196	1	8.1400000000000006	6.6699999999999999	5	1	0
14:71418196|71351851(+)	0	1	1	1	1	1	1	0.033399993181228597	0.36630001366138398	0.177199995703995	0.019499999657273202	0.0010000000358559101	0.00370000012917444	0.0042000000365078399	0.00070000003324821505	9.4800000000000004	8.1899999999999995	4	1	0
14:72594327|72619984(-)	0	1	1	1	0	0	0	6.7480000853538504	2.18650006055831	0.062700001895427696	0.44029999673366499	0.90010000000474899	0.39929999704472702	0.00040000001899897998	0.012400000053457901	10.67	11.109999999999999	2	1	0
14:73362249|73362476(-)	0	1	0	0	0	0	0	0.095199999213218603	-0.23229999244213101	-0.019300006330013199	0.110300007462501	0.0016000000759959199	0.00290000010281801	0.0050999999744817601	0.0228000002913177	7.2199999999999998	-5.25	1	0	0
14:73905083|73896316(+)	0	1	1	1	1	1	1	3.5381000161170899	1.89389999620616	4.9465998709201804	3.0329999834299	0.99980000257491997	0.50470000391360303	0.99769999980926505	0.70050000073388197	6.9900000000000002	8.1400000000000006	4	1	0
14:76180849|76159370(+)	0	1	1	0	0	0	0	0.235300001502037	0.14330000281333899	3.8673000112175901	1.95800002813339	0.369600003957748	0.248600000143051	0.99980000257491997	0.40409999922849199	8.5500000000000007	11.550000000000001	1	1	0
14:77296164|77301249(-)	0	1	1	1	1	1	1	5.5465001344680704	3.17260005027055	6.6162001132965003	2.7872000277042299	1	0.91930000483989704	0.99969999790191599	0.49729999969713301	8.9399999999999995	9.75	1	0	0
14:77343178|77351751(-)	0	1	1	1	1	0	0	2.0124000102281498	1.78200000077486	3.0838999822735702	1.2822000041604	1	0.99169999957084598	0.99510000348091099	0.25929999820655197	8.8800000000000008	8.6500000000000004	5	1	1
14:77350708|77351751(-)	0	1	0	1	0	0	0	2.0124000102281498	1.78200000077486	0.012400005757808599	-0.263599997758865	1	0.99169999957084598	0.0015000000479631101	0.00020000000949948999	7.1500000000000004	8.6500000000000004	1	1	0
14:80706111|80778046(-)	0	1	0	1	0	0	1	2.4273999962955699	2.1701000019907899	0.25460000168532099	0.042299999855458702	0.756099997460842	0.66320000159321302	0.025600000191479899	0.0036000000545754998	8.0700000000000003	10.9	1	1	0
14:89797224|89932627(-)	0	1	0	1	0	0	0	1.5724000245332701	1.92159996926784	0.092599995806813204	0.35059999339282499	0.31470000005792798	0.79570000300882304	0.00020000000949948999	0.023699999763630301	4.2699999999999996	10.68	3	0	0
14:89924513|89954001(-)	0	1	1	1	1	1	0	3.0368000417947698	2.57650001645088	0.86579999253153805	0.98999999165534902	0.97730000019073404	0.97580000162124603	0.69950000941753299	0.66769999191164897	5.0599999999999996	7.3099999999999996	4	0	0
14:91461381|91466416(-)	0	1	1	1	1	0	1	3.9563999891281099	4.01989998817443	5.7419999957084604	1.93630000464618	1	1	0.99969999790191599	0.33239999855868502	7.8700000000000001	9.0399999999999991	4	0	1
14:93287752|93294937(-)	0	1	0	1	0	0	1	5.7173999518156	3.2675999581813802	-0.46110001169145098	-0.31140000671148299	0.93709999918937603	0.99839999675750701	0.000100000004749745	0	5.6699999999999999	8.9399999999999995	1	0	0
14:100949596|100933998(+)	0	1	1	1	0	0	1	0.15090000033378601	0.15480000078678099	-1.48670000582933	0.49549999609589501	0.77699999213218596	0.75599998831748905	0.00020000000949948999	0.51189999709604295	7.1500000000000004	9.4600000000000009	3	1	0
14:102000399|101997035(+)	0	1	1	1	1	0	0	5.3795000448822901	2.0820999984629398	6.3359000205993601	1.2496999952942101	0.999400001764297	0.20650000022724199	0.80439999995287503	0.20940000002737999	7.8399999999999999	5.4299999999999997	5	0	1
14:102340795|102340542(+)	0	1	0	0	0	0	0	-0.16620000004768301	0.095999994874000502	0.136899997293949	0.12900000065565101	0.0022000000695697902	0.016600000206380999	0.0098000000230968002	0.0067999999853782297	1.27	-0.46999999999999997	2	0	0
15:22999748|23003153(-)	0	1	0	1	0	0	0	5.5988000094890502	2.4193999793380501	0.018399998918175599	-0.72019999623298603	0.99990000128746004	0.70099999625235798	0.000100000004749745	0.0013000000035390199	-3.4900000000000002	9.5399999999999991	1	1	0
15:22999748|23006352(-)	0	1	0	1	0	0	0	3.6854999959468802	2.76140002459287	0.018399998918175599	-0.72019999623298603	0.83760000169277105	0.72570000067353202	0.000100000004749745	0.0013000000035390199	-3.4900000000000002	5.7800000000000002	0	1	0
15:22999748|23027306(-)	0	1	0	1	0	0	1	2.8001999832689699	1.2107999861240299	0.018399998918175599	-0.72019999623298603	0.82879999838769403	0.36279999574180599	0.000100000004749745	0.0013000000035390199	-3.4900000000000002	6.8899999999999997	0	0	0
15:23011133|23037152(-)	0	1	1	1	1	0	0	3.9227999899536301	1.7834000021219201	5.6876000553369499	2.0251000143587499	0.99480000138282698	0.42429999858140899	0.99250000119209203	0.40199999923352098	8.6799999999999997	9.1400000000000006	3	1	0
15:23021959|23032824(-)	0	1	1	1	1	0	0	3.6613000214099798	2.4458999760448901	3.5037999823689399	2.4907999262213698	0.71189999838825302	0.87789999633096105	0.89670000076293899	0.51819999590515997	10.43	7.4699999999999998	4	1	0
15:25418951|25266431(+)	0	1	0	1	0	0	1	-0.27109999060630702	-0.128999996185302	0.24870000109076501	-0.00030000209808349597	0.00030000001424923501	0.00050000001210719297	0.0122000001370906	0.0045000000041909502	3.8500000000000001	7.5700000000000003	1	0	0
15:41047408|41092182(-)	0	1	1	1	1	0	0	3.4153999447822501	2.23560000360012	5.0139999866485496	2.4821999862790101	1	0.53320000227540698	1	0.54099999656900699	9.2200000000000006	9.5199999999999996	4	0	0
15:41729349|41668828(+)	0	1	1	1	1	0	1	1.76410002112388	1.5594000115990601	1.54789995998144	1.19920003041625	0.80690000355243596	0.64200000273995095	0.394699997338466	0.39899999725166702	10.470000000000001	10.35	4	0	0
15:43186233|43185834(+)	0	1	1	0	0	1	0	0.92649999745190104	1.57959997653961	1.7989000111818301	2.1094999939203198	0.32560000042430998	0.79020000416785396	0.42709999657235997	0.76510000149719404	8.0700000000000003	-9.4399999999999995	1	0	1
15:58912592|58913527(-)	0	1	0	0	0	0	0	2.4213000301271599	2.21790003161877	2.2726000130176498	3.11129992604255	0.72599999979138297	0.99819999933242798	1	1	5.7300000000000004	-19.620000000000001	0	0	0
15:59167973|59168294(-)	0	1	0	0	0	0	0	0.056999996304512003	0.092499996721744498	0.29750000089406903	-0.231400001794099	0.0021000000648200498	0.037600000435486398	0.0046000000089406901	0.00040000001899897998	1.27	-0.84999999999999998	1	0	0
15:63563008|63528629(+)	0	1	1	0	0	1	0	0.16889999452978299	-0.48659999929368403	5.7818000793457003	3.57300003170967	0.083899999689310695	0	0.90149999996647201	0.89660000503063197	9.6600000000000001	8	3	1	0
15:64418728|64394007(+)	0	1	1	1	0	1	1	5.0697999730706202	4.0558000175282301	5.8045000716112503	2.9337999895214999	0.90820000171661297	0.95889999866485598	0.98650000095367396	0.54049999932758497	10.57	8.8200000000000003	1	0	0
15:65715478|65767406(-)	0	1	1	0	0	1	0	0.40240000039339002	0.23239999711513501	5.1216000080108603	3.9825000345706898	0.28779999453108701	0.0114000002853572	1	0.67249999819323403	9.7200000000000006	4.71	1	0	0
15:68059240|68059451(-)	0	1	0	0	0	0	0	-0.36349999606609301	0.10609999895095799	-0.10340000092983199	0.179600000381469	0.0034000000101514099	0.0252000004053115	0.0045000001438893298	0.030399999953806399	6.2300000000000004	2.8700000000000001	0	0	0
15:76804533|76862533(-)	0	1	1	1	1	0	1	5.8792000815272303	1.49150000996887	5.9717000871896699	2.4081999700516401	0.98959999680519095	0.237799999199341	0.999700003862381	0.51449999883770903	9.4299999999999997	8.9499999999999993	1	0	1
15:82415675|82400660(+)	0	1	1	1	1	1	1	3.0707999914884501	1.47900000885128	0.13570000454783401	-0.31219999939203202	0.99969999790191599	0.57340000232215904	0.085699998564086804	0.017600000055972401	8.5899999999999999	9.9399999999999995	3	1	0
15:100564688|100566453(-)	0	1	0	0	0	0	0	-0.52529999949037998	0.19750000201165599	-0.34369999766349701	0.100199988484382	0	0.00160000004107132	0.00090000003110617404	0.0021000000648200498	7.9199999999999999	5.4299999999999997	4	1	0
15:101193020|101193346(-)	0	1	0	0	0	0	0	-0.0079999990761280004	-0.22950000725686501	-0.72150000073015597	-0.092399990558624204	0.000100000004749745	0.00080000003799796104	0	0.00050000001210719297	8.0999999999999996	10.49	0	0	0
16:1974660|1975059(-)	0	1	0	0	0	0	0	4.3257999777793801	1.59730002828873	3.2625000566244098	4.2047000452876002	0.809200002253055	0.510499995946884	0.82890000343322701	0.82770000100135799	4.4100000000000001	-18.289999999999999	0	0	0
16:11052832|11020193(+)	0	1	0	1	0	0	0	5.4974999576807004	2.7842999834567301	-0.46589999347925098	-0.234800006635487	0.92750000059604598	0.99589999914169303	0.000100000004749745	0.000100000004749745	-1.3	7.4500000000000002	3	1	0
16:12083394|12061528(+)	0	1	0	1	0	0	1	2.00349996089935	0.66079998910427096	0.0836000025272369	-0.27690001605078501	0.80270000154850996	0.209100002772174	0.0063000001013278897	0.00110000002896413	9.6799999999999997	8.4700000000000006	3	1	0
16:27219110|27213585(+)	0	1	1	1	1	1	1	1.01860004514455	2.46189997792243	4.3338999956846198	1.87920004576444	0.15589999961666701	0.44580000266432701	0.810200002789497	0.31740000133868301	5.5899999999999999	8.3900000000000006	5	1	0
16:29799401|29799721(-)	0	1	0	0	0	0	0	4.7648000031709596	3.98909999728202	3.5881999369710602	4.6975999623537001	0.95920000076293899	0.96280000209808303	0.98379999995231604	0.95010000467300404	0.52000000000000002	2.8700000000000001	1	0	0
16:30353975|30353779(+)	0	1	0	0	0	0	0	2.6077999591827301	0.90299998745322196	4.1896999895572602	4.0927999839186597	0.96819999814033497	0.80860000848770097	0.90000000000000002	0.95910000205039903	-5.6900000000000004	3.8799999999999999	0	0	0
16:31407916|31407515(+)	0	1	1	1	1	0	0	0.18229999914765299	0.99509994909167199	1.9940000321716	1.28750003054738	0.032199999550357399	0.28730000099167202	0.45279999761842099	0.23150000016903499	5.8300000000000001	12.43	6	1	0
16:46608297|46618372(-)	0	1	1	1	1	0	1	0.95349999070167502	1.6569999508559701	3.4811999775469298	3.04040002003312	0.201500000059604	0.50239999592304196	0.99850000143051099	0.60630000140517903	8.5399999999999991	12.550000000000001	5	0	1
16:47610920|47463899(+)	0	1	1	1	1	0	1	3.53849998116493	3.1868000209331502	4.8729999706149103	2.6942999973893098	0.919699999690055	1	0.99850000143051099	0.52930000046035197	9.6500000000000004	3.2599999999999998	4	1	0
16:47547548|47487460(+)	0	1	1	0	0	1	0	0.160700005292892	0.34880000054836202	5.6799000352620999	2.5316999465227101	0.113100000470876	0.121100000292062	0.85540000200271604	0.56790000160690401	8.8800000000000008	11.84	3	1	0
16:67843598|67844044(-)	0	1	0	0	0	0	0	1.7674999864771901	1.7397000141441801	0.68240000605583195	0.94889998733997305	0.98769999742507897	0.99980000257491997	0.57759999930858597	0.75009998790919696	-14.960000000000001	4.0199999999999996	0	0	0
16:68983722|68974028(+)	0	1	0	1	0	0	1	2.0770999845117299	1.1957999717327701	0.67919999659061403	0.57419997947290502	0.65480000395327798	0.28950000348268001	0.38620000183582298	0.55310000032186502	6.4699999999999998	10.029999999999999	1	1	0
16:71764350|71774592(-)	0	1	1	1	1	1	0	6.8174001216888396	2.9205000087618802	3.75669991448521	4.4956999480724296	1	0.53770000258227801	0.99230000376701299	1	10.15	11.279999999999999	6	1	0
16:80684538|80703394(-)	0	1	1	0	0	0	0	0.103799996525049	-0.11449998468160601	3.0889000281691499	2.5167000185698201	0.000100000004749745	0.00060000001685693799	0.91880000084638502	0.99200000166892999	3.5499999999999998	6.1100000000000003	3	1	0
16:87298788|87305905(-)	0	1	1	1	0	1	0	-0.54880000799894302	0.73939998745918201	0.023900003731250698	-0.109000000357627	0.079600000707432603	0.248499998799525	0.00080000003799796104	0.0020000000600702999	8.6799999999999997	6.7199999999999998	2	1	0
17:9216524|9216729(-)	0	1	0	0	0	0	0	0.40389999300241403	0.112999995891004	0.44939999226480698	0.090300000458955698	0.0043000000761821804	0.0011000000522471899	0.16009999718517001	0.00090000001946464103	5.4299999999999997	6.7300000000000004	3	1	0
17:14163723|14159877(+)	0	1	0	1	0	0	0	5.4651000380515997	2.53809999236837	-0.21289999783038999	0.096900007128715507	1	0.54359999685548199	0.0011000000522471899	0.014400000101886599	7.5700000000000003	10.369999999999999	1	0	0
17:15524087|15518986(+)	0	1	0	0	0	0	0	-0.36550000309944097	-0.14999999701976699	0.19639999885112	-0.677000004053115	0.0047999999602325203	0.0014000000548548899	0.0078000000212341504	0.00140000004321336	-1.1299999999999999	0.88	0	0	0
17:20314223|20306023(+)	0	1	0	1	0	0	1	2.9489000758272499	2.3437000144272999	0.61179998889565401	-0.24859999343752801	0.98320000171661304	0.77579999864101401	0.078200000431388597	0.000900000007823109	1.3100000000000001	5.9699999999999998	3	1	0
17:29671935|29695523(-)	0	1	1	1	1	0	0	5.2704999148845602	3.0536999568343099	4.4842999815940798	3.7045999947935302	0.900700000021606	0.98570000529289203	0.90230000000446997	0.61169999758712901	8.3100000000000005	6.2699999999999996	5	0	0
17:29694439|29693590(+)	0	1	0	0	0	0	0	-0.0570000082254409	0.28980000019073399	-0.70910000205039903	-0.13599999137222701	0.0022000000695697902	0.023600000049918801	0.00030000001424923501	0.000500000023748725	8.2300000000000004	-0.28999999999999998	0	0	0
17:32377980|32351739(+)	0	1	0	1	0	0	1	-0.36399999791756199	-0.13829999566078099	6.4886000156402499	5.98310010433197	0	0.00040000001899897998	1	1	8.0199999999999996	8.6099999999999994	2	1	0
17:35723814|35624397(+)	0	1	0	1	0	0	1	6.3932000160217202	1.87940002679824	1.83640002310276	3.8026999950408902	1	0.22300000020768401	0.99969999790191599	1	5.6900000000000004	12.720000000000001	4	0	0
17:40044650|40029476(+)	0	1	0	0	0	0	0	-0.114199996180832	-0.54799998700618702	0.057099999487400001	-0.196200004220008	0.0025999999721534502	0.00030000001424923501	0.028200000245124101	0.012100000027567099	6.3200000000000003	-0.46999999999999997	0	0	0
17:40293631|40289408(+)	0	1	1	1	1	1	1	0.53389998902566704	0.38349999487399999	2.4989000052213601	2.78079998493194	0.12060000053606899	0.097200000239536094	1	0.65940000386908604	9.1099999999999994	7.9100000000000001	2	1	1
17:42223382|42232108(-)	0	1	1	0	0	1	0	7.0694000720977703	6.4008000642061198	4.4027000188827499	2.28029995560646	1	0.996299999952316	0.99869999885559002	0.69839999675750697	9.1600000000000001	1.01	0	0	0
17:43316189|43315949(+)	0	1	1	0	0	1	0	0.54989999271929202	0.115299995243549	0.089700000733137095	-0.038099995255470198	0.57069999277591699	0.096099999826401397	0.080100001394748599	0.0997000001370906	6.9500000000000002	0.070000000000000007	0	0	0
17:47416908|47402132(+)	0	1	0	1	0	0	1	0.69749999195337298	0.64960000589489897	0.41939997402951101	0.70699998922646001	0.72079999446868803	0.43159999912604602	0.113900001498404	0.81029999852180401	10.449999999999999	6.7300000000000004	2	1	0
17:48892854|48895098(-)	0	1	0	0	0	0	0	0.31929999813437399	0.242999991774559	2.0890999674796999	3.2736999750137299	0.0023999999859370198	0.0037999999360181298	0.62059999937191601	1	5.1900000000000004	-3.46	0	0	0
17:49311312|49321232(-)	0	1	1	1	1	1	1	-0.123100005474407	0.057699997723102497	6.8874000430107101	2.8063999399542801	0.000500000023748725	0.0015000000363215801	0.95580000281333899	0.5	9.4499999999999993	2.9100000000000001	2	1	0
17:55047154|55031192(+)	0	1	1	0	0	1	0	2.5975999677553698	3.3428000122308701	2.5193000622093602	1.9179999847896301	0.997199994325637	1	0.99819999933242798	0.65169999599456696	10.08	3.6400000000000001	3	0	0
17:58706022|58694931(+)	0	1	1	1	1	1	1	3.9566999854519902	2.7109999194741201	0.23179999887943201	0.00240000337362289	0.99530000090599002	0.82900000065565105	0.51220000386238096	0.38260000050067899	3.1000000000000001	9.4600000000000009	4	1	0
17:59012328|59075714(-)	0	1	1	1	1	0	1	6.6587999105453397	3.2722999989986401	3.2986999586224499	1.5497999917715699	1	0.996299999952316	0.97870000004768298	0.45539999733446102	10.51	7.1799999999999997	6	0	0
17:61681141|61686165(-)	0	1	0	1	0	0	1	3.69210005775094	1.4256000086665099	0.221800005435943	0.0396000027656555	0.99459999799728305	0.26630000043660401	0.069600000977516105	0.020200000191107299	8.8800000000000008	9.4199999999999999	3	1	0
17:61950825|61968258(-)	0	1	1	1	1	0	0	6.0185999572276998	2.6861999683082098	6.7859998106956398	2.85549994781613	0.99990000128746004	0.68349999971687703	1	0.48899999458808402	7.7599999999999998	9.8900000000000006	2	0	0
17:61984303|61983071(+)	0	1	0	0	0	0	0	4.9397999703884103	5.2169000223279003	4.4350999832153297	7.3479999423026996	0.82270000055432302	0.99459999799728305	1	1	0	-12.66	0	0	0
17:67945821|67948243(-)	0	1	0	0	0	0	0	4.8060999691486304	4.0758001171052403	1.9879999876022301	2.42039997279644	0.90830000266432698	0.88990000486373899	0.99510000348091099	0.81789999823085902	-3.0699999999999998	-6.1699999999999999	1	0	0
17:68359753|68306943(+)	0	1	0	1	0	0	1	0.79090001508593499	1.9526000205427401	-0.0028000041842460598	-0.0252000033855438	0.47279999781167098	0.99950000047683696	0.00040000001899897998	0	4.1900000000000004	10.119999999999999	0	1	0
17:68528946|68524912(+)	0	1	0	1	0	0	1	7.1464000478386804	2.0549999862909298	5.8705999353434803	6.7907001242041503	0.99919999837875295	0.207399999990593	0.98560000061988795	0.99950000047683696	-17.829999999999998	12.58	1	0	0
17:79644137|79646334(-)	0	1	1	1	1	1	0	-0.096600005030632	0.15270000696182201	0.141500002145767	0.044699999690055801	0.0236000000149942	0.166299998760223	0.049299999885261001	0.081199999153614005	10.470000000000001	10.69	2	1	0
17:80082058|80039812(+)	0	1	1	1	1	0	0	0.13039999529719301	-0.103199993167072	2.16549999192357	1.06329998988658	0.095799997099675196	0.22190000116825101	0.85340000391006399	0.25060000047087599	7.4199999999999999	9.3599999999999994	1	0	0
17:82265686|82268760(-)	0	1	1	0	0	1	0	-0.13449999913573199	-0.0151999957859516	6.2456000402569698	1.64180000051856	0.000100000004749745	0.0035999999847263001	0.97809999585151597	0.24549999962328001	9.6500000000000004	8.5399999999999991	2	0	0
18:692770|693178(-)	0	1	0	0	0	0	0	-0.052899990975856702	-0.022599999886006101	-0.139499998837709	0.188800010085105	0.00170000001089647	0.00119999999878928	0	0.050500000221654698	6.0999999999999996	5.0999999999999996	3	0	0
18:12785736|12862744(-)	0	1	0	1	0	0	1	-0.014300003275275201	0.63929999768733903	2.6581999763846298	3.8585000097751601	0.00060000002849847002	0.42029999932274198	0.99980000257491997	0.99990000128746004	4.4400000000000004	9	3	0	0
18:12971251|12963287(+)	0	1	1	0	0	1	0	7.3761001706123297	6.2021001160144804	6.01149986684322	2.5309000164270401	1	0.80330000015674097	0.99879999756812998	0.43820000216364802	8.9399999999999995	-6.1900000000000004	1	0	0
18:24066140|24019860(+)	0	1	1	1	0	0	1	0.036999994469806501	-0.092200004123151297	4.1407000064849804	3.0849001348018601	0.0027000000234693199	0.000900000007823109	0.98799999952316198	0.59990000128746002	10.74	8.8100000000000005	3	1	0
18:32117980|32111754(+)	0	1	0	1	0	0	1	4.3223000033758501	2.7170000493526398	0.75310001466423204	0.42830000743269903	0.99869999885559002	0.99959999918937603	0.983899998664856	0.76339999735355302	0.67000000000000004	5.8499999999999996	2	0	0
18:39388429|39404137(-)	0	1	1	0	0	1	0	0.40109999291598702	-0.187899995595216	-0.50120000354945604	-0.010399996489286399	0.021100000152364299	0.0015000000246800399	0.00030000001424923501	0.0010000000358559101	8.5500000000000007	9.3499999999999996	3	0	0
18:62157129|62178285(-)	0	1	1	0	0	1	0	-0.49949998483061703	-0.18709999993443399	6.6436000227928096	2.7432999998330998	0.000500000023748725	0.00040000001899897998	1	0.53070000162115305	10.57	6.3499999999999996	3	0	0
18:62282444|62275374(+)	0	1	1	1	1	1	0	5.1750001147389399	2.7712000094354101	6.5304999679327	3.8728000134229599	0.99480000138282698	0.53539999964414098	0.999400001764297	0.83949999511241902	8.4600000000000009	11.039999999999999	3	0	1
18:69867357|69947532(-)	0	1	1	1	0	1	1	0.51940000555478005	1.1143999963998701	0.70469999350607304	1.0825000166893	0.110199997806921	0.74550000558374396	0.394900001958012	0.71030000448226904	11	7.0499999999999998	3	0	0
18:76210944|76235373(-)	0	1	1	1	0	1	1	-0.12670000381767699	0.235100000305101	0.031599994003772697	0.088599994033575005	0.0023999999742954901	0.00110000004060566	0.00260000001871958	0.00160000005271285	9.7899999999999991	9.9499999999999993	1	0	0
19:3054153|3055687(-)	0	1	0	0	0	0	0	4.3225000491365702	3.83710008859634	3.9928999709081801	2.7507999897003099	0.829300000146031	0.87170000076293896	0.89420000091195095	0.79980000257492001	2.6400000000000001	4.7400000000000002	0	0	0
19:3942898|3949736(-)	0	1	0	0	0	0	0	0.25949999317526801	0.033300001546740503	0.224999998509883	-0.71750001609325398	0.013999999826774001	0.0102000001119449	0.027000000048428702	0.0035999999847263001	-0.23000000000000001	2.6800000000000002	0	0	0
19:9378344|9339193(+)	0	1	1	1	1	1	1	0.087899991869926405	0.88920000698417401	0.49090000763535502	0.42409999184310399	0.465600003581494	0.52469999248860399	0.66109999974723899	0.18130000163800999	7.29	6.6500000000000004	0	1	0
19:10175540|10177345(-)	0	1	1	0	0	0	0	1.1860000103712001	1.49950000047683	1.38590001501142	0.53609999865293501	0.72260000556707304	0.78990000726189402	0.89299999400973296	0.201100002345629	9.4600000000000009	-0.59999999999999998	1	1	0
19:22434161|22434385(-)	0	1	0	0	0	0	0	0.18020000159740401	0.042899996042251497	-0.82130000442266404	-0.22859999835491099	0.084800000488758007	0.11110000088810899	0.0019000000203959601	0.0188999999780207	-2.8599999999999999	-2.1499999999999999	1	1	0
19:27833106|27826132(+)	0	1	1	1	1	1	1	-0.190099993348121	-0.56720000505447299	0.040599998831748897	-0.083499991893768305	0.0059999999939463998	0.0014000000548548899	0.022100000083446501	0.016300000343471701	7.96	10.17	2	1	0
19:27988510|27963266(+)	0	1	1	1	1	1	1	4.72609999775886	2.4034000411629601	0.57420000508427604	0.39190000807866399	1	0.62690000049769801	0.486600000876933	0.37330000463407398	10.859999999999999	12.460000000000001	2	1	0
19:30321550|30321793(-)	0	1	0	0	0	0	0	0.24280001856386599	-0.30709999799728299	-0.26690000444650602	0.095000007748603801	0.0058000000426545696	0.0058000000310130398	0.00080000003799796104	0.0107999999541789	-21.25	-0.56999999999999995	1	0	0
19:34433667|34432833(+)	0	1	0	0	0	0	0	0.18089998960494899	0.29239999949932099	-0.50659999698400404	0.0012999959290027601	0.068800001591444004	0.112799999117851	0	0.00160000004107132	-1.4399999999999999	-8.8300000000000001	1	1	0
19:36630809|36629909(+)	0	1	0	0	0	0	0	-0.237200005352497	-0.215300007164478	0.29750000461935999	-0.082899999618530201	0.0074999998905695897	0.0020000000717118301	0.086199999600648794	0.015600000042468301	-0.02	-1.5	0	0	0
19:39486495|39485544(+)	0	1	1	1	1	1	1	2.99310005307197	2.3635000577196399	5.3365999937057396	2.2752999961376101	0.93899999856948801	0.37950000055134298	0.88379999995231595	0.76210000048158599	5.7400000000000002	8.9700000000000006	6	0	0
19:40371703|40374588(-)	0	1	0	0	0	0	0	4.4193000108003604	3.2970000799745298	6.7286999046802496	4.2436000049114204	0.99670000076293896	0.98289999961853003	0.99980000257491997	0.91279999911785104	-22.530000000000001	-10.23	0	0	0
19:44687108|44686056(+)	0	1	0	0	0	0	0	0.047600009292364097	0.085600003460422097	-0.15740000158548301	-0.00079999864101409901	0.0121000002138316	0.00159999998286366	0.00020000000949948999	0.00110000001732259	2.6400000000000001	7.2199999999999998	2	0	0
19:46947531|46948291(-)	0	1	0	0	0	0	0	-0.016400009393691999	0.0604999959468841	0.22190000712871499	0.25610000193118998	0.0289000008255243	0.019200000353157502	0.22909999936819	0.25270000100135798	-14.609999999999999	2.6099999999999999	0	0	0
19:52621246|52570040(+)	0	1	1	1	0	0	0	0.25360000114887898	-0.26900000162422599	0.183200003206729	0.18710000365972501	0.0096000000135973099	0.0034999999101273699	0.398499998450279	0.32799999713897698	10.24	7.3899999999999997	0	0	0
2:10423088|10419734(+)	0	1	1	1	1	1	1	-0.021699992916546701	1.4709000274538899	5.1440999269485399	2.0694000817835301	0.093899997672997407	0.39480000125476999	0.80000000000000004	0.43850000095553698	2.1600000000000001	9.5600000000000005	5	0	1
2:17718077|17745951(-)	0	1	1	1	1	1	1	2.8043000761419501	1.72550002336502	3.1611000142991501	2.06499996557831	0.99059999585151604	0.51800000043585803	0.972800004482269	0.66740000079153095	7.6600000000000001	3.79	5	0	0
2:24275713|24301234(-)	0	1	1	0	0	0	0	1.7521000340580899	2.3567999988794299	2.4044999688863702	1.49589999169111	0.71970000341534601	0.98650000095367396	0.98379999995231604	0.30209999791113601	8.4900000000000002	-11.550000000000001	1	0	0
2:28927700|28901987(+)	0	1	1	1	1	0	1	4.5358999699354099	1.7787000283598899	2.2594000063836499	1.5342000513337499	0.87970000207424104	0.20480000000679799	0.63310000710189296	0.46699999570846501	8.7300000000000004	12.19	6	1	0
2:32482582|32464509(+)	0	1	1	1	1	0	0	6.7497999727725899	3.36739999949932	5.8227998554706497	2.99349995851516	0.90049999998882402	0.98729999065399099	0.90549999997019703	0.60820000134408403	10.449999999999999	10.24	3	0	1
2:38131614|38113361(+)	0	1	1	1	1	0	1	0.94100001156330104	0.83739999905228601	0.098299997299909597	-0.22170000523328701	0.87619999945163696	0.78759999871253905	0.00110000002896413	0.00020000000949948999	8.5600000000000005	12.44	3	1	0
2:53813073|53809214(+)	0	1	1	1	1	1	1	6.5336002364754604	2.5569000065326599	4.6383999645709899	2.3477000088430899	0.88360000103712	0.34869999920483602	1	0.41299999998882397	9.6500000000000004	12.42	2	1	0
2:55303069|55309254(-)	0	1	1	1	1	1	0	4.8757999330758999	3.4122999981045701	7.2610998153686497	6.0251998662948596	0.99980000257491997	0.99729999899864197	1	1	3.6800000000000002	4.5999999999999996	1	0	0
2:55525619|55524953(+)	0	1	0	0	0	0	0	-0.0327000021934509	0.0196999996900558	-0.0065000029280781703	-0.24569999873638099	0.0058000000077299699	0.0054000001051463103	0.00030000000260770298	0.000400000007357448	8.6300000000000008	2.1099999999999999	1	1	0
2:55605144|55605647(-)	0	1	0	0	0	0	0	-0.36959999613463801	-0.18690000064671	0.62209999421611395	-0.0020999930799007402	0.00020000000949948999	0.00030000001424923501	0.030800000042654499	0.0017000000458210699	-1.1299999999999999	1.1399999999999999	1	0	0
2:61224842|61178981(+)	0	1	0	1	0	0	1	4.7770000770688004	2.03949997276067	0.45450000837445198	-0.052900003641843697	0.85049999952316202	0.33149999993620399	0.13799999783514	0.000100000004749745	10.27	8.4499999999999993	3	1	0
2:64953939|64955984(-)	0	1	1	1	1	1	1	0.067199992388486798	0.292499989271163	0.18259999826550399	0.143699997663497	0.00120000005699694	0.0021999999997205999	0.00460000003222376	0.044900000421330299	8.5399999999999991	9.1699999999999999	4	1	0
2:68229986|68230503(-)	0	1	0	0	0	0	0	-0.102100005000829	0.53249999284744198	-0.39069999232888197	-0.24929999932646699	0.0302999994717538	0.18530000150203699	0.0046000001486390801	0.013400000031106101	-1.1299999999999999	5.8200000000000003	0	0	0
2:77315958|77315464(+)	0	1	0	0	0	0	0	0.109899998735636	0.26880000457167602	0.23130000727251099	-0.36940000131726197	0.0011999999871477401	0.00090000001946464103	0.049399999144952703	0.00020000000949948999	6.6600000000000001	4.4000000000000004	0	0	0
2:88570874|88575446(-)	0	1	1	1	1	1	0	5.5855000779032702	2.2338000312447499	6.2978998661041201	2.0238999797031201	0.967799997329711	0.28050000217044702	0.90149999996647201	0.49779999514576001	10.67	9.4600000000000009	4	0	0
2:99196554|99200387(-)	0	1	0	0	0	0	0	-0.31330000646412298	-0.29760000109672502	0.17210000101476899	-0.28859998919069701	0.0036000000196509002	0.00080000003799796104	0.021100000117439701	0.000500000023748725	4.2999999999999998	-26.940000000000001	0	0	0
2:104717296|104719049(-)	0	1	0	1	0	0	1	0.250200003944337	-0.248600000143051	0.32780000567436202	0.240100002288818	0.0019000000320374901	0.000100000004749745	0.48680000007152502	0.35129999667405998	9.25	9.6699999999999999	2	0	0
2:135916226|135933990(-)	0	1	1	1	1	1	1	5.83159998655319	4.5302999854087798	5.0984999354928702	2.8125999689102099	1	0.99959999918937603	0.89919999967096298	0.97369999885559	6.3600000000000003	9.2100000000000009	6	0	1
2:148342336|148330483(+)	0	1	1	1	0	0	1	0.057900001644156797	0.34660000167786997	1.5007000058889299	1.4787999844178501	0.00080000002635642804	0.010400000168010501	0.99810000658035203	0.62829999807290704	10.08	8.8000000000000007	3	1	0
2:152356373|152365519(-)	0	1	0	0	0	0	0	0.099700000509619705	0.225800001621246	0.10380000174045501	-0.54370000362396198	0.0054999999934807397	0.012600000388920301	0.010200000135228	0.0013000000268220901	7.0700000000000003	-3.1499999999999999	0	0	0
2:153965427|153944394(+)	0	1	0	1	0	0	0	1.8741000175475999	0.389200006611645	0.11429999917745499	0.020200005173683099	0.70160000007599499	0.21360000073909699	0.33560000211000401	0.217599999904632	7.7999999999999998	6.9199999999999999	1	0	0
2:157487332|157491093(-)	0	1	1	1	1	0	0	0.19060000404715499	0.377000003680586	1.55980001986026	0.52500000894069598	0.0080999999889172607	0.0036999999778345202	0.60410000304691402	0.41340000162599599	11.01	8.3100000000000005	2	0	0
2:171006147|171023129(-)	0	1	1	1	1	0	1	3.1869999758899201	3.6744999647140499	6.4195001006126402	2.9459999948740001	0.99980000257491997	1	1	0.40360000011278302	10.65	4.7199999999999998	4	0	0
2:177323304|177348475(-)	0	1	1	1	0	1	1	0.14159999042749399	0.64389999657869301	-0.24009998887777301	0.0081000037491321501	0.028500000271014798	0.066599997982848394	0.0036000001709908199	0.0144000000320374	6.6799999999999997	5.5	0	0	0
2:188110072|188139740(-)	0	1	0	1	0	0	1	0.14980000667273999	-0.31760001440998098	0.030500000715255701	0.173900002241134	0.000500000023748725	0.0021999999880790702	0.31909999847412102	0.63809999823570196	8.3800000000000008	5.46	0	0	0
2:189346225|189358227(-)	0	1	1	1	1	1	1	0.0083000034093856801	0.30780000388622197	-0.121599994599819	0.069799996167421302	0.21780000030994401	0.66100000143051096	0.000100000004749745	0.0010000000009313199	7.8300000000000001	5.1500000000000004	4	1	0
2:201545543|201597841(-)	0	1	1	0	0	1	0	0.33840000201016601	-0.0397999964654445	-0.24160001277923501	1.0555999843403601	0.252599996328353	0.00640000004786998	0.089900000020861598	0.79299999861977999	9.1400000000000006	4.0800000000000001	3	1	0
2:201725356|201761818(-)	0	1	1	1	1	1	0	4.5602000085636902	2.1238000005483602	3.5275000419467601	2.0526000127196302	0.98399999737739496	0.42570000122068402	0.99670000076293896	0.41840000032680102	8.8800000000000008	10.789999999999999	5	0	0
2:202623782|202622344(+)	0	1	0	0	0	0	0	-0.029199999570846499	0.090800002217292702	-0.16490000933408699	0.088699999451637201	0.0029000000678934099	0.0062000001315027399	0.0064000001642853001	0.00910000004805624	3.5600000000000001	-0.42999999999999999	0	0	0
2:202942967|202914389(+)	0	1	1	0	0	1	0	-0.076599987968802394	0.39040001221001103	2.1247999668121298	2.36049999594688	0.0020000000949949	0.061000000615604198	0.88079999983310697	0.76019999831914897	10.130000000000001	-2.9399999999999999	0	0	0
2:216799685|216712380(+)	0	1	1	1	1	1	0	-0.287800008058548	0.27329999357461898	0.244199997559189	0.0170999945141375	0	0.066600002150516896	0.10690000019967499	0.00030000001424923501	9.7799999999999994	11.529999999999999	2	1	0
2:216824295|216799549(+)	0	1	1	1	0	1	1	-0.28529999544843998	0.0088000008836388501	-0.372300000488758	0.038299994170665701	0.0013000000268220901	0.000100000004749745	0.000100000004749745	0.0013000000151805499	5.2800000000000002	8.3800000000000008	2	1	0
2:217174281|217159008(+)	0	1	0	1	0	0	1	0.25960000120103299	0.45689999759197197	-0.044899997487664198	-0.49050000607967298	0.0012000000453554001	0.0031000000773929001	0.0061999999335967003	0.000500000023748725	11	11.02	0	0	0
2:220531252|220450299(+)	0	1	1	1	1	1	0	0.14089999794960001	-0.24120000898838001	-0.023500005900859801	0.042199997603893202	0.035499999765306697	0.0062000001315027399	0.00190000004367902	0.0034000001149251998	8.5500000000000007	11.460000000000001	1	1	0
2:220855873|220774918(+)	0	1	1	1	0	0	1	-0.118300006911158	-0.51709999591112099	0.48680000007152502	0.36699999561533297	0.000100000004749745	0	0.19120000149123301	0.017100000183563599	9.6600000000000001	10.01	2	1	0
2:224557659|224558241(-)	0	1	1	0	0	1	0	0.046600003540515897	0.58869999982416599	5.6815000176429704	2.7537000160664298	0.0011000000056810601	0.035799999907612803	1	0.592500000819563	7.2199999999999998	10.529999999999999	3	1	0
2:231165993|231170589(-)	0	1	0	0	0	0	0	5.1423000931739802	5.2030000209808298	4.9099000096321097	5.0644000113010401	1	1	0.99990000128746004	0.94799999892711595	0.84999999999999998	7.04	0	0	0
2:231455401|231460750(-)	0	1	1	0	0	1	0	2.7105999708175599	1.6368000209331499	3.3723000138998001	0.80370003432035397	0.69999999999999996	0.59819999688770598	0.99900000095367403	0.432400000095367	10.279999999999999	-26.98	1	0	0
2:232656686|232677466(-)	0	1	0	0	0	0	0	-0.30710000507533503	-0.188599996920675	0.41410000622272403	-0.0066000103950500403	0.00020000000949948999	0.0012000000453554001	0.169099999964237	0.046200000587850801	4.2999999999999998	-9.8900000000000006	0	0	0
2:239236593|239379053(-)	0	1	1	0	0	1	0	-0.99419999606907306	-1.94110001847147	1.93059999644756	1.37679999023675	0	0.000100000004749745	0.84220000058412503	0.63959999978542303	10.75	12.6	2	0	0
2:241585580|241584465(+)	0	1	0	0	0	0	0	1.17420001635327	0.61949999759672203	0.036800009012222197	0.021699997223913602	0.49290000218898	0.287500001851003	0.017800000403076398	0.0037999999709427299	7.6600000000000001	5.8099999999999996	1	0	0
20:499255|508660(-)	0	1	1	1	1	1	1	2.0464999794960002	1.9701000141096301	6.50429999828338	2.7472999636083801	0.99729999899864197	0.84089999198913501	1	0.98009999990463204	7.0800000000000001	8.7400000000000002	4	1	0
20:3918796|3901548(+)	0	1	1	1	1	0	1	0.64310001581907195	0.100800004601478	5.1674000024795497	2.9116000980138699	0.26249999906867699	0.152400000765919	0.84689999865368004	0.500499999988824	9.8499999999999996	3.73	2	1	0
20:4899555|4936875(-)	0	1	1	1	1	0	1	0.122900001518428	0.31760001033544499	6.1510001482441998	3.34980003219097	0.014500000141561	0.0024000000208616199	0.99390000104904097	0.50959999987389804	9.2200000000000006	13.69	0	0	0
20:5995618|5952011(+)	0	1	0	1	0	0	0	1.94460000507533	0.17810000404715501	0.19620000123977599	0.22279999703168801	0.49820000191684799	0.0598000004421919	0.11309999963268599	0.056000000238418501	8.3399999999999999	9.5700000000000003	1	0	0
20:17950132|17957037(-)	0	1	1	1	1	0	1	4.6454000577330499	4.2982000112533498	3.2642000138759601	3.3857000052928901	0.99950000047683696	0.89970000432804198	1	0.99309999942779503	9.7200000000000006	3.6499999999999999	5	1	1
20:20676236|20694590(-)	0	1	1	0	0	0	0	-0.16169999539852101	0.30680000977590599	5.8173999309539797	4.4515999794006298	0.000900000007823109	0.0022000000346451901	1	0.93499999940395295	9.8200000000000003	9.6099999999999994	2	0	0
20:21332440|21326490(+)	0	1	1	1	1	1	1	4.1987000465393001	2.4634000182151699	5.0012000560760397	3.8887000232934898	0.95960000157356196	0.60570000011939495	1	0.93629999756812998	10.57	6.21	5	0	1
20:31755315|31755518(-)	0	1	0	0	0	0	0	-0.117599995434284	0.17340000122785501	0.092499998211860598	0.0879999995231628	0.017499999701976701	0.0603999990969896	0.0055000001098960598	0.0167999999597668	4.9400000000000004	2.5099999999999998	2	0	0
20:35332861|35335014(-)	0	1	0	0	0	0	0	0.32790000606328201	0.29579999744892099	0.088699997961521101	0.034200004488229699	0.0060999999754130802	0.0152999999932944	0.039200000069104103	0.044600000733044001	11.08	5.0800000000000001	1	0	0
20:49143854|49154071(-)	0	1	0	1	0	0	0	3.4139999926090199	3.33220003545284	-0.35889999885112001	0.023799998313188499	0.999700003862381	0.95659999847412103	0.0255000002216547	0.00300000008428469	7.8799999999999999	10.01	2	1	0
20:49251527|49275887(-)	0	1	1	1	1	0	1	1.0599000141024499	0.44150000363588299	3.89609995633363	2.3851999983191399	0.73910000845789903	0.27620000570314002	0.99869999885559002	0.73070000072475505	10.470000000000001	1.9199999999999999	5	0	0
20:64014185|64014394(-)	0	1	0	0	0	0	0	-0.098099988698959306	-0.019000005722045899	0.082100000977516102	0.19760000407695699	0.0050000000861473298	0.0057000000961124897	0.040599999576807003	0.048900000005960398	3.5600000000000001	-3.3700000000000001	2	0	0
21:29459812|29351634(+)	0	1	1	1	0	0	0	-0.103800003975629	-0.36100000664591703	0.33769999146461399	-0.116100008133798	0.0010000000358559101	0.0014000000199303	0.00330000000540167	0.000100000004749745	9.6600000000000001	6.3799999999999999	2	1	0
21:37098160|37075936(+)	0	1	0	0	0	0	0	0.45919999927282301	0.96749998927116398	0.92799999155104096	0.63859999999403905	0.033000000531319497	0.73639999777078602	0.79070000052452005	0.92309998869895904	0.88	6.7599999999999998	3	0	0
22:20405993|20405736(+)	0	1	0	0	0	0	0	-0.68120000921189705	-1.4986000165343201	-1.74789994806051	0.664599975198507	0	0	0.18400000463006999	0.27010000010486601	-8.4800000000000004	-2.8900000000000001	0	0	0
22:31608033|31603744(+)	0	1	1	1	1	0	1	1.1138999861665	0.91960003897547704	0.90889999158680401	1.57860002219676	0.46930000521242599	0.20539999797474501	0.48610000497428701	0.49509999536676302	9.6500000000000004	11.289999999999999	6	1	0
22:32273507|32262661(+)	0	1	1	0	0	1	0	-0.127800004184246	-0.0199999958276748	0.196200007200241	0.25520000606775201	0.0143000001087784	0.015400000009685701	0.417699998617172	0.31779999881982801	9.6500000000000004	8.6099999999999994	1	0	0
22:35894813|35945214(-)	0	1	0	0	0	0	0	0.067999996640719401	0.56349999904632497	5.1575999259948704	3.3848999738693202	0.0104999997536651	0.0056999999447725699	1	0.98299999833106999	8.7300000000000004	9.0600000000000005	1	0	0
22:37678547|37679683(-)	0	1	0	0	0	0	0	2.2142999615636598	1.25140002071857	0.955899998545646	3.00020004659891	0.73820000290870602	0.22149999793618899	0.30069999999832298	0.716600002150517	-31.989999999999998	3.0499999999999998	1	0	0
22:39318487|39314134(+)	0	1	0	0	0	0	0	3.99829996228218	4.9143000578507703	3.9704999715089699	4.7570999637246096	0.71089999955147498	0.97889999747276302	0.99950000047683696	0.99690000414848301	-2.6000000000000001	3.71	0	0	0
22:42089334|42089922(-)	0	1	0	0	0	0	0	0.32700000889599301	-0.47769999038428002	-0.020100000500679002	-0.15779999867081601	0.00140000004321336	0.00020000000949948999	0.00030000001424923501	0.011399999994318901	-1.1299999999999999	-23.43	0	0	0
22:44119140|44117970(+)	0	1	1	0	0	0	0	-0.51999999731779101	-0.27419999539852102	4.7840000182390199	3.3652000486850699	0.00020000000949948999	0.00030000000260770298	0.83580000326037396	0.60349999889731398	8.7300000000000004	9.9900000000000002	3	1	0
22:50210911|50204919(+)	0	1	1	0	0	0	0	0.17470000088214799	0.14120000302791499	3.6106999710202201	2.4462999939918499	0.052800000086426699	0.058899999409914	0.83689999580383301	0.50010000000474897	10.9	1.6299999999999999	2	1	0
22:50522717|50522343(+)	0	1	1	1	1	1	0	-0.14630000405013499	0.17430001497268599	0.76489999908953898	2.1138000201433802	0.18119999890914101	0.0200000001117587	0.49760000990936498	0.77839999794960002	-13.210000000000001	8.8800000000000008	1	0	0
3:3777725|3795428(-)	0	1	1	1	0	0	1	0.486499992012977	0.12180000618100099	0.211499995738267	0.010099998861551201	0.0239000007044523	0.0031000000890344299	0.00200000003678724	0.00129999999189749	10.65	8.9700000000000006	3	1	0
3:3926426|3951764(-)	0	1	0	0	0	0	0	0.061799995601177202	0.20540000051259899	0.050799995474517301	-0.33150000646710398	0.13470000103116	0.19280000030994399	0.0128999998560175	0.00020000000949948999	11	8.7300000000000004	0	0	0
3:4028423|4068745(-)	0	1	0	1	0	0	0	0.29829999804496699	-0.30900001004338201	0.16080000028014099	-0.19129999428987501	0.0041999999899417096	0.0028999999864026899	0.00060000002849847002	0	6.9199999999999999	8.6300000000000008	1	0	0
3:4270103|4362254(-)	0	1	0	1	0	0	1	5.2441000521183003	1.5603000100702	0.058300003409385598	0.51579999625682804	0.96579999923705995	0.29009999891277399	0.00239999999757856	0.108999999170191	4.6900000000000004	10.08	2	1	0
3:5201924|5192270(+)	0	1	1	0	0	0	0	-0.025300003681331801	0.28160001523792699	4.7655000088736399	3.4048000920563899	0.0066999999224208297	0.0434000001405365	0.89549999833106997	0.62910000215051698	6.1399999999999997	11.640000000000001	3	1	0
3:16010941|16008286(+)	0	1	0	0	0	0	0	-0.0763999998569488	-0.106600011140108	-0.326599986851215	0.211800001561641	0.0027000000351108601	0.0017000000458210699	0.010800000000745	0.094499999657273195	9.6500000000000004	10.33	2	0	0
3:20140364|20071364(+)	0	1	1	0	0	0	0	-0.183299998426809	0.129900000058114	6.8839999854564597	2.26560004726052	0.000100000004749745	0.00290000010281801	1	0.50030000000260699	9.8499999999999996	5.8300000000000001	3	0	0
3:20152579|20099862(+)	0	1	0	1	0	0	1	5.9765001535415596	2.5923000693321199	1.727999971807	1.2682000219821901	1	0.91089999675750699	0.98240000009536699	0.92850000262260401	1.96	8.8200000000000003	2	1	0
3:28380233|28381904(-)	0	1	0	0	0	0	0	-0.30930001437664001	-0.17170000374317099	-0.90189999490976303	-0.15229999436996799	0.00120000005699694	0.0033000000403262601	0.000100000004749745	0.00040000001899897998	7.9299999999999997	-3.48	1	0	0
3:33486148|33492682(-)	0	1	0	0	0	0	0	-0.40919999480247499	0.224099987745285	-0.079199989791959496	0.25259998999535999	0.0041000000317581	0.020200000144541201	0.00090000003110617404	0.0032000000705011099	8.5500000000000007	6.8399999999999999	4	1	0
3:46510760|46521658(-)	0	1	0	1	0	0	0	2.33319996604695	1.4355999916791899	0.12460000216960899	0.067600005865096999	0.94599999785423206	0.43950000107288301	0.18220000118017099	0.10339999943971601	7.2999999999999998	7.5899999999999999	1	0	0
3:52737586|52742417(-)	0	1	1	0	0	1	0	0.37240000255405897	0.035899996198713702	3.1138000190257999	2.2396999642252902	0.18909999913303099	0.0012000000337138699	0.81080000251531603	0.59969999919412598	10.029999999999999	8.4299999999999997	3	0	0
3:64010683|64022523(-)	0	1	0	1	0	0	1	6.8670998968183996	2.40929998606443	5.2260999798774703	6.0774000637233199	0.96230000257491999	0.39159999936819001	1	0.99670000076293896	1.6100000000000001	6.9100000000000001	0	0	0
3:65050822|65018441(+)	0	1	0	1	0	0	0	0.13740000054240201	0.14680000096559501	0.019299997016787501	0.13569998703896999	0.22520000264048501	0.00050000001210719297	0.0049000000115484001	0.0024999999906867702	9.8000000000000007	10.130000000000001	3	1	0
3:66414920|66451633(-)	0	1	1	1	1	1	1	2.01240001916885	2.21480001099407	4.5939999304711803	4.3200000017881397	0.98539999723434402	0.87129999399185099	0.99610000252723696	0.66459999879589304	7.9400000000000004	9.8699999999999992	3	0	0
3:106678677|106843256(-)	0	1	0	1	0	0	1	0.019600017368793399	0.45009997161105197	0.34750000089406902	0.061699985712766602	0.000500000023748725	0.118299999355804	0.65790000557899397	0.091199999582022406	7.4400000000000004	2.6099999999999999	1	0	0
3:116331635|116332178(-)	0	1	0	0	0	0	0	0.106499999761581	0.204000002145767	-0.23709999169223001	-0.202299999119713	0.30339999794959999	0.433299997448921	0.00030000001424923501	0.00040000001899897998	10.17	6.5	3	1	0
3:129827803|129867098(-)	0	1	1	1	1	1	1	0.38929999247193298	0.12220000363886301	1.59660000652074	3.1944999396800902	0.0051000000210478904	0.00230000001611188	0.55370000079274095	0.65819999948143904	10.75	10.289999999999999	3	1	0
3:150871930|150865059(+)	0	1	1	1	0	1	1	-0.24720000214874699	-0.187400003522634	0.22290000300854401	-0.29110000729560798	0.000100000004749745	0.0029999999911524298	0.0014999999664723799	0.00200000003678724	7.79	6.1100000000000003	3	0	0
3:158271856|158269211(+)	0	1	0	0	0	0	0	0.19190001003444099	0.34750000219792099	0.50260000079870204	0.59729999192059002	0.159799999627284	0.110499999672174	0.24660000265575899	0.083199998363852501	8.8300000000000001	8.1600000000000001	0	1	0
3:170117226|170178938(-)	0	1	1	1	1	1	0	1.9560999929904901	1.4166000381112001	6.1007998526096303	3.9160999357700299	0.97400000095367401	0.66849999686237405	1	0.62780000061029495	7.5199999999999996	6.7599999999999998	6	1	1
3:172381093|172226871(+)	0	1	1	1	1	0	0	5.81879999935627	2.0748999998904698	5.9829999744892097	3.3378999658860198	0.99930000305175704	0.30020000264048502	0.99750000238418501	0.55150000075809602	10.77	10.74	5	0	0
3:178859489|178909706(-)	0	1	1	1	0	1	0	0.069299999997019704	0.283600011095404	-0.033499989099800502	0.036300002411007802	0.0053000000771134996	0.0035000000731088199	0.0030000000377185601	0.0059000000590458497	9.8000000000000007	10.9	2	1	0
3:178909599|178914562(-)	0	1	1	0	0	0	0	-0.153399997204542	0.51140001416206304	-0.0093000018037855594	-0.030799996445421099	0.000400000007357448	0.103499998454935	0.000100000004749745	0.00040000001899897998	10.449999999999999	6.3099999999999996	2	0	0
3:179368103|179348845(+)	0	1	1	1	1	0	1	2.3242999643087301	0.350099988281726	5.4504998952150299	2.6831999748945199	0.39159999797120598	0.19750000205822199	0.93729999959468802	0.99609999656677195	8.2400000000000002	6.8899999999999997	1	0	0
3:183057311|183058627(-)	0	1	1	0	0	0	0	-0.42029999047517702	0.0038000047206878601	5.0708000648766696	2.67409994527697	0.00070000002160668302	0.00140000003157183	0.88880000291392203	0.507000002637505	9.6300000000000008	9.3699999999999992	0	0	0
3:184325907|184325353(+)	0	1	1	0	0	1	0	5.0705998905002998	5.3505000278353601	5.7321001172065698	4.3727999828755797	0.98429999947547897	0.93709999918937603	1	0.99000000357627804	7.5800000000000001	8.3599999999999994	0	0	0
3:188659997|188659803(+)	0	1	0	0	0	0	0	-0.56259999610483602	-0.32710000276565498	-0.36860000863671299	0.199700009822845	0	0.0012000000453554001	0.00020000000949948999	0.0040999998804181802	-2.1299999999999999	4.6100000000000003	3	0	0
3:191392748|191392313(+)	0	1	0	0	0	0	0	-0.34509997963905298	-0.120800010114908	-0.77100000716745798	-0.21550000575371001	0.014000000059604599	0.000400000007357448	0	0.00020000000949948999	-22.579999999999998	-8.2300000000000004	0	0	0
3:195959822|195960086(-)	0	1	0	1	0	0	0	-0.221099998801946	0.14069999270141101	-0.55639999806880902	0.046700004115700702	0.0034000000334344798	0.0061999999685212904	0.00060000001685693799	0.0216000003390945	6.6799999999999997	6.29	1	1	0
4:2706545|2715201(-)	0	1	0	0	0	0	0	-0.058399999141693103	0.12910000383853901	-0.072999996691942196	-0.034699998050928098	0.0270000001881271	0.0121000002138316	0.12679999992251301	0.139700002968311	7.9299999999999997	-3.3199999999999998	0	0	0
4:7786194|7801054(-)	0	1	1	0	0	0	0	-0.181400002539157	-0.22009999454021401	3.2097000256180701	3.0254999976605101	0.0027000000583939201	0.0010000000358559101	0.96449999809265097	0.73599999726284204	11.109999999999999	8.7100000000000009	0	0	0
4:12755593|12756485(-)	0	1	0	0	0	0	0	-0.70649999976158095	-0.78440002202987602	-0.39829999208450301	-0.51220000088214801	0.00090000004274770596	0.0018000000505708101	0.0019000000786036199	0.0023000000976026	9.3900000000000006	4.4299999999999997	1	0	0
4:14700743|14862685(-)	0	1	1	0	0	1	0	-0.87120002023875698	-0.31680000051856	-0.45350000093458198	-0.45440000668168001	0.000100000004749745	0	0.000100000004749745	0.00030000000260770298	10.1	10.56	3	0	0
4:16355785|16287522(+)	0	1	1	0	0	0	0	-0.31659999974071901	-0.0175000023096799	-0.071500003337860094	-0.069299997389316498	0.00040000001899897998	0.0249999999650754	0.00140000003157183	0.0049999999930150796	7.8700000000000001	10.23	0	1	0
4:16323036|16288884(+)	0	1	1	1	0	0	1	-0.328700015787035	0.16979998126626	0.62589999269693997	1.51329998634755	0.0054999999469146103	0.017800000309944101	0.36470000296831101	0.69139999598264601	6.5599999999999996	8.5700000000000003	3	1	0
4:17794931|17805225(-)	0	1	0	1	0	0	1	-0.0769999880343675	-0.026599995791911999	0.176699994318187	0.84309999942779501	0.000100000004749745	0.0060000001336447898	0.133799999440088	0.74700000206939798	10.08	7.0499999999999998	4	1	0
4:21524287|21524555(-)	0	1	0	0	0	0	0	-0.148199996352195	-0.148500002548098	-0.30970000121742403	0.389599997922778	0.0035999999730847699	0.00030000001424923501	0.0019000000203959601	0.00220000005792826	-7.3799999999999999	-3.1299999999999999	0	0	0
4:21611391|21666912(-)	0	1	0	0	0	0	0	-0.32289998903870498	-0.0060999933630227999	-0.057399994134902897	0.218300002813339	0.00020000000949948999	0.0023999999742954901	0.023200000077485999	0.024900000169873201	10.130000000000001	11.890000000000001	0	1	0
4:24541873|24570847(-)	0	1	1	1	1	1	1	6.2355000078678096	3.40720000267028	6.5062000330537497	1.58500003665685	0.93230000138282698	0.99959999918937603	0.99499999880790702	0.492899998626671	9.9900000000000002	4.3200000000000003	6	1	1
4:25191624|25196815(-)	0	1	1	1	1	1	1	0.42389999572187598	0.32999999802559599	-0.137299983203411	-0.125299997627735	0.040800000017043203	0.0074000002583488799	0.00030000001424923501	0.0024000000674277498	10.279999999999999	2.4900000000000002	3	0	0
4:25413742|25383261(+)	0	1	1	1	1	1	1	4.8852999716997099	2.2365999937057399	5.0208000168204299	4.2820001251995503	0.99980000257491997	0.39080000087851602	0.95009999871253903	0.94259999394416805	9.0700000000000003	9.4199999999999999	1	0	1
4:39774933|39717614(+)	0	1	1	0	0	1	0	-0.463000001758337	0.37140000532381201	5.9307000339031202	2.8442000105976999	0.00110000002896413	0.17459999918937599	0.99769999980926505	0.49959999918937598	10.77	6.5899999999999999	3	1	0
4:48839148|48835212(+)	0	1	0	0	0	0	0	0.25669999718665998	0.33550000190734802	0.168400004133582	-0.47039999961853002	0.18140000030398301	0.29279999732971101	0.0040000000852160097	0.00040000001899897998	1.6899999999999999	-0.58999999999999997	2	0	0
4:55489118|55489465(-)	0	1	0	1	0	0	1	0.85029999911785104	0.96270000338554296	0.039100000262260397	0.15049999952316201	0.79149999916553404	0.88960000276565498	0.041799999470822503	0.13969999924302101	5.2599999999999998	9.0500000000000007	0	0	0
4:59848462|59865678(-)	0	1	0	0	0	0	0	0.042900002002716001	-0.047400003671646103	-0.16180000053718599	-0.159200000762939	0.0148000000976026	0.020399999804794702	0.0010000000242143801	0.00080000003799796104	9.6500000000000004	8.7699999999999996	1	1	0
4:79379354|79365689(+)	0	1	0	0	0	0	0	0.13020000518299599	0.116000001877546	0.29119999855756701	0.0121999949216842	0.0019000000320374901	0.0087000001105479903	0.10310000106692301	0.060200000181794097	8.3399999999999999	8.5399999999999991	2	0	0
4:87159458|87195690(-)	0	1	0	1	0	0	1	0.80820000842213602	0.16930003017187101	0.11809999416582199	0.029800000041723201	0.054100000672042299	0.23520000379066899	0.017700000246986699	0.0041000000550411603	8.6799999999999997	7.1299999999999999	3	1	0
4:88075656|88067898(+)	0	1	0	1	0	0	1	6.1212000787258098	2.5307000510394499	3.3891999781131701	1.4295000046491599	0.99990000128746004	0.37029999941587399	0.60480000096140396	0.89589999447343804	3.9700000000000002	6.7599999999999998	2	0	0
4:99045310|99039374(+)	0	1	1	1	1	1	1	6.1719999194145201	2.55289998948574	4.8143000464886399	2.4895999880507498	0.99990000128746004	0.50429999836487605	0.89549999833106997	0.482500002672895	7.1600000000000001	8.9399999999999995	5	1	0
4:99903786|99928588(-)	0	1	0	0	0	0	0	-0.41689999513328002	-0.40199999921023799	4.9308999080210896	4.7041999533772403	0.000100000004749745	0.0038999999407678802	0.90010000020265502	0.993799996376037	-3.7599999999999998	-20.75	0	0	0
4:105369579|105456745(-)	0	1	0	1	0	0	1	1.95219999440014	2.1595000267028799	1.91399997845292	0.072099995799362604	0.99470000267028802	0.74940000493079395	0.871899998188018	0.018899999931454602	5.96	10.220000000000001	2	0	0
4:121825848|121863279(-)	0	1	1	1	0	1	0	4.86529992520809	2.7220999799668699	0.53359999433159799	0.90650001019239401	0.844899998605251	0.63099999325349898	0.29920000131241897	0.53969999551772996	9.0600000000000005	11.83	0	0	0
4:122281774|122250480(+)	0	1	1	0	0	0	0	4.9695000596344396	5.7828001521527703	6.6998999699950197	1.9567999400198399	0.88200000375509202	0.90379999801516497	0.94889999926090196	0.38700000176904698	8.5500000000000007	4.5300000000000002	0	0	0
4:122362251|122328199(+)	0	1	0	0	0	0	0	3.5816000044345802	4.6590000569820402	3.2868999514728698	0.58420000541955197	1	0.900400000018999	0.73930000195978196	0.054499999037943697	3.6400000000000001	6.4000000000000004	1	0	0
4:139058669|139125329(-)	0	1	0	1	0	0	0	2.4929000139236401	3.0612000025808799	3.0323999762535001	2.6070000052452	0.99760000109672498	0.97160000205039898	0.70759999528527195	0.79939999887719704	4.0800000000000001	10.039999999999999	3	0	0
4:152322596|152350124(-)	0	1	0	1	0	0	0	7.2111998319625803	4.1649999215267597	4.1642999649047798	4.9084999382495802	1	0.99009999632835299	1	1	2.8300000000000001	10.07	1	0	0
4:153591194|153587742(+)	0	1	1	1	1	1	0	3.0688999891281101	3.1180000305175701	2.3212999999523101	1.8200000215321701	1	1	0.72619999962626003	0.49710000286577199	7.6100000000000003	8.4499999999999993	0	0	0
4:157363551|157335671(+)	0	1	1	1	1	1	1	6.1829000949859596	2.2466000072425198	4.0686999678611704	5.9669999361038197	0.81140000000596002	0.39000000375090099	1	1	7.7699999999999996	3.8500000000000001	2	0	0
4:183474764|183497669(-)	0	1	1	1	1	0	1	0.186899992357939	0.52279998883604994	0.19120000302791501	-0.41760000586509699	0.018100000033155001	0.037599999736994502	0.021200000308453999	0.0047000000020489098	10.65	7.9199999999999999	1	0	0
5:10068209|10084122(-)	0	1	0	0	0	0	0	-0.197100003063678	-0.197799993306398	-0.0407000012579374	-0.36629999093711302	0.00030000001424923501	0.00030000001424923501	0.00030000001424923501	0.00020000000949948999	10.880000000000001	12.6	1	0	0
5:31511035|31521215(-)	0	1	1	1	1	0	1	3.03840001821517	2.60759996175765	4.4995999492704799	2.1582999631762498	0.98899999856948795	1	0.99750000238418501	0.61189999915659399	8.8300000000000001	4.71	5	1	0
5:33469382|33453289(+)	0	1	0	1	0	0	1	4.5396999895572598	1.9683999620378001	-0.042799997329711903	-0.039900001883506703	0.99650000333786004	0.42519999956712101	0.0058000001474283599	0.0077000000514089997	5.8399999999999999	8.0899999999999999	0	0	0
5:37003347|36995622(+)	0	1	1	1	1	0	1	6.0799000486731503	3.81110003590583	4.2766000449657398	3.9113999903201999	0.999400001764297	0.98500000238418495	0.99909999966621399	0.96340000033378603	8.3100000000000005	8.0600000000000005	5	1	0
5:43541945|43541437(+)	0	1	0	0	0	0	0	-0.54810000769793898	-0.425400024652481	0.13670000061392701	-0.55130000473000096	0.0024000000907108102	0.0065999999991617998	0.0082000001450069204	0.0018000000389292801	6.3200000000000003	-25.66	0	0	0
5:56873005|56820726(+)	0	1	1	0	0	0	0	0.74079999625682802	0.102699996903538	5.4758000731468197	1.6242000164464101	0.59739999957382595	0.13579999688081401	0.90740000009536703	0.31569999752100503	10.859999999999999	10.58	3	1	0
5:64330406|64284828(+)	0	1	1	0	0	0	0	0.075299996137618994	0.25500000119209199	4.9346000447869303	3.30840003490448	0.26169999986886899	0.335999995470047	0.999400001764297	0.59730000178096798	10.279999999999999	7.21	0	0	0
5:65508067|65521528(-)	0	1	0	1	0	0	0	0.49339999221265302	1.49240002036094	0.409400001913309	-0.110699999332427	0.44840000486001302	0.98719999790191604	0.086400000005960403	0.0056000000331550802	6.9900000000000002	5.5700000000000003	4	1	0
5:65652545|65635301(+)	0	1	1	1	1	1	0	4.6327000200748403	2.3019000627100401	6.4745999068021698	3.8724000602960502	0.99950000047683696	0.35580000220797903	0.98849999904632502	0.61489999990444599	11.08	8.9000000000000004	7	1	0
5:67090231|67048807(+)	0	1	1	0	0	0	0	0.222900000959634	-0.025300000794231801	5.4694999098777703	2.7886999953538099	0.00070000003324821505	0.000100000004749745	0.99919999837875295	0.54430000146385205	10.279999999999999	7.2000000000000002	2	1	0
5:81454449|81451706(+)	0	1	0	0	0	0	0	-0.83179998602718097	0.0204000033438205	-0.27470001429319302	0.065299996733665405	0.00020000000949948999	0.0064000000013038497	0.0018000000505708101	0.075399999041110194	8.2300000000000004	2.5899999999999999	0	0	0
5:84493237|84490658(+)	0	1	1	1	0	1	1	-0.11289999978616801	0.141799998888745	-0.057199990004301003	-0.61379999779164796	0.00020000000949948999	0.00040000001899897998	0.00100000004749745	0.000100000004749745	7.46	8.75	2	0	0
5:92507348|92671593(-)	0	1	1	1	1	0	1	-0.57439999654889096	-0.66269999742507901	-0.173499998450279	-0.069699998199939703	0	0	0.0025000000721774902	0.00360000006621703	10.859999999999999	9.9900000000000002	1	0	0
5:97017690|97013648(+)	0	1	0	1	0	0	0	1.47080000918358	2.02379996553063	-0.16180000156164101	0.080599999427795402	0.41189999356865797	0.31479999901493999	0.00020000000949948999	0.00070000002160668302	8.8800000000000008	9.5199999999999996	2	1	0
5:108898132|108768093(+)	0	1	0	1	0	0	1	1.05019999817013	1.66909998953342	1.3622999817132899	1.1607999980449599	0.52909999694675203	0.98989999890327396	0.99950000047683696	0.81300000250339499	8.7599999999999998	9.9399999999999995	2	1	1
5:109770541|109755329(+)	0	1	1	1	1	0	0	1.5510000206529999	1.4844000091776199	3.52199995592236	2.5781000107526699	0.85200000107288298	0.25549999768845699	0.98360000252723601	0.81079999804496705	9.4600000000000009	8.8599999999999994	6	1	1
5:112839105|112838903(+)	0	1	0	0	0	0	0	3.36399996876716	3.1261999826878299	3.8602999866008698	3.7695999763905998	1	0.98819999694824201	0.96980000138282696	0.99819999933242798	-7.04	10.48	1	0	0
5:132330494|132329210(+)	0	1	0	0	0	0	0	0.145499998331069	-0.026499995589256201	-0.345300017297267	-1.1197000011801701	0.036400000378489401	0.013299999851733401	0.000500000023748725	0	1.48	5.1100000000000003	1	0	0
5:133089695|133086782(+)	0	1	1	1	1	0	0	3.5490000025369199	2.64209994152188	4.0445999816059999	3.1419000327587101	0.98970000147819503	0.63099999944679397	0.99670000076293896	0.76360000073909695	9.6600000000000001	9.1400000000000006	6	1	0
5:137677545|137792128(-)	0	1	1	1	0	0	1	-0.185499991301912	0.14539999961853001	5.5458998620510096	2.34659996256232	0.00080000003799796104	0.0042000000248663101	0.99789999723434397	0.30899999998509797	9.1099999999999994	7.1600000000000001	1	1	0
5:137698287|137859263(-)	0	1	1	1	0	1	1	2.6563999831676401	2.48209998905658	5.9217999279499001	2.3987000063061701	1	0.94879999756813005	0.89560000090859804	0.44610000130487598	7.8200000000000003	6.4900000000000002	0	0	0
5:142844606|142844287(+)	0	1	0	0	0	0	0	-0.58649999201297698	0.21519999802112499	-0.043200007826089799	-0.29380000419914698	0.0020000000600702999	0.0186000000685453	0.0028000000049359999	0.0010000000125728499	-5.9400000000000004	6.21	0	1	0
5:150733368|150753657(-)	0	1	1	1	1	0	0	5.2179999589920003	1.89759998023509	5.92409995608031	3.6948999851941999	0.996899998188018	0.26089999761897997	0.98909999728202802	0.67050000308081503	8.5099999999999998	8.1199999999999992	4	0	0
5:151569928|151555905(+)	0	1	0	0	0	0	0	0.41109998878091503	0.21999999955296501	-0.62859999835491098	0.119200000166893	0.00330000006360933	0.00310000012395903	0	0.0010000000358559101	7.9199999999999999	5.1799999999999997	3	0	0
5:151673139|151674644(-)	0	1	0	0	0	0	0	2.3332999549806099	1.9525999873876501	3.4151000767946198	2.73010004162788	0.83260000189766203	0.89680000543594296	0.86280000135302504	0.82230000495910605	-6.54	-16.109999999999999	2	0	0
5:154865207|154863309(+)	0	1	0	0	0	0	0	5.8707000404596297	5.2044999569654404	6.0798000514507198	5.7080000542104203	0.93840000033378601	0.99720000028610201	0.92579999864101403	0.95469999313354403	2.29	-11.1	1	0	0
5:155870424|155822053(+)	0	1	1	1	0	0	0	0.35119999498128801	0.13449999243020999	-0.0839999970048666	-0.56520000807940896	0.13970000005792799	0.000900000007823109	0.0025999999954365101	0.0034000000916421399	8.6300000000000008	8.8000000000000007	3	1	0
5:172064720|172082376(-)	0	1	1	0	0	1	0	2.2527999758720298	3.5695999264717102	1.7924000305938499	2.2672000274062101	0.38459999966435099	0.59619999937713097	0.37260000238893498	0.63089999775402195	7.1500000000000004	-1.1399999999999999	0	0	0
5:179617984|179618323(-)	0	1	1	1	1	1	1	5.8940998494625001	3.25299997329711	2.48159998059272	1.8824000269174499	0.99980000257491997	0.99990000128746004	0.836800000071525	0.80129999555647302	10.57	4.6900000000000004	1	1	0
6:10898848|10898015(+)	0	1	1	0	0	0	0	3.2305000185966399	1.9509000301360999	1.89920001178979	1.7039000170305301	1	0.69710000343620704	0.72150000035762696	0.58629999756813	11	7.2699999999999996	0	1	0
6:20730568|20722009(+)	0	1	0	0	0	0	0	-0.010499992966651901	-0.038599988818168597	0.120899999141693	-0.390800005197525	0.0076999999815598099	0.0054000001284293803	0.030700000189244701	0.00190000004367902	6.3399999999999999	-0.46999999999999997	0	0	0
6:32121107|32126234(-)	0	1	0	0	0	0	0	1.2463000034797	0.80899998648092097	1.8774999782443	1.32300000041723	0.59079999122768601	0.30140000171959402	0.95420000553131101	0.87180000076768904	-2.1299999999999999	-9.5399999999999991	0	0	0
6:33148063|33147215(+)	0	1	0	1	0	0	0	-0.25900000454857902	0.37969999583438002	-0.50099996458739005	-0.067199993785470702	0.000100000004749745	0.044900000013876701	0.0098000001162290504	0.0017000000691041301	8.5899999999999999	9.1199999999999992	0	0	0
6:34628635|34628855(-)	0	1	0	0	0	0	0	0.109800000488758	0.10969999879598601	0.21990000307559901	-0.165700004994869	0.059999999403953501	0.034800000116229003	0.338099999725818	0.090999999921768895	7.9299999999999997	0.27000000000000002	1	0	0
6:35842535|35869039(-)	0	1	1	0	0	0	0	5.3562999099492998	4.2793999060988401	5.9947000429034203	2.2230999868363099	0.98249999880790695	0.99160000085830602	0.98339999914169296	0.57379999756813005	10.470000000000001	-12.65	1	0	0
6:43029190|43024985(+)	0	1	1	1	0	1	1	0.34970000721514199	1.04990000501275	4.0561000585556002	3.8920000523328699	0.022199999820441001	0.217699999990873	0.97300000190734803	0.99990000128746004	3.3300000000000001	10.140000000000001	1	1	0
6:56992555|56981777(+)	0	1	1	1	1	0	1	1.76579998945817	0.17509999796748099	3.7139999449253001	1.9158999995794099	0.78029999783029702	0.0053000000072643098	1	0.57259999923408	8.1400000000000006	6.6799999999999997	1	0	0
6:69239226|69045143(+)	0	1	1	0	0	0	0	-0.104099994897842	-0.100800012052059	5.4332000367343403	3.45530004799366	0.0041999999317340504	0.00279999998165294	0.98719999790191604	0.59450000524520796	9.1099999999999994	-11.529999999999999	0	0	0
6:71305721|71305440(+)	0	1	0	0	0	0	0	0.43759999945759698	0.25520000085234601	0.72470000088214803	0.581200023170094	0.0065999999525956799	0.00120000001043081	0.079299999994691395	0.051899999752640702	-9.7100000000000009	-12.789999999999999	0	0	0
6:72313672|72299090(+)	0	1	1	0	0	1	0	3.1349999904632502	3.2639999985694801	4.3755999676883199	4.0358999967575002	1	1	0.98009999990463204	0.92009999752044602	10.67	6.6399999999999997	0	1	0
6:75663518|75634681(+)	0	1	1	0	0	1	0	0.47040000520646502	-0.048200016096234297	4.74170003533363	3.8146000415086698	0.22069999664090501	0.0040999998804181802	1	0.99900000691413804	10.08	4.4800000000000004	0	0	0
6:79481171|79493750(-)	0	1	0	1	0	0	0	2.7348999798297799	1.0081000115722401	0.14660000866278999	-0.21549999490380201	0.85879999622702596	0.200600001774728	0.0019999999669380402	0.00030000001424923501	3.3300000000000001	5.5	1	0	0
6:80273221|80129161(+)	0	1	1	1	1	0	1	4.91700002849102	3.12659995555877	4.0433000057935704	1.7115000136196601	0.99959999918937603	0.93019999861717195	0.86689999828813602	0.30789999914122701	7.0999999999999996	5.4400000000000004	5	1	0
6:83142046|83140000(+)	0	1	1	1	1	0	0	4.7645000502467099	3.2051000967621799	4.0012998953461603	2.4589999839663501	0.81019999906420703	0.77390000224113398	0.83210000079125102	0.494200001657009	9.7899999999999991	5.9299999999999997	6	0	1
6:85567534|85588950(-)	0	1	1	1	1	1	1	0.10910000205039901	0.025100007653236299	6.2813000082969603	3.1158999592065801	0.038599999807775003	0.0129000000655651	0.90089999996125703	0.60600000172853397	9.8000000000000007	5.0899999999999999	3	1	0
6:87398377|87348812(+)	0	1	1	1	0	0	1	1.7141999527812	1.6437999652698601	0.48049999922513897	-0.134900000691413	0.86840000897645897	0.64460001289844504	0.0095999999204650494	0.0033000001101754599	10.67	4.5899999999999999	4	1	0
6:96924805|96924997(-)	0	1	0	0	0	0	0	1.15380000658333	0.79050001977011497	0.23069999581202799	-0.063300006091594696	0.64189999885857096	0.64839999675750704	0.00070000003324821505	0.00040000001899897998	-7.9400000000000004	4.25	0	0	0
6:110860076|110860547(-)	0	1	0	0	0	0	0	-0.063500002026557895	-0.161799994111061	0.021299996972084002	-0.71910001635551402	0.0028000000515021298	0.0068000001134350899	0.00340000006835907	0.0028000000165775401	7.9299999999999997	1.6699999999999999	1	0	0
6:117585011|117532260(+)	0	1	0	1	0	0	0	2.6271999403834299	3.9524000208824801	0.13650000393390599	-0.18859999179840001	0.55400000116787795	0.90089999996125703	0.077700000256299903	0.018899999838322398	7.9400000000000004	9.1600000000000001	2	1	0
6:117585011|117544528(+)	0	1	0	1	0	0	1	2.19130000174045	1.5513000160455701	0.13650000393390599	-0.18859999179840001	0.96890000104904095	0.605799996852874	0.077700000256299903	0.018899999838322398	7.9400000000000004	6.8200000000000003	1	1	0
6:135203324|135185903(+)	0	1	1	1	1	1	1	4.4878999862819899	3.2846999341621901	3.2474999308586101	2.1908999681472698	0.98630000352859404	0.98210000395774799	0.96430000066757204	0.57180000394582697	8.5500000000000007	8.2799999999999994	6	1	0
6:136611282|136642569(-)	0	1	1	1	1	0	1	4.3431000627577303	1.9327000297605901	6.4897998839616697	3.6150999844074199	0.93430000245571099	0.69769999431446195	0.934100002050399	0.93519999384880004	8.1400000000000006	9.4399999999999995	5	0	0
6:149676260|149677620(-)	0	1	1	0	0	1	0	-0.91489998996257704	-0.45839998703449902	5.2021999955177298	2.8001999080181101	0.000100000004749745	0.00070000002160668302	1	0.40049999998882402	10.51	7.4400000000000004	2	0	0
6:154944206|154773989(+)	0	1	1	1	0	0	1	3.9100999534129999	2.6499999910593002	0.72150001097470495	1.3392000246793001	0.94130000472068698	0.73280000090598996	0.29469999929424301	0.61100000180304004	8.0199999999999996	7.6699999999999999	2	0	0
6:158783572|158776487(+)	0	1	0	0	0	0	0	6.20980003476142	6.2293998837471003	5.4259000193327598	3.951200042665	0.99700000286102297	0.90000000000000002	0.88439999818801796	0.99850000143051099	6.4299999999999997	-5.5300000000000002	1	0	0
6:165902657|165910932(-)	0	1	0	1	0	0	1	-0.48159999188501301	-0.69319998472929001	-0.30999998524785	-0.098099999502301194	0.00160000005271285	0	0	0.0090000002528540703	6.29	3.4500000000000002	3	1	0
7:722754|724864(-)	0	1	0	0	0	0	0	0.097100001573562605	0.25580000579357098	-0.66569999866187501	-0.26249999906867699	0.034799999371170898	0.049100000038743	0	0.00070000003324821505	9.3300000000000001	10.300000000000001	2	0	0
7:7786948|7673309(+)	0	1	0	1	0	0	1	0.011300000175833699	2.02399997860193	0.50380000770092004	0.254699994623661	0.17360000014305099	0.83010000248905202	0.0093000000808388002	0.00360000014770776	6.3200000000000003	11.52	0	0	0
7:7867614|7920295(-)	0	1	0	0	0	0	0	-0.060400010645389503	0.77990000434219797	0.17080000080168201	0.15570000261068301	0.041300000215414898	0.28290000457782299	0.000500000023748725	0.00040000001899897998	1.25	10.119999999999999	0	0	0
7:11382521|11411322(-)	0	1	1	1	1	0	0	7.2451000690460203	3.0130000464618201	6.0295999839901899	2.75090004354715	1	0.745600001513958	0.94320000112056701	0.40030000000260701	7.8200000000000003	9.2100000000000009	1	0	0
7:26670091|26844137(-)	0	1	1	1	1	1	0	2.2964000359177499	1.01450002500787	3.7061999797821001	5.43149993419647	0.64729999913834002	0.21260000444017299	1	1	10.24	12.07	2	0	0
7:33054124|33053565(+)	0	1	0	0	0	0	0	-0.22420000135898499	0.115199998021125	0.071799997985363004	-0.51320000216364803	0.0068000000203028302	0.012599999969825099	0.0244999998249113	0.00060000001685693799	8.2400000000000002	-20.800000000000001	1	0	0
7:39974819|39976042(-)	0	1	0	0	0	0	0	-0.22060000076889899	-0.202899999916553	-0.77490000724792396	-0.083099991828203199	0.00090000004274770596	0.00080000003799796104	0	0.0021000000881031102	0.13	-17.809999999999999	1	0	0
7:50761721|50780736(-)	0	1	0	1	0	0	1	-0.41859999755397398	-0.074999994784593502	0.028200000524520801	0.127200007438659	0.000100000004749745	0.000100000004749745	0.017299999995157099	0.044800000451505097	4.4400000000000004	9.2599999999999998	2	1	0
7:65960952|65974441(-)	0	1	0	1	0	0	1	2.0340999901294698	0.076800077036023096	2.3831999849528001	-0.025100002437829901	0.86219999790191604	0.24640000304207199	0.69230000039096895	0.00179999992251396	7.9100000000000001	10.68	2	1	0
7:72106151|72137378(-)	0	1	1	0	0	0	0	-0.120300012826919	0.11139999926090199	5.9354999005794502	2.6339999839663499	0.0071000000578351303	0.030200000200420601	0.92870000004768305	0.41700000044656899	10.65	5.0199999999999996	0	1	0
7:72903204|72902766(+)	0	1	0	0	0	0	0	0.145199999213218	-0.18200000524520801	-0.30769999027252198	0.151599997282028	0.040900000184774299	0.054999999515712203	0.0291000001132488	0.067500000074505795	7.9299999999999997	6.1900000000000004	0	0	0
7:75020149|75018972(+)	0	1	1	1	1	0	0	4.5244000434875398	1.7939000329934001	4.8475000012665896	3.2020999699831001	1	0.28709999932907498	0.97430000305175701	0.51610000068321804	8.6999999999999993	9.6799999999999997	4	1	1
7:76057422|76058018(-)	0	1	0	0	0	0	0	4.3145000278949697	3.1372999951243399	3.71670002788305	3.22769998311996	0.90689999908208796	0.78860000669956198	0.89930000095628204	0.92509999871253901	4.4000000000000004	-12.43	2	0	0
7:92070182|91992885(+)	0	1	1	1	1	1	0	5.2580999612808199	2.9191999644041	3.1398999869823401	2.60930001400411	1	0.99990000128746004	0.85719999800203295	0.573899995535612	7.1500000000000004	5.6200000000000001	2	0	0
7:100438502|100435721(+)	0	1	1	0	0	1	0	1.42600001469254	2.3027999818325	0.78640000894665696	0.28330001272261102	0.99929999709129302	0.99990000128746004	0.0857000006362795	0.0238999996450729	7.4400000000000004	7.6500000000000004	3	1	0
7:106657329|106657125(+)	0	1	0	0	0	0	0	1.24700001012533	1.1941999837756101	1.10779997984645	1.1102000147104201	0.98410000205039905	0.995700007677078	0.70960000286577196	0.84390000104904095	4.0499999999999998	-7.6699999999999999	0	0	0
7:123695823|123706826(-)	0	1	1	1	1	0	1	3.8334999570622998	3.6786999374628002	5.8440000921487796	3.72740006148815	0.99129999876022301	0.99900000095367403	0.999700003862381	0.96819999217986996	9.1099999999999994	9.0099999999999998	1	0	1
7:133707660|133707355(+)	0	1	0	0	0	0	0	0.17630000337958299	0.13029999732971101	-0.77240000665187802	-0.28649999285116701	0.0257000003010034	0.023900000378489401	0.000100000004749745	0.00100000004749745	5.5899999999999999	1.78	1	0	0
7:134950514|134947683(+)	0	1	1	0	0	0	0	4.7109000004827903	4.67150003910064	4.9759999305009801	1.9578000172972601	0.99530000090599002	1	0.99930000305175704	0.309099999989848	7.6399999999999997	-12.880000000000001	2	0	0
7:140124621|140133656(-)	0	1	1	1	1	1	0	5.0557000875472999	2.0184000313281998	6.6147001162171302	3.3220000222325301	0.95440000295639005	0.37259999937377802	0.99739999771118104	0.50470000135246595	11.08	3.7999999999999998	5	1	0
7:140453243|140453478(-)	0	1	0	0	0	0	0	0.49120000265538599	0.88669999837875302	0.77680000104010105	1.41200002878904	0.0037999999942257999	0.27789999654050901	0.097199999657459499	0.67639999575912901	-13.720000000000001	0.080000000000000002	1	0	0
7:140454652|140472011(-)	0	1	0	1	0	0	1	5.4487000465393001	2.4935999687760999	4.2344999755732697	5.7718999415635999	1	0.32290000290377002	0.81530000120401303	0.99950000047683696	-3.1499999999999999	11.75	0	0	0
7:148784077|148756968(+)	0	1	1	1	1	0	1	0.56450000377371901	0.64499999210238401	7.1070999741554202	2.1524000240489798	0.21070000301115199	0.032199999841395703	1	0.299999999208375	7.04	-4.2800000000000002	0	1	0
7:152330601|152344255(-)	0	1	1	1	1	1	1	0.120499999821186	0.104399996995925	3.6731000185012799	1.5387999869883	0.144500002264976	0.13120000138878801	1	0.61670000134035896	5.9400000000000004	8.3800000000000008	3	1	0
7:154574173|154446214(+)	0	1	0	1	0	0	0	6.6546998262405399	2.7431999415159201	-0.092500011622905706	-0.11590000577270899	1	0.51710000012535595	0.0016000000177882601	0.0022999999928288101	8.9900000000000002	9.2400000000000002	0	0	0
8:10485281|10477761(+)	0	1	0	1	0	0	1	-0.18329999521374701	0.096500004082918103	-0.37539999801665502	-0.19149999562650899	0.00040000001899897998	0.0067000000271946096	0.000100000004749745	0.000100000004749745	7.2599999999999998	6.2300000000000004	1	0	0
8:11106179|11107618(-)	0	1	0	0	0	0	0	-0.0191000029444694	-0.12619999498128801	-0.23300000596791501	0.226199989020824	0.0032999999355524702	0.0042999999946914599	0.00020000000949948999	0.030199999443720999	9.8000000000000007	8.6600000000000001	1	0	0
8:14820142|14823552(-)	0	1	0	0	0	0	0	-0.39899999201297698	0.034800001978874201	-0.018000000715255701	0.22189999967813401	0.00190000005532056	0.0035000000149011598	0.042600000277161598	0.051800000667572003	8.8300000000000001	8.7400000000000002	0	0	0
8:16765354|16783282(-)	0	1	0	1	0	0	0	1.3103000052273199	1.28120002001523	0.27280001193284897	0.21510000079870201	0.70689999847672802	0.44439999366877603	0.0061000002082437204	0.014799999946262601	8.3399999999999999	10.02	2	1	0
8:22410115|22408310(+)	0	1	1	1	1	1	1	4.0207999741658504	2.02470000144094	5.7052999854087796	4.0967000007629304	0.996899998188018	0.30190000127768102	0.99990000128746004	0.99800000190734806	2.0299999999999998	10.94	4	1	0
8:28444880|28452476(-)	0	1	0	1	0	0	1	3.2187000192701798	2.47020003348588	0.14370000362396201	-0.023999989032745299	0.98369999527931196	0.79830000102519905	0.020899999968241899	0.0036000000545754998	7.0700000000000003	7.9400000000000004	2	0	0
8:30784859|30799755(-)	0	1	0	1	0	0	1	6.1092000097036303	2.1167999997734999	0.70309999063610995	0.24759999997913801	0.99959999918937603	0.32569999814731998	0.335299999825656	0.019099999917671001	7.2699999999999996	8.7599999999999998	2	1	0
8:41510399|41490833(+)	0	1	0	1	0	0	1	1.0773999869823401	1.0460000023245799	1.64769998453557	1.8268999993801101	0.52230000232812002	0.341800000658258	0.99889999628067005	0.99950000047683696	7.46	9.3000000000000007	3	1	0
8:41679035|41680344(-)	0	1	0	0	0	0	0	0.45689999759197197	-0.0592999994754791	0.055500003695487903	0.026400002837181	0.067400000244379005	0.030699999933131002	0.0080000000307336398	0.104399999417364	6.3200000000000003	6.21	0	0	0
8:47294030|47279902(+)	0	1	1	0	0	1	0	0.73350001759827099	1.3426000010222101	0.72810000590979995	1.4137000203132599	0.51310000214725704	0.692200005368795	0.27160000343574198	0.59830000400543204	10.57	6.2699999999999996	1	1	0
8:47294030|47291033(+)	0	1	1	1	1	1	0	0.012200003303587399	1.6066000036895201	0.72810000590979995	1.4137000203132599	0.082699999213218606	0.611700009554624	0.27160000343574198	0.59830000400543204	10.57	10.18	6	1	0
8:60824016|60794986(+)	0	1	1	1	1	1	1	4.7016000151634199	3.71279996633529	6.6322999358177102	4.0418000213801797	1	1	0.99710000157356204	0.68200000186916399	5.0700000000000003	4.2000000000000002	4	0	0
8:66474952|66471430(+)	0	1	1	1	1	1	1	0.47260001003742202	0.44710000641643999	0.455900014564394	0.22059999890625401	0.079200000641867496	0.015900000021792898	0.19390000104904101	0.13680000156164099	8.3100000000000005	5.6799999999999997	4	1	0
8:100071405|100093509(-)	0	1	1	1	1	1	0	2.9691000152379199	0.779500003159046	1.06329997992143	1.4521000117063501	0.99320000410079901	0.22500000288709901	0.29219999978085898	0.63739999959943805	-1.6100000000000001	11.68	5	1	0
8:102289453|102293753(-)	0	1	1	0	0	1	0	5.1082999914884502	5.1311000779271101	6.0639001369476304	2.0850000439677299	0.89319999814033502	0.80380000262521201	1	0.21030000001192001	5.4100000000000001	-16.949999999999999	0	0	0
8:103355211|103407784(-)	0	1	0	1	0	0	0	5.0134998917579603	2.3947999760508498	0.22750000581145199	-0.276700016856193	0.999700003862381	0.548199995700269	0.0096000001649372193	0.00189999998547136	3.5299999999999998	4.6600000000000001	4	1	0
8:106742317|106737520(+)	0	1	1	1	1	1	1	6.7571001768112096	5.6616000533103898	6.0149999499320899	3.4583000145852498	1	1	1	0.676700005028396	10.06	11.85	4	0	0
8:124208116|124248693(-)	0	1	1	0	0	0	0	0.15450000427663299	0.191699997824616	0.129699996113777	0.20779999643564201	0.00080000000307336398	0.0010000000358559101	0.0305000002379529	0.0026000000769272401	11.01	7.9299999999999997	0	0	0
8:124543168|124549788(-)	0	1	0	0	0	0	0	3.54559998512268	3.4405000572092801	2.8383000016212399	4.4638000115752199	0.69389999508857703	0.82660000324249205	0.83949999623000604	0.99459999799728305	-5.3600000000000003	-3.9199999999999999	0	0	0
8:129959543|129957133(+)	0	1	0	0	0	0	0	0.034800002723932202	-0.50859999880194595	-0.052300000563263803	-0.250499997287988	0.0014000000548548899	0.00060000002849847002	0.0071000001160427904	0.00160000004107132	7.6600000000000001	-4.0300000000000002	1	0	0
8:130152751|130136961(+)	0	1	0	0	0	0	0	5.0930999755859299	6.2467999339103697	5.3723000973463	5.79060004204511	0.99959999918937603	1	0.81610000059008603	0.91120000332593898	3.5899999999999999	0.77000000000000002	1	0	1
8:141126206|141126471(-)	0	1	1	1	1	1	1	0.043800000380724603	0.253100004233419	-0.60119999349117204	-0.111399997025728	0.0018000000272877499	0.0024000000441446899	0	0.00140000003157183	8.0199999999999996	10.35	3	1	0
9:5737880|5914062(-)	0	1	0	1	0	0	0	0.241600006632506	0.092899990081787107	0.099099998176097798	-0.124400003254413	0.017699999990872999	0.0014999999781139101	0.0023000000859610698	0.00080000003799796104	8.6500000000000004	9.4900000000000002	2	0	0
9:7128236|6982629(+)	0	1	1	0	0	1	0	0.11470000967383299	-0.21159999836236201	5.0917000595480202	3.4953000543638999	0.00229999995790421	0.00050000001210719297	0.87299999723909405	0.60010000129695895	10.359999999999999	6.7599999999999998	1	0	0
9:14960958|14990345(-)	0	1	0	1	0	0	1	0.18120000362396199	-0.074099999666213903	0.068499998003244397	-0.196199996396899	0.0045999999972991604	0.0024000000441446899	0.0038000000058673301	0.00030000001424923501	8.8300000000000001	9.9100000000000001	2	1	0
9:27080989|27044742(+)	0	1	0	1	0	0	0	3.9502999797463398	2.1467999875545498	-0.0072999954223632799	-0.032799997180700299	0.99980000257491997	0.41919999624369603	0.0108000001288019	0.0010000000242143801	5.6600000000000001	9.0600000000000005	2	1	0
9:27274090|27286362(-)	0	1	1	1	0	0	0	0.67910000160336403	1.56730002760887	0.65750000178813905	0.69639999093487803	0.56699999829288505	0.98790000677108702	0.074200000800192303	0.107600000116508	5.2800000000000002	11.23	1	0	0
9:28602146|28603638(-)	0	1	0	0	0	0	0	-0.473699985444545	0.081399999558925601	-0.74620000859722402	-0.16650000438094101	0	0.0023999999742954901	0.000100000004749745	0.0009999999660067259	9.0399999999999991	7.3499999999999996	2	0	0
9:33166590|33307297(-)	0	1	0	0	0	0	0	4.6389000179246	5.92479994297027	-0.37780000716447798	-0.0284999975934624	0.98759999871253901	1	0	0.000100000004749745	5.4199999999999999	6.2300000000000004	0	0	0
9:36455908|36456131(-)	0	1	0	0	0	0	0	-0.028500004112720401	0.067900002002715995	0.0066000103950500403	-0.198599994182586	0.0038000000407919202	0.0037000000127591099	0.0028000000515021298	0.00130000003846362	-0.52000000000000002	-21.940000000000001	1	0	0
9:69715478|69717103(-)	0	1	0	0	0	0	0	2.0110000133514401	1.3704999819397901	-1.1027000045403801	0.118400004506111	0.99319999814033499	0.89639999866485598	0	0.0087000000872649204	-0.26000000000000001	-17.440000000000001	0	0	0
9:83585553|83599064(-)	0	1	0	0	0	0	0	0.243699994683265	0.364599993824958	0.41479999944567603	0.22979999324306799	0.35600000023841799	0.43489999473094898	0.0051000000443309499	0.0311000007437542	10.029999999999999	3.4700000000000002	1	0	0
9:86301276|86346480(-)	0	1	1	1	1	0	0	3.2864000082015901	2.4852999627590102	3.2240999896079301	2.2107999727129899	0.99969999790191599	0.96770000457763605	0.97860000133514402	0.39699999968288402	9.9900000000000002	4.9299999999999997	6	0	0
9:112220329|112220147(+)	0	1	0	0	0	0	0	-0.36470000185072399	0.60420000255107797	-0.37410000115633002	-0.66370000690221698	0.00020000000949948999	0.016700000257696902	0	0.00020000000949948999	-1.3799999999999999	-2.79	1	0	0
9:123065461|122996046(+)	0	1	1	0	0	1	0	5.5094999417662596	4.9640999972820197	7.54110019207	2.5851000040769501	0.99869999885559002	0.99419999718665997	1	0.49110000270884402	7.6399999999999997	-0.050000000000000003	2	0	0
9:124717783|124733349(-)	0	1	1	1	1	1	0	3.2340000331401799	1.73090002536773	1.6182999819517101	1.39090000987052	1	0.99990000128746004	1	0.99950000047683696	10.65	12.16	3	1	1
9:125216061|125215026(+)	0	1	0	0	0	0	0	-0.117200002074241	0.226399999856948	0.25350000262260403	-0.70230000913143098	0.0323000005446374	0.097600000351667396	0.060099999606609299	0.0042999999946914599	0.89000000000000001	6.9100000000000001	1	0	0
9:131440156|131441445(-)	0	1	0	0	0	0	0	-0.047700002044439298	0.023799999058246601	0.123700001835823	0.22010000050067899	0.0017000000574625999	0.0046000000787898799	0.062600000575184805	0.060400000214576699	9.4499999999999993	2.1400000000000001	1	0	0
9:138004198|138003807(+)	0	1	0	0	0	0	0	0.112600000202655	0.034299999475479098	0.097599998116493197	0.034400004148483203	0.204199999570846	0.13720000088214801	0.20579999834299001	0.100299999862909	6.6200000000000001	10.68	3	1	0
X:20132182|20134007(-)	0	1	1	1	1	0	1	6.10209997892379	2.4411999911069802	5.9578000051900704	2.8798999726772299	1	0.76609999332576995	0.99329999685287396	0.63370000342838395	5.46	9.1400000000000006	2	0	0
X:41134837|41123471(+)	0	1	1	1	1	0	0	7.8595998287200901	1.89949994310736	5.68110016882419	4.7119000911712599	1	0.28669999967096299	0.99919999837875295	0.90000000000000002	7.8300000000000001	12.58	6	1	1
X:48575667|48575168(+)	0	1	1	1	1	1	1	0.34389998652040898	0.0437000170350074	6.00220004320144	2.9829999685287398	0.208799999160692	0.21060000211000399	1	0.607900002121459	4.4100000000000001	12.640000000000001	2	0	0
X:63307506|63343289(-)	0	1	1	1	1	1	1	0.097799997031688596	0.22379999756812999	0.074799998104572302	-0.0538000017404556	0.49550000429153401	0.55830000638961796	0.067199999466538402	0.0281999999657273	9.6600000000000001	6.5300000000000002	2	0	0
X:71096624|71100701(-)	0	1	0	0	0	0	0	5.2001001998782099	4.7520000722259201	4.5471999652683701	4.2273000180721203	0.95469999909400904	0.97989999651908799	0.98690000176429704	0.91610000133514402	4.9500000000000002	-2.5099999999999998	0	0	0
X:101897868|101904330(-)	0	1	1	1	1	0	0	0.28920000419020597	1.8004999995231601	0.85820000134408403	1.9601999938487999	0.26090000569820399	0.82960000634193398	0.26910000104689902	0.51519999913871195	9.0800000000000001	10.51	5	1	1
X:103478136|103531184(-)	0	1	0	0	0	0	0	0.30150000806897798	0.012200003303587399	-0.092199994809925495	-0.18779998477548299	0.0039000001153908599	0	0.0022000000695697902	0.00150000001303851	8.8800000000000008	7.8799999999999999	3	1	0
Y:18932743|18938539(-)	0	1	1	0	0	1	0	-0.16199999153614	-0.36849999278783702	-0.30529999136924701	0.10509999990463199	0.036100000143051099	0.017300000227987701	0.00320000010542571	0.0262000000104308	1.6899999999999999	4.71	2	1	0
