circRNA_id	chrom	start	end	strand	gene_symbol	coordinate_classification	matched_candidate_types	best_candidate_type	matched_base_ids	matched_base_coordinates	matched_base_database_counts	matched_base_databases	liftover_status	notes
mmu_circ_0000029	chr1	38164412	38165312	NA	Rev1	mm9_0based	mm9_0based	mm9_0based	mm9_0based:base_row_6958	mm9_0based:chr1:38107568-38108467:.	mm9_0based:8	mm9_0based:01_circBase,02_circAtlas,03_CIRCpedia,04_CircBank,07_FL-circAS,39_CircASbase,40_CircAI,41_m6A2Circ	mm9_1based:ok;mm9_0based:ok	
mmu_circ_0000047	chr1	66518549	66537705	NA	Unc80	mm9_0based	mm9_0based	mm9_0based	mm9_0based:base_row_13697	mm9_0based:chr1:66471976-66491131:.	mm9_0based:8	mm9_0based:01_circBase,02_circAtlas,03_CIRCpedia,04_CircBank,07_FL-circAS,08_TSCD,39_CircASbase,40_CircAI	mm9_1based:ok;mm9_0based:ok	
mmu_circ_0000064	chr1	94044832	94045071	NA	Hdac4	mm9_0based	mm9_0based	mm9_0based	mm9_0based:base_row_20489	mm9_0based:chr1:92148256-92148494:.	mm9_0based:9	mm9_0based:01_circBase,02_circAtlas,03_CIRCpedia,04_CircBank,07_FL-circAS,08_TSCD,39_CircASbase,40_CircAI,41_m6A2Circ	mm9_1based:ok;mm9_0based:ok	
mmu_circ_0000079	chr1	135649665	135650326	NA	Atp2b4	mm9_0based	mm9_0based	mm9_0based	mm9_0based:base_row_27232	mm9_0based:chr1:133753089-133753749:.	mm9_0based:8	mm9_0based:01_circBase,02_circAtlas,03_CIRCpedia,04_CircBank,07_FL-circAS,39_CircASbase,40_CircAI,41_m6A2Circ	mm9_1based:ok;mm9_0based:ok	
mmu_circ_0000117	chr1	180253264	180255444	NA	NA	mm9_0based	mm9_0based	mm9_0based	mm9_0based:base_row_37926	mm9_0based:chr1:178323134-178325313:.	mm9_0based:9	mm9_0based:01_circBase,02_circAtlas,03_CIRCpedia,04_CircBank,07_FL-circAS,21_CircTarget,39_CircASbase,40_CircAI,41_m6A2Circ	mm9_1based:ok;mm9_0based:ok	
mmu_circ_0000129	chr1	187210124	187221146	NA	Eprs	mm9_0based	mm9_0based	mm9_0based	mm9_0based:base_row_40506	mm9_0based:chr1:185386246-185397267:.	mm9_0based:8	mm9_0based:01_circBase,02_circAtlas,03_CIRCpedia,04_CircBank,07_FL-circAS,39_CircASbase,40_CircAI,41_m6A2Circ	mm9_1based:ok;mm9_0based:ok	
mmu_circ_0000148	chr10	17809253	17816142	NA	Reps1	mm9_0based	mm9_0based	mm9_0based	mm9_0based:base_row_325915	mm9_0based:chr10:18089448-18096336:.	mm9_0based:8	mm9_0based:01_circBase,02_circAtlas,03_CIRCpedia,04_CircBank,07_FL-circAS,39_CircASbase,40_CircAI,41_m6A2Circ	mm9_1based:ok;mm9_0based:ok	
mmu_circ_0000153	chr10	24940416	25009536	NA	Akap7	mm9_0based	mm9_0based	mm9_0based	mm9_0based:base_row_327404	mm9_0based:chr10:25220611-25289730:.	mm9_0based:8	mm9_0based:01_circBase,02_circAtlas,03_CIRCpedia,04_CircBank,07_FL-circAS,39_CircASbase,40_CircAI,41_m6A2Circ	mm9_1based:ok;mm9_0based:ok	
mmu_circ_0000161	chr10	40186443	40189761	NA	Cdk19	mm9_0based	mm9_0based	mm9_0based	mm9_0based:base_row_329605	mm9_0based:chr10:40466638-40469955:.	mm9_0based:8	mm9_0based:01_circBase,02_circAtlas,03_CIRCpedia,04_CircBank,07_FL-circAS,08_TSCD,39_CircASbase,40_CircAI	mm9_1based:ok;mm9_0based:ok	
mmu_circ_0000187	chr10	80266327	80266633	NA	Sf3a2	mm9_0based	mm9_0based	mm9_0based	mm9_0based:base_row_339360	mm9_0based:chr10:80803583-80803888:.	mm9_0based:7	mm9_0based:01_circBase,02_circAtlas,03_CIRCpedia,04_CircBank,07_FL-circAS,39_CircASbase,40_CircAI	mm9_1based:ok;mm9_0based:ok	
mmu_circ_0000207	chr10	92684331	92701788	NA	Cdk17	mm9_0based	mm9_0based	mm9_0based	mm9_0based:base_row_343536	mm9_0based:chr10:93221587-93239043:.	mm9_0based:9	mm9_0based:01_circBase,02_circAtlas,03_CIRCpedia,04_CircBank,07_FL-circAS,08_TSCD,39_CircASbase,40_CircAI,41_m6A2Circ	mm9_1based:ok;mm9_0based:ok	
mmu_circ_0000228	chr11	5229881	5238766	NA	Znrf3	mm9_0based	mm9_0based	mm9_0based	mm9_0based:base_row_353146	mm9_0based:chr11:5329879-5338763:.	mm9_0based:7	mm9_0based:01_circBase,02_circAtlas,04_CircBank,07_FL-circAS,39_CircASbase,40_CircAI,41_m6A2Circ	mm9_1based:ok;mm9_0based:ok	
mmu_circ_0000254	chr11	43518035	43518979	NA	HRCR	mm9_0based	mm9_0based	mm9_0based	mm9_0based:base_row_360791	mm9_0based:chr11:43704534-43705477:.	mm9_0based:8	mm9_0based:01_circBase,02_circAtlas,03_CIRCpedia,04_CircBank,07_FL-circAS,39_CircASbase,40_CircAI,41_m6A2Circ	mm9_1based:ok;mm9_0based:ok	
mmu_circ_0000277	chr11	69463229	69465225	NA	Fxr2	mm9_0based	mm9_0based	mm9_0based	mm9_0based:base_row_369708	mm9_0based:chr11:69649728-69651723:.	mm9_0based:8	mm9_0based:01_circBase,02_circAtlas,03_CIRCpedia,04_CircBank,07_FL-circAS,39_CircASbase,40_CircAI,41_m6A2Circ	mm9_1based:ok;mm9_0based:ok	
mmu_circ_0000329	chr11	104217997	104240140	NA	Kansl1	mm9_0based	mm9_0based	mm9_0based	mm9_0based:base_row_386755	mm9_0based:chr11:104356684-104378826:.	mm9_0based:7	mm9_0based:01_circBase,02_circAtlas,03_CIRCpedia,04_CircBank,07_FL-circAS,39_CircASbase,40_CircAI	mm9_1based:ok;mm9_0based:ok	
mmu_circ_0000334	chr11	108525809	108619133	NA	Cep112	mm9_0based	mm9_0based	mm9_0based	mm9_0based:base_row_389510	mm9_0based:chr11:108664496-108757819:.	mm9_0based:7	mm9_0based:01_circBase,02_circAtlas,03_CIRCpedia,04_CircBank,07_FL-circAS,39_CircASbase,40_CircAI	mm9_1based:ok;mm9_0based:ok	
mmu_circ_0000345	chr12	3237284	3238112	NA	Rab10os	ambiguous	mm10_0based,mm9_0based		mm10_0based:base_row_394637;mm9_0based:base_row_394637	mm10_0based:chr12:3237285-3238112:.;mm9_0based:chr12:3237285-3238112:.	mm10_0based:9;mm9_0based:9	mm10_0based:01_circBase,02_circAtlas,03_CIRCpedia,04_CircBank,07_FL-circAS,08_TSCD,39_CircASbase,40_CircAI,41_m6A2Circ;mm9_0based:01_circBase,02_circAtlas,03_CIRCpedia,04_CircBank,07_FL-circAS,08_TSCD,39_CircASbase,40_CircAI,41_m6A2Circ	mm9_1based:ok;mm9_0based:ok	
mmu_circ_0000379	chr12	54240367	54243755	NA	Akap6	mm9_0based	mm9_0based	mm9_0based	mm9_0based:base_row_403471	mm9_0based:chr12:53139381-53142768:.	mm9_0based:9	mm9_0based:01_circBase,02_circAtlas,03_CIRCpedia,04_CircBank,07_FL-circAS,08_TSCD,39_CircASbase,40_CircAI,41_m6A2Circ	mm9_1based:ok;mm9_0based:ok	
mmu_circ_0000432	chr13	17830750	17864791	NA	Cdk13	mm9_0based	mm9_0based	mm9_0based	mm9_0based:base_row_423986	mm9_0based:chr13:17738917-17772957:.	mm9_0based:8	mm9_0based:01_circBase,02_circAtlas,03_CIRCpedia,04_CircBank,07_FL-circAS,39_CircASbase,40_CircAI,41_m6A2Circ	mm9_1based:ok;mm9_0based:ok	
mmu_circ_0000436	chr13	18902300	18906162	NA	Vps41	mm9_0based	mm9_0based	mm9_0based	mm9_0based:base_row_424156	mm9_0based:chr13:18810432-18814293:.	mm9_0based:9	mm9_0based:01_circBase,02_circAtlas,03_CIRCpedia,04_CircBank,07_FL-circAS,08_TSCD,39_CircASbase,40_CircAI,41_m6A2Circ	mm9_1based:ok;mm9_0based:ok	
mmu_circ_0000468	chr13	58960529	58962916	NA	Ntrk2	mm9_0based	mm9_0based	mm9_0based	mm9_0based:base_row_431559	mm9_0based:chr13:58859169-58861555:.	mm9_0based:8	mm9_0based:01_circBase,02_circAtlas,03_CIRCpedia,04_CircBank,07_FL-circAS,39_CircASbase,40_CircAI,41_m6A2Circ	mm9_1based:ok;mm9_0based:ok	
mmu_circ_0000474	chr13	64344941	64349807	NA	Cdc14b	mm9_0based	mm9_0based	mm9_0based	mm9_0based:base_row_432972	mm9_0based:chr13:64243634-64248499:.	mm9_0based:7	mm9_0based:01_circBase,02_circAtlas,04_CircBank,07_FL-circAS,21_CircTarget,39_CircASbase,40_CircAI	mm9_1based:ok;mm9_0based:ok	
mmu_circ_0000495	chr13	104674222	104679365	NA	Erbin	mm9_0based	mm9_0based	mm9_0based	mm9_0based:base_row_440105	mm9_0based:chr13:103884143-103889285:.	mm9_0based:8	mm9_0based:01_circBase,02_circAtlas,03_CIRCpedia,04_CircBank,07_FL-circAS,39_CircASbase,40_CircAI,41_m6A2Circ	mm9_1based:ok;mm9_0based:ok	
mmu_circ_0000500	chr13	120218966	120229678	NA	NA	mm9_0based	mm9_0based	mm9_0based	mm9_0based:base_row_442679	mm9_0based:chr13:119430160-119440871:.	mm9_0based:7	mm9_0based:01_circBase,02_circAtlas,03_CIRCpedia,04_CircBank,07_FL-circAS,39_CircASbase,40_CircAI	mm9_1based:ok;mm9_0based:ok	
mmu_circ_0000541	chr14	57367671	57390843	NA	Pspc1	mm9_0based	mm9_0based	mm9_0based	mm9_0based:base_row_455243	mm9_0based:chr14:56748835-56772006:.	mm9_0based:8	mm9_0based:01_circBase,02_circAtlas,03_CIRCpedia,04_CircBank,07_FL-circAS,39_CircASbase,40_CircAI,41_m6A2Circ	mm9_1based:ok;mm9_0based:ok	
mmu_circ_0000549	chr14	65444437	65447505	NA	Hmbox1	mm9_0based	mm9_0based	mm9_0based	mm9_0based:base_row_457459	mm9_0based:chr14:64825601-64828668:.	mm9_0based:8	mm9_0based:01_circBase,02_circAtlas,03_CIRCpedia,04_CircBank,07_FL-circAS,39_CircASbase,40_CircAI,41_m6A2Circ	mm9_1based:ok;mm9_0based:ok	
mmu_circ_0000551	chr14	71077885	71082657	NA	Xpo7	mm9_0based	mm9_0based	mm9_0based	mm9_0based:base_row_459175	mm9_0based:chr14:70678079-70682850:.	mm9_0based:7	mm9_0based:01_circBase,02_circAtlas,04_CircBank,07_FL-circAS,39_CircASbase,40_CircAI,41_m6A2Circ	mm9_1based:ok;mm9_0based:ok	
mmu_circ_0000552	chr14	72963290	72984651	NA	Fndc3a	mm9_0based	mm9_0based	mm9_0based	mm9_0based:base_row_459397	mm9_0based:chr14:72563484-72584844:.	mm9_0based:8	mm9_0based:01_circBase,02_circAtlas,03_CIRCpedia,04_CircBank,07_FL-circAS,39_CircASbase,40_CircAI,41_m6A2Circ	mm9_1based:ok;mm9_0based:ok	
mmu_circ_0000595	chr15	39398488	39448056	NA	Rims2	mm9_0based	mm9_0based	mm9_0based	mm9_0based:base_row_473312	mm9_0based:chr15:39566943-39616510:.	mm9_0based:9	mm9_0based:01_circBase,02_circAtlas,03_CIRCpedia,04_CircBank,07_FL-circAS,21_CircTarget,39_CircASbase,40_CircAI,41_m6A2Circ	mm9_1based:ok;mm9_0based:ok	
mmu_circ_0000598	chr15	44220014	44252419	NA	Nudcd1	mm9_0based	mm9_0based	mm9_0based	mm9_0based:base_row_473931	mm9_0based:chr15:44388469-44420873:.	mm9_0based:7	mm9_0based:01_circBase,02_circAtlas,03_CIRCpedia,04_CircBank,07_FL-circAS,39_CircASbase,40_CircAI	mm9_1based:ok;mm9_0based:ok	
mmu_circ_0000663	chr16	13697425	13699168	NA	Bfar	mm9_0based	mm9_0based	mm9_0based	mm9_0based:base_row_492924	mm9_0based:chr16:13697333-13699075:.	mm9_0based:8	mm9_0based:01_circBase,02_circAtlas,03_CIRCpedia,04_CircBank,07_FL-circAS,39_CircASbase,40_CircAI,41_m6A2Circ	mm9_1based:ok;mm9_0based:ok	
mmu_circ_0000670	chr16	17367496	17389550	NA	Pi4ka	mm9_0based	mm9_0based	mm9_0based	mm9_0based:base_row_494787	mm9_0based:chr16:17367404-17389457:.	mm9_0based:9	mm9_0based:01_circBase,02_circAtlas,03_CIRCpedia,04_CircBank,07_FL-circAS,08_TSCD,39_CircASbase,40_CircAI,41_m6A2Circ	mm9_1based:ok;mm9_0based:ok	
mmu_circ_0000688	chr16	43569793	43577861	NA	Zbtb20	mm9_0based	mm9_0based	mm9_0based	mm9_0based:base_row_502623	mm9_0based:chr16:43569681-43577748:.	mm9_0based:10	mm9_0based:01_circBase,02_circAtlas,03_CIRCpedia,04_CircBank,07_FL-circAS,08_TSCD,21_CircTarget,39_CircASbase,40_CircAI,41_m6A2Circ	mm9_1based:ok;mm9_0based:ok	
mmu_circ_0000736	chr17	26876487	26900393	NA	Cped1	mm9_0based	mm9_0based	mm9_0based	mm9_0based:base_row_517249	mm9_0based:chr17:26739543-26763448:.	mm9_0based:8	mm9_0based:01_circBase,02_circAtlas,03_CIRCpedia,04_CircBank,07_FL-circAS,39_CircASbase,40_CircAI,41_m6A2Circ	mm9_1based:ok;mm9_0based:ok	
mmu_circ_0000829	chr17	86497851	86520086	NA	NA	mm9_0based	mm9_0based	mm9_0based	mm9_0based:base_row_535275	mm9_0based:chr17:86098512-86120746:.	mm9_0based:8	mm9_0based:01_circBase,02_circAtlas,03_CIRCpedia,04_CircBank,07_FL-circAS,39_CircASbase,40_CircAI,41_m6A2Circ	mm9_1based:ok;mm9_0based:ok	
mmu_circ_0000853	chr18	23633616	23728276	NA	Dtna	mm9_0based	mm9_0based	mm9_0based	mm9_0based:base_row_540268	mm9_0based:chr18:23475116-23569775:.	mm9_0based:8	mm9_0based:01_circBase,02_circAtlas,03_CIRCpedia,04_CircBank,07_FL-circAS,08_TSCD,39_CircASbase,40_CircAI	mm9_1based:ok;mm9_0based:ok	
mmu_circ_0000857	chr18	25498214	25503463	NA	AW554918	mm9_0based	mm9_0based	mm9_0based	mm9_0based:base_row_540988	mm9_0based:chr18:25339714-25344962:.	mm9_0based:9	mm9_0based:01_circBase,02_circAtlas,03_CIRCpedia,04_CircBank,07_FL-circAS,18_riboCIRC,39_CircASbase,40_CircAI,41_m6A2Circ	mm9_1based:ok;mm9_0based:ok	
mmu_circ_0000858	chr18	31986915	31995135	NA	Wdr33	mm9_0based	mm9_0based	mm9_0based	mm9_0based:base_row_541779	mm9_0based:chr18:31827262-31835481:.	mm9_0based:8	mm9_0based:01_circBase,02_circAtlas,03_CIRCpedia,04_CircBank,07_FL-circAS,08_TSCD,39_CircASbase,40_CircAI	mm9_1based:ok;mm9_0based:ok	
mmu_circ_0000870	chr18	45751659	45752078	NA	Kcnn2	mm9_0based	mm9_0based	mm9_0based	mm9_0based:base_row_546303	mm9_0based:chr18:45592006-45592424:.	mm9_0based:9	mm9_0based:01_circBase,02_circAtlas,03_CIRCpedia,04_CircBank,07_FL-circAS,08_TSCD,39_CircASbase,40_CircAI,41_m6A2Circ	mm9_1based:ok;mm9_0based:ok	
mmu_circ_0000871	chr18	51462263	51463167	NA	Prr16	mm9_0based	mm9_0based	mm9_0based	mm9_0based:base_row_547028	mm9_0based:chr18:51302610-51303513:.	mm9_0based:9	mm9_0based:01_circBase,02_circAtlas,03_CIRCpedia,04_CircBank,07_FL-circAS,08_TSCD,39_CircASbase,40_CircAI,41_m6A2Circ	mm9_1based:ok;mm9_0based:ok	
mmu_circ_0000873	chr18	54055184	54078687	NA	Csnk1g3	mm9_0based	mm9_0based	mm9_0based	mm9_0based:base_row_547298	mm9_0based:chr18:53895531-53919033:.	mm9_0based:8	mm9_0based:01_circBase,02_circAtlas,03_CIRCpedia,04_CircBank,07_FL-circAS,39_CircASbase,40_CircAI,41_m6A2Circ	mm9_1based:ok;mm9_0based:ok	
mmu_circ_0000884	chr18	65798403	65816286	NA	Zfp532	mm9_0based	mm9_0based	mm9_0based	mm9_0based:base_row_549857	mm9_0based:chr18:65638750-65656632:.	mm9_0based:9	mm9_0based:01_circBase,02_circAtlas,03_CIRCpedia,04_CircBank,07_FL-circAS,18_riboCIRC,39_CircASbase,40_CircAI,41_m6A2Circ	mm9_1based:ok;mm9_0based:ok	
mmu_circ_0000887	chr18	65811213	65816286	NA	Zfp532	mm9_0based	mm9_0based	mm9_0based	mm9_0based:base_row_549872	mm9_0based:chr18:65651560-65656632:.	mm9_0based:8	mm9_0based:01_circBase,02_circAtlas,03_CIRCpedia,04_CircBank,07_FL-circAS,39_CircASbase,40_CircAI,41_m6A2Circ	mm9_1based:ok;mm9_0based:ok	
mmu_circ_0000909	chr18	83124915	83126841	NA	NA	mm9_0based	mm9_0based	mm9_0based	mm9_0based:base_row_553392	mm9_0based:chr18:82955524-82957449:.	mm9_0based:9	mm9_0based:01_circBase,02_circAtlas,03_CIRCpedia,04_CircBank,07_FL-circAS,18_riboCIRC,39_CircASbase,40_CircAI,41_m6A2Circ	mm9_1based:ok;mm9_0based:ok	
mmu_circ_0000954	chr19	45012854	45022542	NA	Slf2	mm9_0based	mm9_0based	mm9_0based	mm9_0based:base_row_568526	mm9_0based:chr19:44938365-44948052:.	mm9_0based:9	mm9_0based:01_circBase,02_circAtlas,03_CIRCpedia,04_CircBank,07_FL-circAS,08_TSCD,39_CircASbase,40_CircAI,41_m6A2Circ	mm9_1based:ok;mm9_0based:ok	
mmu_circ_0001019	chr2	58832780	58835418	NA	Ccdc148	mm9_0based	mm9_0based	mm9_0based	mm9_0based:base_row_57914	mm9_0based:chr2:58980370-58983007:.	mm9_0based:8	mm9_0based:01_circBase,02_circAtlas,03_CIRCpedia,04_CircBank,07_FL-circAS,39_CircASbase,40_CircAI,41_m6A2Circ	mm9_1based:ok;mm9_0based:ok	
mmu_circ_0001021	chr2	59786143	59800687	NA	Baz2b	mm9_0based	mm9_0based	mm9_0based	mm9_0based:base_row_58392	mm9_0based:chr2:59948087-59962630:.	mm9_0based:8	mm9_0based:01_circBase,02_circAtlas,03_CIRCpedia,04_CircBank,07_FL-circAS,39_CircASbase,40_CircAI,41_m6A2Circ	mm9_1based:ok;mm9_0based:ok	
mmu_circ_0001028	chr2	68228970	68248198	NA	Stk39	mm9_0based	mm9_0based	mm9_0based	mm9_0based:base_row_60127	mm9_0based:chr2:68390914-68410141:.	mm9_0based:8	mm9_0based:01_circBase,02_circAtlas,03_CIRCpedia,04_CircBank,07_FL-circAS,39_CircASbase,40_CircAI,41_m6A2Circ	mm9_1based:ok;mm9_0based:ok	
mmu_circ_0001052	chr2	104310905	104312004	NA	Hipk3	mm9_0based	mm9_0based	mm9_0based	mm9_0based:base_row_69630	mm9_0based:chr2:104470749-104471847:.	mm9_0based:9	mm9_0based:01_circBase,02_circAtlas,03_CIRCpedia,04_CircBank,07_FL-circAS,18_riboCIRC,39_CircASbase,40_CircAI,41_m6A2Circ	mm9_1based:ok;mm9_0based:ok	
mmu_circ_0001054	chr2	112762581	112798407	NA	Ryr3	mm9_0based	mm9_0based	mm9_0based	mm9_0based:base_row_71166	mm9_0based:chr2:112922425-112958250:.	mm9_0based:7	mm9_0based:01_circBase,02_circAtlas,03_CIRCpedia,04_CircBank,07_FL-circAS,39_CircASbase,40_CircAI	mm9_1based:ok;mm9_0based:ok	
mmu_circ_0001055	chr2	113203992	113205986	NA	Fmn1	mm9_0based	mm9_0based	mm9_0based	mm9_0based:base_row_71232	mm9_0based:chr2:113363836-113365829:.	mm9_0based:8	mm9_0based:01_circBase,02_circAtlas,03_CIRCpedia,04_CircBank,07_FL-circAS,39_CircASbase,40_CircAI,41_m6A2Circ	mm9_1based:ok;mm9_0based:ok	
mmu_circ_0001063	chr2	120632494	120651051	NA	Ttbk2	mm9_0based	mm9_0based	mm9_0based	mm9_0based:base_row_74068	mm9_0based:chr2:120806759-120825315:.	mm9_0based:8	mm9_0based:01_circBase,02_circAtlas,03_CIRCpedia,04_CircBank,07_FL-circAS,39_CircASbase,40_CircAI,41_m6A2Circ	mm9_1based:ok;mm9_0based:ok	
mmu_circ_0001066	chr2	129636223	129636973	NA	Stk35	mm9_0based	mm9_0based	mm9_0based	mm9_0based:base_row_77785	mm9_0based:chr2:129810488-129811237:.	mm9_0based:8	mm9_0based:01_circBase,02_circAtlas,03_CIRCpedia,04_CircBank,07_FL-circAS,39_CircASbase,40_CircAI,41_m6A2Circ	mm9_1based:ok;mm9_0based:ok	
mmu_circ_0001068	chr2	131337719	131342179	NA	Smox	mm9_0based	mm9_0based	mm9_0based	mm9_0based:base_row_78716	mm9_0based:chr2:131511984-131516443:.	mm9_0based:8	mm9_0based:01_circBase,02_circAtlas,03_CIRCpedia,04_CircBank,07_FL-circAS,39_CircASbase,40_CircAI,41_m6A2Circ	mm9_1based:ok;mm9_0based:ok	
mmu_circ_0001076	chr2	139834434	139883235	NA	Tasp1	mm9_0based	mm9_0based	mm9_0based	mm9_0based:base_row_80188	mm9_0based:chr2:140008699-140057499:.	mm9_0based:8	mm9_0based:01_circBase,02_circAtlas,03_CIRCpedia,04_CircBank,07_FL-circAS,39_CircASbase,40_CircAI,41_m6A2Circ	mm9_1based:ok;mm9_0based:ok	
mmu_circ_0001077	chr2	139867829	139883235	NA	Tasp1	mm9_0based	mm9_0based	mm9_0based	mm9_0based:base_row_80209	mm9_0based:chr2:140042094-140057499:.	mm9_0based:8	mm9_0based:01_circBase,02_circAtlas,03_CIRCpedia,04_CircBank,07_FL-circAS,39_CircASbase,40_CircAI,41_m6A2Circ	mm9_1based:ok;mm9_0based:ok	
mmu_circ_0001100	chr2	158208239	158208899	NA	Snhg11	mm9_0based	mm9_0based	mm9_0based	mm9_0based:base_row_85928	mm9_0based:chr2:158382504-158383163:.	mm9_0based:6	mm9_0based:01_circBase,02_circAtlas,04_CircBank,07_FL-circAS,08_TSCD,21_CircTarget	mm9_1based:ok;mm9_0based:ok	
mmu_circ_0001111	chr3	14587309	14588313	NA	E2f5	ambiguous	mm10_0based,mm9_0based		mm10_0based:base_row_92329;mm9_0based:base_row_92329	mm10_0based:chr3:14587310-14588313:.;mm9_0based:chr3:14587310-14588313:.	mm10_0based:7;mm9_0based:7	mm10_0based:01_circBase,02_circAtlas,04_CircBank,07_FL-circAS,39_CircASbase,40_CircAI,41_m6A2Circ;mm9_0based:01_circBase,02_circAtlas,04_CircBank,07_FL-circAS,39_CircASbase,40_CircAI,41_m6A2Circ	mm9_1based:ok;mm9_0based:ok	
mmu_circ_0001136	chr3	66798438	66800512	NA	Rsrc1	mm9_0based	mm9_0based	mm9_0based	mm9_0based:base_row_100136	mm9_0based:chr3:66994517-66996590:.	mm9_0based:8	mm9_0based:01_circBase,02_circAtlas,03_CIRCpedia,04_CircBank,07_FL-circAS,39_CircASbase,40_CircAI,41_m6A2Circ	mm9_1based:ok;mm9_0based:ok	
mmu_circ_0001154	chr3	106334054	106342521	NA	Cept1	mm9_0based	mm9_0based	mm9_0based	mm9_0based:base_row_110349	mm9_0based:chr3:106531137-106539603:.	mm9_0based:8	mm9_0based:01_circBase,02_circAtlas,03_CIRCpedia,04_CircBank,07_FL-circAS,39_CircASbase,40_CircAI,41_m6A2Circ	mm9_1based:ok;mm9_0based:ok	
mmu_circ_0001173	chr3	137565150	137569021	NA	Dnajb14	mm9_0based	mm9_0based	mm9_0based	mm9_0based:base_row_115950	mm9_0based:chr3:137902187-137906057:.	mm9_0based:9	mm9_0based:01_circBase,02_circAtlas,03_CIRCpedia,04_CircBank,07_FL-circAS,08_TSCD,39_CircASbase,40_CircAI,41_m6A2Circ	mm9_1based:ok;mm9_0based:ok	
mmu_circ_0001178	chr3	152401149	152410737	NA	Pigk	mm9_0based	mm9_0based	mm9_0based	mm9_0based:base_row_118342	mm9_0based:chr3:152738186-152747773:.	mm9_0based:7	mm9_0based:01_circBase,02_circAtlas,03_CIRCpedia,04_CircBank,07_FL-circAS,39_CircASbase,40_CircAI	mm9_1based:ok;mm9_0based:ok	
mmu_circ_0001186	chr4	24609201	24620781	NA	Klhl32	mm9_0based	mm9_0based	mm9_0based	mm9_0based:base_row_122125	mm9_0based:chr4:24682055-24693634:.	mm9_0based:5	mm9_0based:01_circBase,02_circAtlas,04_CircBank,07_FL-circAS,41_m6A2Circ	mm9_1based:ok;mm9_0based:ok	
mmu_circ_0001204	chr4	48617452	48630203	NA	Tmeff1	mm9_0based	mm9_0based	mm9_0based	mm9_0based:base_row_126221	mm9_0based:chr4:48604581-48617331:.	mm9_0based:9	mm9_0based:01_circBase,02_circAtlas,03_CIRCpedia,04_CircBank,07_FL-circAS,36_CircAge,39_CircASbase,40_CircAI,41_m6A2Circ	mm9_1based:ok;mm9_0based:ok	
mmu_circ_0001205	chr4	48617452	48651917	NA	Tmeff1	mm9_0based	mm9_0based	mm9_0based	mm9_0based:base_row_126224	mm9_0based:chr4:48604581-48639045:.	mm9_0based:9	mm9_0based:01_circBase,02_circAtlas,03_CIRCpedia,04_CircBank,07_FL-circAS,36_CircAge,39_CircASbase,40_CircAI,41_m6A2Circ	mm9_1based:ok;mm9_0based:ok	
mmu_circ_0001223	chr4	83937596	83939566	NA	Bnc2	mm9_0based	mm9_0based	mm9_0based	mm9_0based:base_row_131195	mm9_0based:chr4:84291693-84293662:.	mm9_0based:9	mm9_0based:01_circBase,02_circAtlas,03_CIRCpedia,04_CircBank,07_FL-circAS,18_riboCIRC,39_CircASbase,40_CircAI,41_m6A2Circ	mm9_1based:ok;mm9_0based:ok	
mmu_circ_0001236	chr4	101039594	101072227	NA	0610043K17Rik	mm9_0based	mm9_0based	mm9_0based	mm9_0based:base_row_134539	mm9_0based:chr4:101366990-101399622:.	mm9_0based:8	mm9_0based:01_circBase,02_circAtlas,04_CircBank,07_FL-circAS,08_TSCD,39_CircASbase,40_CircAI,41_m6A2Circ	mm9_1based:ok;mm9_0based:ok	
mmu_circ_0001238	chr4	107523912	107529925	NA	Lrp8	mm9_0based	mm9_0based	mm9_0based	mm9_0based:base_row_136224	mm9_0based:chr4:107851308-107857320:.	mm9_0based:8	mm9_0based:01_circBase,02_circAtlas,03_CIRCpedia,04_CircBank,07_FL-circAS,08_TSCD,39_CircASbase,40_CircAI	mm9_1based:ok;mm9_0based:ok	
mmu_circ_0001240	chr4	108390393	108392417	NA	Zfyve9	mm9_0based	mm9_0based	mm9_0based	mm9_0based:base_row_136940	mm9_0based:chr4:108717789-108719812:.	mm9_0based:8	mm9_0based:01_circBase,02_circAtlas,03_CIRCpedia,04_CircBank,07_FL-circAS,39_CircASbase,40_CircAI,41_m6A2Circ	mm9_1based:ok;mm9_0based:ok	
mmu_circ_0001246	chr4	109556240	109608303	NA	Faf1	mm9_0based	mm9_0based	mm9_0based	mm9_0based:base_row_137625	mm9_0based:chr4:109883636-109935698:.	mm9_0based:8	mm9_0based:01_circBase,02_circAtlas,03_CIRCpedia,04_CircBank,07_FL-circAS,08_TSCD,39_CircASbase,40_CircAI	mm9_1based:ok;mm9_0based:ok	
mmu_circ_0001260	chr4	124464715	124475623	NA	Inpp5b	mm9_0based	mm9_0based	mm9_0based	mm9_0based:base_row_141255	mm9_0based:chr4:124787472-124798379:.	mm9_0based:8	mm9_0based:01_circBase,02_circAtlas,03_CIRCpedia,04_CircBank,07_FL-circAS,08_TSCD,39_CircASbase,40_CircAI	mm9_1based:ok;mm9_0based:ok	
mmu_circ_0001293	chr4	141966371	141967259	NA	NA	mm9_0based	mm9_0based	mm9_0based	mm9_0based:base_row_149230	mm9_0based:chr4:142410457-142411344:.	mm9_0based:8	mm9_0based:01_circBase,02_circAtlas,04_CircBank,07_FL-circAS,08_TSCD,39_CircASbase,40_CircAI,41_m6A2Circ	mm9_1based:ok;mm9_0based:ok	
mmu_circ_0001295	chr4	149780304	149780773	NA	Rere	mm9_0based	mm9_0based	mm9_0based	mm9_0based:base_row_151557	mm9_0based:chr4:150406196-150406664:.	mm9_0based:8	mm9_0based:01_circBase,02_circAtlas,03_CIRCpedia,04_CircBank,07_FL-circAS,39_CircASbase,40_CircAI,41_m6A2Circ	mm9_1based:ok;mm9_0based:ok	
mmu_circ_0001302	chr4	149842803	149851577	NA	Rere	mm9_0based	mm9_0based	mm9_0based	mm9_0based:base_row_151657	mm9_0based:chr4:150468695-150477468:.	mm9_0based:8	mm9_0based:01_circBase,02_circAtlas,03_CIRCpedia,04_CircBank,07_FL-circAS,39_CircASbase,40_CircAI,41_m6A2Circ	mm9_1based:ok;mm9_0based:ok	
mmu_circ_0001311	chr5	3747020	3772787	NA	Ankib1	ambiguous	mm10_0based,mm9_0based		mm10_0based:base_row_154196;mm9_0based:base_row_154196	mm10_0based:chr5:3747021-3772787:.;mm9_0based:chr5:3747021-3772787:.	mm10_0based:8;mm9_0based:8	mm10_0based:01_circBase,02_circAtlas,03_CIRCpedia,04_CircBank,07_FL-circAS,39_CircASbase,40_CircAI,41_m6A2Circ;mm9_0based:01_circBase,02_circAtlas,03_CIRCpedia,04_CircBank,07_FL-circAS,39_CircASbase,40_CircAI,41_m6A2Circ	mm9_1based:ok;mm9_0based:ok	
mmu_circ_0001321	chr5	20049402	20075172	NA	Magi2	mm9_0based	mm9_0based	mm9_0based	mm9_0based:base_row_156882	mm9_0based:chr5:20543585-20569354:.	mm9_0based:8	mm9_0based:01_circBase,02_circAtlas,03_CIRCpedia,04_CircBank,07_FL-circAS,39_CircASbase,40_CircAI,41_m6A2Circ	mm9_1based:ok;mm9_0based:ok	
mmu_circ_0001351	chr5	66753956	66756359	NA	Apbb2	mm9_0based	mm9_0based	mm9_0based	mm9_0based:base_row_167992	mm9_0based:chr5:66362718-66365120:.	mm9_0based:9	mm9_0based:01_circBase,02_circAtlas,03_CIRCpedia,04_CircBank,07_FL-circAS,08_TSCD,30_CircR2Disease,39_CircASbase,40_CircAI	mm9_1based:ok;mm9_0based:ok	
mmu_circ_0001367	chr5	99669841	99672265	NA	Rasgef1b	mm9_0based	mm9_0based	mm9_0based	mm9_0based:base_row_173923	mm9_0based:chr5:99240823-99243246:.	mm9_0based:8	mm9_0based:01_circBase,02_circAtlas,03_CIRCpedia,04_CircBank,07_FL-circAS,08_TSCD,39_CircASbase,40_CircAI	mm9_1based:ok;mm9_0based:ok	
mmu_circ_0001369	chr5	101234916	101241221	NA	Abraxas1	mm9_0based	mm9_0based	mm9_0based	mm9_0based:base_row_174514	mm9_0based:chr5:100805898-100812202:.	mm9_0based:8	mm9_0based:01_circBase,02_circAtlas,03_CIRCpedia,04_CircBank,07_FL-circAS,39_CircASbase,40_CircAI,41_m6A2Circ	mm9_1based:ok;mm9_0based:ok	
mmu_circ_0001370	chr5	102210393	102227535	NA	Cds1	mm9_0based	mm9_0based	mm9_0based	mm9_0based:base_row_174567	mm9_0based:chr5:101781375-101798516:.	mm9_0based:9	mm9_0based:01_circBase,02_circAtlas,03_CIRCpedia,04_CircBank,07_FL-circAS,08_TSCD,39_CircASbase,40_CircAI,41_m6A2Circ	mm9_1based:ok;mm9_0based:ok	
mmu_circ_0001373	chr5	104291936	104305308	NA	Klhl8	mm9_0based	mm9_0based	mm9_0based	mm9_0based:base_row_175300	mm9_0based:chr5:103862918-103876289:.	mm9_0based:7	mm9_0based:01_circBase,02_circAtlas,04_CircBank,07_FL-circAS,39_CircASbase,40_CircAI,41_m6A2Circ	mm9_1based:ok;mm9_0based:ok	
mmu_circ_0001386	chr5	111102127	111105957	NA	Ep400	mm9_0based	mm9_0based	mm9_0based	mm9_0based:base_row_177511	mm9_0based:chr5:110673109-110676938:.	mm9_0based:10	mm9_0based:01_circBase,02_circAtlas,03_CIRCpedia,04_CircBank,07_FL-circAS,08_TSCD,18_riboCIRC,39_CircASbase,40_CircAI,41_m6A2Circ	mm9_1based:ok;mm9_0based:ok	
mmu_circ_0001412	chr5	128748861	128749747	NA	Tmem132d	mm9_0based	mm9_0based	mm9_0based	mm9_0based:base_row_184941	mm9_0based:chr5:128268492-128269377:.	mm9_0based:9	mm9_0based:01_circBase,02_circAtlas,03_CIRCpedia,04_CircBank,07_FL-circAS,08_TSCD,39_CircASbase,40_CircAI,41_m6A2Circ	mm9_1based:ok;mm9_0based:ok	
mmu_circ_0001444	chr6	17794908	17805028	NA	St7	mm9_0based	mm9_0based	mm9_0based	mm9_0based:base_row_194879	mm9_0based:chr6:17844909-17855028:.	mm9_0based:7	mm9_0based:01_circBase,02_circAtlas,03_CIRCpedia,04_CircBank,07_FL-circAS,39_CircASbase,40_CircAI	mm9_1based:ok;mm9_0based:ok	
mmu_circ_0001454	chr6	31116475	31131149	NA	NA	mm9_0based	mm9_0based	mm9_0based	mm9_0based:base_row_197465	mm9_0based:chr6:31166476-31181149:.	mm9_0based:7	mm9_0based:01_circBase,02_circAtlas,04_CircBank,07_FL-circAS,39_CircASbase,40_CircAI,41_m6A2Circ	mm9_1based:ok;mm9_0based:ok	
mmu_circ_0001462	chr6	36950041	37008028	NA	Dgki	mm9_0based	mm9_0based	mm9_0based	mm9_0based:base_row_199023	mm9_0based:chr6:37000042-37058028:.	mm9_0based:9	mm9_0based:01_circBase,02_circAtlas,03_CIRCpedia,04_CircBank,07_FL-circAS,08_TSCD,39_CircASbase,40_CircAI,41_m6A2Circ	mm9_1based:ok;mm9_0based:ok	
mmu_circ_0001463	chr6	36979762	37008028	NA	Dgki	mm9_0based	mm9_0based	mm9_0based	mm9_0based:base_row_199077	mm9_0based:chr6:37029763-37058028:.	mm9_0based:9	mm9_0based:01_circBase,02_circAtlas,03_CIRCpedia,04_CircBank,07_FL-circAS,08_TSCD,39_CircASbase,40_CircAI,41_m6A2Circ	mm9_1based:ok;mm9_0based:ok	
mmu_circ_0001479	chr6	65812908	65820463	NA	Prdm5	mm9_0based	mm9_0based	mm9_0based	mm9_0based:base_row_204486	mm9_0based:chr6:65862915-65870469:.	mm9_0based:8	mm9_0based:01_circBase,02_circAtlas,03_CIRCpedia,04_CircBank,07_FL-circAS,08_TSCD,39_CircASbase,40_CircAI	mm9_1based:ok;mm9_0based:ok	
mmu_circ_0001487	chr6	84939318	84955030	NA	Exoc6b	mm9_0based	mm9_0based	mm9_0based	mm9_0based:base_row_207506	mm9_0based:chr6:84989325-85005036:.	mm9_0based:8	mm9_0based:01_circBase,02_circAtlas,03_CIRCpedia,04_CircBank,07_FL-circAS,39_CircASbase,40_CircAI,41_m6A2Circ	mm9_1based:ok;mm9_0based:ok	
mmu_circ_0001509	chr6	115992888	115993823	NA	Tmcc1	mm9_0based	mm9_0based	mm9_0based	mm9_0based:base_row_214634	mm9_0based:chr6:116042871-116043805:.	mm9_0based:9	mm9_0based:01_circBase,02_circAtlas,03_CIRCpedia,04_CircBank,07_FL-circAS,08_TSCD,39_CircASbase,40_CircAI,41_m6A2Circ	mm9_1based:ok;mm9_0based:ok	
mmu_circ_0001566	chr7	53845976	53890926	NA	Sergef	mm9_0based	mm9_0based	mm9_0based	mm9_0based:base_row_233422	mm9_0based:chr7:46590607-46635556:.	mm9_0based:9	mm9_0based:01_circBase,02_circAtlas,03_CIRCpedia,04_CircBank,07_FL-circAS,08_TSCD,39_CircASbase,40_CircAI,41_m6A2Circ	mm9_1based:ok;mm9_0based:ok	
mmu_circ_0001582	chr7	75148695	75149241	NA	Igf1r	mm9_0based	mm9_0based	mm9_0based	mm9_0based:base_row_239486	mm9_0based:chr7:68003810-68004355:.	mm9_0based:8	mm9_0based:01_circBase,02_circAtlas,03_CIRCpedia,04_CircBank,07_FL-circAS,39_CircASbase,40_CircAI,41_m6A2Circ	mm9_1based:ok;mm9_0based:ok	
mmu_circ_0001583	chr7	82281183	82293974	NA	Sv2b	mm9_0based	mm9_0based	mm9_0based	mm9_0based:base_row_240524	mm9_0based:chr7:75136298-75149088:.	mm9_0based:8	mm9_0based:01_circBase,02_circAtlas,03_CIRCpedia,04_CircBank,07_FL-circAS,08_TSCD,39_CircASbase,40_CircAI	mm9_1based:ok;mm9_0based:ok	
mmu_circ_0001662	chr8	18641564	18689059	NA	Mcph1	ambiguous	mm10_0based,mm9_0based		mm10_0based:base_row_263195;mm9_0based:base_row_263195	mm10_0based:chr8:18641565-18689059:.;mm9_0based:chr8:18641565-18689059:.	mm10_0based:8;mm9_0based:8	mm10_0based:01_circBase,02_circAtlas,03_CIRCpedia,04_CircBank,07_FL-circAS,39_CircASbase,40_CircAI,41_m6A2Circ;mm9_0based:01_circBase,02_circAtlas,03_CIRCpedia,04_CircBank,07_FL-circAS,39_CircASbase,40_CircAI,41_m6A2Circ	mm9_1based:ok;mm9_0based:ok	
mmu_circ_0001669	chr8	38000613	38001812	NA	Dlc1	mm9_0based	mm9_0based	mm9_0based	mm9_0based:base_row_266676	mm9_0based:chr8:36937560-36938758:.	mm9_0based:8	mm9_0based:01_circBase,02_circAtlas,03_CIRCpedia,04_CircBank,07_FL-circAS,39_CircASbase,40_CircAI,41_m6A2Circ	mm9_1based:ok;mm9_0based:ok	
mmu_circ_0001730	chr8	123077483	123077702	NA	Gse1	mm9_0based	mm9_0based	mm9_0based	mm9_0based:base_row_284775	mm9_0based:chr8:120553584-120553802:.	mm9_0based:9	mm9_0based:01_circBase,02_circAtlas,03_CIRCpedia,04_CircBank,07_FL-circAS,08_TSCD,39_CircASbase,40_CircAI,41_m6A2Circ	mm9_1based:ok;mm9_0based:ok	
mmu_circ_0001743	chr9	8634046	8658377	NA	Trpc6	ambiguous	mm10_0based,mm9_0based		mm10_0based:base_row_288634;mm9_0based:base_row_288634	mm10_0based:chr9:8634047-8658377:.;mm9_0based:chr9:8634047-8658377:.	mm10_0based:8;mm9_0based:8	mm10_0based:01_circBase,02_circAtlas,03_CIRCpedia,04_CircBank,07_FL-circAS,21_CircTarget,39_CircASbase,40_CircAI;mm9_0based:01_circBase,02_circAtlas,03_CIRCpedia,04_CircBank,07_FL-circAS,21_CircTarget,39_CircASbase,40_CircAI	mm9_1based:ok;mm9_0based:ok	
mmu_circ_0001757	chr9	22692024	22692440	NA	Bbs9	mm9_0based	mm9_0based	mm9_0based	mm9_0based:base_row_291932	mm9_0based:chr9:22887581-22887996:.	mm9_0based:8	mm9_0based:01_circBase,02_circAtlas,03_CIRCpedia,04_CircBank,07_FL-circAS,39_CircASbase,40_CircAI,41_m6A2Circ	mm9_1based:ok;mm9_0based:ok	
mmu_circ_0001771	chr9	47596053	47607613	NA	Cadm1	mm9_0based	mm9_0based	mm9_0based	mm9_0based:base_row_297450	mm9_0based:chr9:47787971-47799530:.	mm9_0based:8	mm9_0based:01_circBase,02_circAtlas,03_CIRCpedia,04_CircBank,07_FL-circAS,39_CircASbase,40_CircAI,41_m6A2Circ	mm9_1based:ok;mm9_0based:ok	
mmu_circ_0001774	chr9	55685926	55707725	NA	Scaper	mm9_0based	mm9_0based	mm9_0based	mm9_0based:base_row_299901	mm9_0based:chr9:55838120-55859918:.	mm9_0based:8	mm9_0based:01_circBase,02_circAtlas,03_CIRCpedia,04_CircBank,07_FL-circAS,39_CircASbase,40_CircAI,41_m6A2Circ	mm9_1based:ok;mm9_0based:ok	
mmu_circ_0001796	chr9	65578782	65643302	NA	Zfp609	mm9_0based	mm9_0based	mm9_0based	mm9_0based:base_row_303987	mm9_0based:chr9:65730976-65795495:.	mm9_0based:9	mm9_0based:01_circBase,02_circAtlas,03_CIRCpedia,04_CircBank,07_FL-circAS,08_TSCD,39_CircASbase,40_CircAI,41_m6A2Circ	mm9_1based:ok;mm9_0based:ok	
mmu_circ_0001797	chr9	65642428	65643302	NA	Zfp609	mm9_0based	mm9_0based	mm9_0based	mm9_0based:base_row_304016	mm9_0based:chr9:65794622-65795495:.	mm9_0based:8	mm9_0based:01_circBase,02_circAtlas,03_CIRCpedia,04_CircBank,07_FL-circAS,39_CircASbase,40_CircAI,41_m6A2Circ	mm9_1based:ok;mm9_0based:ok	
mmu_circ_0001810	chr9	77012571	77064855	NA	Mlip	mm9_0based	mm9_0based	mm9_0based	mm9_0based:base_row_308317	mm9_0based:chr9:77164765-77217048:.	mm9_0based:7	mm9_0based:01_circBase,02_circAtlas,03_CIRCpedia,04_CircBank,07_FL-circAS,39_CircASbase,40_CircAI	mm9_1based:ok;mm9_0based:ok	
mmu_circ_0001819	chr9	79935236	79951571	NA	Senp6	mm9_0based	mm9_0based	mm9_0based	mm9_0based:base_row_309029	mm9_0based:chr9:80087430-80103764:.	mm9_0based:8	mm9_0based:01_circBase,02_circAtlas,03_CIRCpedia,04_CircBank,07_FL-circAS,39_CircASbase,40_CircAI,41_m6A2Circ	mm9_1based:ok;mm9_0based:ok	
mmu_circ_0001826	chr9	89495879	89498232	NA	AF529169	mm9_0based	mm9_0based	mm9_0based	mm9_0based:base_row_310994	mm9_0based:chr9:89601042-89603394:.	mm9_0based:9	mm9_0based:01_circBase,02_circAtlas,03_CIRCpedia,04_CircBank,07_FL-circAS,08_TSCD,39_CircASbase,40_CircAI,41_m6A2Circ	mm9_1based:ok;mm9_0based:ok	
mmu_circ_0001833	chr9	100605571	100638561	NA	Stag1	mm9_0based	mm9_0based	mm9_0based	mm9_0based:base_row_313431	mm9_0based:chr9:100705153-100738142:.	mm9_0based:8	mm9_0based:01_circBase,02_circAtlas,03_CIRCpedia,04_CircBank,07_FL-circAS,39_CircASbase,40_CircAI,41_m6A2Circ	mm9_1based:ok;mm9_0based:ok	
mmu_circ_0001858	chr9	120362644	120374079	NA	Myrip	mm9_0based	mm9_0based	mm9_0based	mm9_0based:base_row_321335	mm9_0based:chr9:120453527-120464961:.	mm9_0based:9	mm9_0based:01_circBase,02_circAtlas,03_CIRCpedia,04_CircBank,07_FL-circAS,08_TSCD,39_CircASbase,40_CircAI,41_m6A2Circ	mm9_1based:ok;mm9_0based:ok	
mmu_circ_0001878	chrX	58436422	58439349	NA	Cdr1	mm9_0based	mm9_0based	mm9_0based	mm9_0based:base_row_577537	mm9_0based:chrX:61183248-61186174:.	mm9_0based:10	mm9_0based:01_circBase,02_circAtlas,03_CIRCpedia,04_CircBank,07_FL-circAS,08_TSCD,21_CircTarget,39_CircASbase,40_CircAI,41_m6A2Circ	mm9_1based:ok;mm9_0based:ok	
mmu_circ_0001889	chrX	98409112	98410917	NA	Snx12	mm9_0based	mm9_0based	mm9_0based	mm9_0based:base_row_581682	mm9_0based:chrX:101213774-101215578:.	mm9_0based:8	mm9_0based:01_circBase,02_circAtlas,03_CIRCpedia,04_CircBank,07_FL-circAS,39_CircASbase,40_CircAI,41_m6A2Circ	mm9_1based:ok;mm9_0based:ok	
mmu_circ_0001899	chrX	147863459	147892379	NA	Fam120c	mm9_0based	mm9_0based	mm9_0based	mm9_0based:base_row_585983	mm9_0based:chrX:151428917-151457836:.	mm9_0based:7	mm9_0based:01_circBase,02_circAtlas,03_CIRCpedia,04_CircBank,07_FL-circAS,39_CircASbase,40_CircAI	mm9_1based:ok;mm9_0based:ok	
mmu_circ_0001938	chr10	108064308	108079454	NA	Syt1	mm9_0based	mm9_0based	mm9_0based	mm9_0based:base_row_345895	mm9_0based:chr10:108627253-108642398:.	mm9_0based:9	mm9_0based:01_circBase,02_circAtlas,03_CIRCpedia,04_CircBank,07_FL-circAS,08_TSCD,39_CircASbase,40_CircAI,41_m6A2Circ	mm9_1based:ok;mm9_0based:ok	
mmu_circ_0001981	chr10	115964882	115986231	NA	Cnot2	mm9_0based	mm9_0based	mm9_0based	mm9_0based:base_row_347495	mm9_0based:chr10:116527827-116549175:.	mm9_0based:7	mm9_0based:01_circBase,02_circAtlas,03_CIRCpedia,04_CircBank,07_FL-circAS,39_CircASbase,40_CircAI	mm9_1based:ok;mm9_0based:ok	
mmu_circ_0002169	chr10	33728798	33731943	NA	Rwdd1	mm9_0based	mm9_0based	mm9_0based	mm9_0based:base_row_328852	mm9_0based:chr10:34008993-34012137:.	mm9_0based:8	mm9_0based:01_circBase,02_circAtlas,03_CIRCpedia,04_CircBank,07_FL-circAS,08_TSCD,39_CircASbase,40_CircAI	mm9_1based:ok;mm9_0based:ok	
mmu_circ_0002200	chr10	41214324	41227365	NA	Ppil6	mm9_0based	mm9_0based	mm9_0based	mm9_0based:base_row_329898	mm9_0based:chr10:41494519-41507559:.	mm9_0based:7	mm9_0based:01_circBase,02_circAtlas,03_CIRCpedia,04_CircBank,07_FL-circAS,39_CircASbase,40_CircAI	mm9_1based:ok;mm9_0based:ok	
mmu_circ_0002233	chr10	45188842	45196202	NA	Lin28b	mm9_0based	mm9_0based	mm9_0based	mm9_0based:base_row_330760	mm9_0based:chr10:45469037-45476396:.	mm9_0based:6	mm9_0based:01_circBase,02_circAtlas,03_CIRCpedia,04_CircBank,07_FL-circAS,41_m6A2Circ	mm9_1based:ok;mm9_0based:ok	
mmu_circ_0002417	chr10	7530159	7534609	NA	Ppil4	mm9_0based	mm9_0based	mm9_0based	mm9_0based:base_row_324135	mm9_0based:chr10:7810362-7814811:.	mm9_0based:9	mm9_0based:01_circBase,02_circAtlas,03_CIRCpedia,04_CircBank,07_FL-circAS,08_TSCD,39_CircASbase,40_CircAI,41_m6A2Circ	mm9_1based:ok;mm9_0based:ok	
mmu_circ_0002514	chr10	8500316	8509399	NA	Sash1	mm9_0based	mm9_0based	mm9_0based	mm9_0based:base_row_324272	mm9_0based:chr10:8780519-8789601:.	mm9_0based:8	mm9_0based:01_circBase,02_circAtlas,03_CIRCpedia,04_CircBank,07_FL-circAS,39_CircASbase,40_CircAI,41_m6A2Circ	mm9_1based:ok;mm9_0based:ok	
mmu_circ_0002535	chr10	88530844	88551038	NA	Ano4	mm9_0based	mm9_0based	mm9_0based	mm9_0based:base_row_342277	mm9_0based:chr10:89068100-89088293:.	mm9_0based:9	mm9_0based:01_circBase,02_circAtlas,03_CIRCpedia,04_CircBank,07_FL-circAS,08_TSCD,39_CircASbase,40_CircAI,41_m6A2Circ	mm9_1based:ok;mm9_0based:ok	
mmu_circ_0002541	chr10	89235331	89257369	NA	Uhrf1bp1l	mm9_0based	mm9_0based	mm9_0based	mm9_0based:base_row_342529	mm9_0based:chr10:89772587-89794624:.	mm9_0based:9	mm9_0based:01_circBase,02_circAtlas,03_CIRCpedia,04_CircBank,07_FL-circAS,08_TSCD,39_CircASbase,40_CircAI,41_m6A2Circ	mm9_1based:ok;mm9_0based:ok	
mmu_circ_0002550	chr10	89770313	89821960	NA	Anks1b	mm9_0based	mm9_0based	mm9_0based	mm9_0based:base_row_342741	mm9_0based:chr10:90307569-90359215:.	mm9_0based:7	mm9_0based:01_circBase,02_circAtlas,03_CIRCpedia,04_CircBank,07_FL-circAS,39_CircASbase,40_CircAI	mm9_1based:ok;mm9_0based:ok	
mmu_circ_0002557	chr10	90377437	90411417	NA	Anks1b	mm9_0based	mm9_0based	mm9_0based	mm9_0based:base_row_342935	mm9_0based:chr10:90914693-90948672:.	mm9_0based:9	mm9_0based:01_circBase,02_circAtlas,03_CIRCpedia,04_CircBank,07_FL-circAS,08_TSCD,39_CircASbase,40_CircAI,41_m6A2Circ	mm9_1based:ok;mm9_0based:ok	
mmu_circ_0002632	chr11	100895214	100901225	NA	Atp6v0a1	mm9_0based	mm9_0based	mm9_0based	mm9_0based:base_row_384817	mm9_0based:chr11:101033901-101039911:.	mm9_0based:7	mm9_0based:01_circBase,02_circAtlas,03_CIRCpedia,04_CircBank,07_FL-circAS,39_CircASbase,40_CircAI	mm9_1based:ok;mm9_0based:ok	
mmu_circ_0002685	chr11	104285235	104287782	NA	Kansl1	mm9_0based	mm9_0based	mm9_0based	mm9_0based:base_row_386854	mm9_0based:chr11:104423922-104426468:.	mm9_0based:7	mm9_0based:01_circBase,02_circAtlas,04_CircBank,07_FL-circAS,39_CircASbase,40_CircAI,41_m6A2Circ	mm9_1based:ok;mm9_0based:ok	
mmu_circ_0002861	chr11	16781466	16783616	NA	Egfr	mm9_0based	mm9_0based	mm9_0based	mm9_0based:base_row_354957	mm9_0based:chr11:16881464-16883613:.	mm9_0based:9	mm9_0based:01_circBase,02_circAtlas,03_CIRCpedia,04_CircBank,07_FL-circAS,08_TSCD,18_riboCIRC,39_CircASbase,40_CircAI	mm9_1based:ok;mm9_0based:ok	
mmu_circ_0002867	chr11	19898122	19918192	NA	Spred2	mm9_0based	mm9_0based	mm9_0based	mm9_0based:base_row_355203	mm9_0based:chr11:19998120-20018189:.	mm9_0based:8	mm9_0based:01_circBase,02_circAtlas,03_CIRCpedia,04_CircBank,07_FL-circAS,08_TSCD,39_CircASbase,40_CircAI	mm9_1based:ok;mm9_0based:ok	
mmu_circ_0002882	chr11	21611464	21624639	NA	Wdpcp	mm9_0based	mm9_0based	mm9_0based	mm9_0based:base_row_355800	mm9_0based:chr11:21711462-21724636:.	mm9_0based:8	mm9_0based:01_circBase,02_circAtlas,03_CIRCpedia,04_CircBank,07_FL-circAS,39_CircASbase,40_CircAI,41_m6A2Circ	mm9_1based:ok;mm9_0based:ok	
mmu_circ_0002930	chr11	26434210	26450075	NA	Vrk2	mm9_0based	mm9_0based	mm9_0based	mm9_0based:base_row_357361	mm9_0based:chr11:26534211-26550075:.	mm9_0based:8	mm9_0based:01_circBase,02_circAtlas,03_CIRCpedia,04_CircBank,07_FL-circAS,39_CircASbase,40_CircAI,41_m6A2Circ	mm9_1based:ok;mm9_0based:ok	
mmu_circ_0002953	chr11	29677002	29705814	NA	Eml6	mm9_0based	mm9_0based	mm9_0based	mm9_0based:base_row_358036	mm9_0based:chr11:29777003-29805814:.	mm9_0based:9	mm9_0based:01_circBase,02_circAtlas,03_CIRCpedia,04_CircBank,07_FL-circAS,08_TSCD,39_CircASbase,40_CircAI,41_m6A2Circ	mm9_1based:ok;mm9_0based:ok	
mmu_circ_0002954	chr11	29677002	29709407	NA	Eml6	mm9_0based	mm9_0based	mm9_0based	mm9_0based:base_row_358037	mm9_0based:chr11:29777003-29809407:.	mm9_0based:8	mm9_0based:01_circBase,02_circAtlas,03_CIRCpedia,04_CircBank,07_FL-circAS,39_CircASbase,40_CircAI,41_m6A2Circ	mm9_1based:ok;mm9_0based:ok	
mmu_circ_0002957	chr11	29748814	29806331	NA	Eml6	mm9_0based	mm9_0based	mm9_0based	mm9_0based:base_row_358106	mm9_0based:chr11:29848815-29906331:.	mm9_0based:7	mm9_0based:01_circBase,02_circAtlas,03_CIRCpedia,04_CircBank,07_FL-circAS,39_CircASbase,40_CircAI	mm9_1based:ok;mm9_0based:ok	
mmu_circ_0003007	chr11	36086732	36113932	NA	Tenm2	mm9_0based	mm9_0based	mm9_0based	mm9_0based:base_row_360222	mm9_0based:chr11:36273231-36300430:.	mm9_0based:8	mm9_0based:01_circBase,02_circAtlas,03_CIRCpedia,04_CircBank,07_FL-circAS,39_CircASbase,40_CircAI,41_m6A2Circ	mm9_1based:ok;mm9_0based:ok	
mmu_circ_0003054	chr11	4699863	4720496	NA	Nf2	mm9_0based	mm9_0based	mm9_0based	mm9_0based:base_row_352766	mm9_0based:chr11:4799861-4820493:.	mm9_0based:8	mm9_0based:01_circBase,02_circAtlas,03_CIRCpedia,04_CircBank,07_FL-circAS,08_TSCD,39_CircASbase,40_CircAI	mm9_1based:ok;mm9_0based:ok	
mmu_circ_0003067	chr11	49026196	49029300	NA	Zfp62	mm9_0based	mm9_0based	mm9_0based	mm9_0based:base_row_361624	mm9_0based:chr11:49212695-49215798:.	mm9_0based:6	mm9_0based:01_circBase,02_circAtlas,04_CircBank,07_FL-circAS,08_TSCD,41_m6A2Circ	mm9_1based:ok;mm9_0based:ok	
mmu_circ_0003068	chr11	49026196	49029447	NA	Zfp62	mm9_0based	mm9_0based	mm9_0based	mm9_0based:base_row_361625	mm9_0based:chr11:49212695-49215945:.	mm9_0based:7	mm9_0based:01_circBase,02_circAtlas,04_CircBank,07_FL-circAS,39_CircASbase,40_CircAI,41_m6A2Circ	mm9_1based:ok;mm9_0based:ok	
mmu_circ_0003156	chr11	59241842	59242315	NA	Snap47	mm9_0based	mm9_0based	mm9_0based	mm9_0based:base_row_365616	mm9_0based:chr11:59428341-59428813:.	mm9_0based:7	mm9_0based:01_circBase,02_circAtlas,03_CIRCpedia,04_CircBank,07_FL-circAS,39_CircASbase,40_CircAI	mm9_1based:ok;mm9_0based:ok	
mmu_circ_0003193	chr11	61700201	61723448	NA	Akap10	mm9_0based	mm9_0based	mm9_0based	mm9_0based:base_row_366914	mm9_0based:chr11:61886700-61909946:.	mm9_0based:8	mm9_0based:01_circBase,02_circAtlas,03_CIRCpedia,04_CircBank,07_FL-circAS,39_CircASbase,40_CircAI,41_m6A2Circ	mm9_1based:ok;mm9_0based:ok	
mmu_circ_0003215	chr11	62233099	62252017	NA	Ncor1	mm9_0based	mm9_0based	mm9_0based	mm9_0based:base_row_367600	mm9_0based:chr11:62419598-62438515:.	mm9_0based:7	mm9_0based:01_circBase,02_circAtlas,03_CIRCpedia,04_CircBank,07_FL-circAS,39_CircASbase,40_CircAI	mm9_1based:ok;mm9_0based:ok	
mmu_circ_0003369	chr11	75565382	75572930	NA	Ywhae	mm9_0based	mm9_0based	mm9_0based	mm9_0based:base_row_372988	mm9_0based:chr11:75751881-75759428:.	mm9_0based:8	mm9_0based:01_circBase,02_circAtlas,03_CIRCpedia,04_CircBank,07_FL-circAS,39_CircASbase,40_CircAI,41_m6A2Circ	mm9_1based:ok;mm9_0based:ok	
mmu_circ_0003387	chr11	77373243	77373923	NA	Taok1	mm9_0based	mm9_0based	mm9_0based	mm9_0based:base_row_373957	mm9_0based:chr11:77559742-77560421:.	mm9_0based:8	mm9_0based:01_circBase,02_circAtlas,03_CIRCpedia,04_CircBank,07_FL-circAS,39_CircASbase,40_CircAI,41_m6A2Circ	mm9_1based:ok;mm9_0based:ok	
mmu_circ_0003527	chr11	87863478	87864834	NA	Srsf1	mm9_0based	mm9_0based	mm9_0based	mm9_0based:base_row_379936	mm9_0based:chr11:88049977-88051332:.	mm9_0based:7	mm9_0based:01_circBase,02_circAtlas,04_CircBank,07_FL-circAS,39_CircASbase,40_CircAI,41_m6A2Circ	mm9_1based:ok;mm9_0based:ok	
mmu_circ_0003639	chr12	101653344	101657780	NA	Ttc7b	mm9_0based	mm9_0based	mm9_0based	mm9_0based:base_row_414228	mm9_0based:chr12:100415135-100419570:.	mm9_0based:7	mm9_0based:01_circBase,02_circAtlas,03_CIRCpedia,04_CircBank,07_FL-circAS,39_CircASbase,40_CircAI	mm9_1based:ok;mm9_0based:ok	
mmu_circ_0003646	chr12	101834024	101857851	NA	Rps6ka5	mm9_0based	mm9_0based	mm9_0based	mm9_0based:base_row_414323	mm9_0based:chr12:100595815-100619641:.	mm9_0based:7	mm9_0based:01_circBase,02_circAtlas,03_CIRCpedia,04_CircBank,07_FL-circAS,39_CircASbase,40_CircAI	mm9_1based:ok;mm9_0based:ok	
mmu_circ_0003663	chr12	103171177	103186649	NA	Atxn3	mm9_0based	mm9_0based	mm9_0based	mm9_0based:base_row_414859	mm9_0based:chr12:101932968-101948439:.	mm9_0based:7	mm9_0based:01_circBase,02_circAtlas,03_CIRCpedia,04_CircBank,07_FL-circAS,39_CircASbase,40_CircAI	mm9_1based:ok;mm9_0based:ok	
mmu_circ_0003679	chr12	104236647	104260086	NA	Unc79	mm9_0based	mm9_0based	mm9_0based	mm9_0based:base_row_415334	mm9_0based:chr12:102998438-103021876:.	mm9_0based:7	mm9_0based:01_circBase,02_circAtlas,03_CIRCpedia,04_CircBank,07_FL-circAS,39_CircASbase,40_CircAI	mm9_1based:ok;mm9_0based:ok	
mmu_circ_0003848	chr12	25679676	25682195	NA	Kidins220	mm9_0based	mm9_0based	mm9_0based	mm9_0based:base_row_399115	mm9_0based:chr12:24994812-24997330:.	mm9_0based:8	mm9_0based:01_circBase,02_circAtlas,03_CIRCpedia,04_CircBank,07_FL-circAS,39_CircASbase,40_CircAI,41_m6A2Circ	mm9_1based:ok;mm9_0based:ok	
mmu_circ_0003864	chr12	29544116	29552018	NA	Tssc1	mm9_0based	mm9_0based	mm9_0based	mm9_0based:base_row_399470	mm9_0based:chr12:28859252-28867153:.	mm9_0based:7	mm9_0based:01_circBase,02_circAtlas,04_CircBank,07_FL-circAS,08_TSCD,39_CircASbase,40_CircAI	mm9_1based:ok;mm9_0based:ok	
mmu_circ_0003873	chr12	30496237	30512696	NA	Myt1l	mm9_0based	mm9_0based	mm9_0based	mm9_0based:base_row_399621	mm9_0based:chr12:29811373-29827831:.	mm9_0based:6	mm9_0based:01_circBase,02_circAtlas,03_CIRCpedia,04_CircBank,07_FL-circAS,41_m6A2Circ	mm9_1based:ok;mm9_0based:ok	
mmu_circ_0003925	chr12	35074109	35078270	NA	Hdac9	mm9_0based	mm9_0based	mm9_0based	mm9_0based:base_row_400638	mm9_0based:chr12:34389245-34393405:.	mm9_0based:8	mm9_0based:01_circBase,02_circAtlas,03_CIRCpedia,04_CircBank,07_FL-circAS,39_CircASbase,40_CircAI,41_m6A2Circ	mm9_1based:ok;mm9_0based:ok	
mmu_circ_0003945	chr12	3643916	3648389	NA	Dtnb	ambiguous	mm10_0based,mm9_0based		mm10_0based:base_row_394985;mm9_0based:base_row_394985	mm10_0based:chr12:3643917-3648389:.;mm9_0based:chr12:3643917-3648389:.	mm10_0based:8;mm9_0based:8	mm10_0based:01_circBase,02_circAtlas,03_CIRCpedia,04_CircBank,07_FL-circAS,08_TSCD,39_CircASbase,40_CircAI;mm9_0based:01_circBase,02_circAtlas,03_CIRCpedia,04_CircBank,07_FL-circAS,08_TSCD,39_CircASbase,40_CircAI	mm9_1based:ok;mm9_0based:ok	
mmu_circ_0003967	chr12	41347807	41376076	NA	Dock4	mm9_0based	mm9_0based	mm9_0based	mm9_0based:base_row_401644	mm9_0based:chr12:40621221-40649489:.	mm9_0based:8	mm9_0based:01_circBase,02_circAtlas,03_CIRCpedia,04_CircBank,07_FL-circAS,39_CircASbase,40_CircAI,41_m6A2Circ	mm9_1based:ok;mm9_0based:ok	
mmu_circ_0004025	chr12	52711346	52762700	NA	Strn3	mm9_0based	mm9_0based	mm9_0based	mm9_0based:base_row_402683	mm9_0based:chr12:51610360-51661713:.	mm9_0based:7	mm9_0based:01_circBase,02_circAtlas,03_CIRCpedia,04_CircBank,39_CircASbase,40_CircAI,41_m6A2Circ	mm9_1based:ok;mm9_0based:ok	
mmu_circ_0004029	chr12	52734565	52762700	NA	Strn3	mm9_0based	mm9_0based	mm9_0based	mm9_0based:base_row_402741	mm9_0based:chr12:51633579-51661713:.	mm9_0based:8	mm9_0based:01_circBase,02_circAtlas,03_CIRCpedia,04_CircBank,07_FL-circAS,39_CircASbase,40_CircAI,41_m6A2Circ	mm9_1based:ok;mm9_0based:ok	
mmu_circ_0004092	chr12	56858912	56863724	NA	Ralgapa1	mm9_0based	mm9_0based	mm9_0based	mm9_0based:base_row_404228	mm9_0based:chr12:55757926-55762737:.	mm9_0based:7	mm9_0based:01_circBase,02_circAtlas,03_CIRCpedia,04_CircBank,07_FL-circAS,39_CircASbase,40_CircAI	mm9_1based:ok;mm9_0based:ok	
mmu_circ_0004113	chr12	66077681	66098032	NA	Togaram1	mm9_0based	mm9_0based	mm9_0based	mm9_0based:base_row_405140	mm9_0based:chr12:64976695-64997045:.	mm9_0based:8	mm9_0based:01_circBase,02_circAtlas,03_CIRCpedia,04_CircBank,07_FL-circAS,39_CircASbase,40_CircAI,41_m6A2Circ	mm9_1based:ok;mm9_0based:ok	
mmu_circ_0004158	chr12	72175922	72177056	NA	Arid4a	mm9_0based	mm9_0based	mm9_0based	mm9_0based:base_row_406738	mm9_0based:chr12:71074936-71076069:.	mm9_0based:9	mm9_0based:01_circBase,02_circAtlas,03_CIRCpedia,04_CircBank,07_FL-circAS,08_TSCD,39_CircASbase,40_CircAI,41_m6A2Circ	mm9_1based:ok;mm9_0based:ok	
mmu_circ_0004170	chr12	74268986	74320129	NA	Mnat1	mm9_0based	mm9_0based	mm9_0based	mm9_0based:base_row_407308	mm9_0based:chr12:73168000-73219142:.	mm9_0based:8	mm9_0based:01_circBase,02_circAtlas,03_CIRCpedia,04_CircBank,07_FL-circAS,08_TSCD,39_CircASbase,40_CircAI	mm9_1based:ok;mm9_0based:ok	
mmu_circ_0004171	chr12	74280191	74320129	NA	Mnat1	mm9_0based	mm9_0based	mm9_0based	mm9_0based:base_row_407319	mm9_0based:chr12:73179205-73219142:.	mm9_0based:8	mm9_0based:01_circBase,02_circAtlas,03_CIRCpedia,04_CircBank,07_FL-circAS,39_CircASbase,40_CircAI,41_m6A2Circ	mm9_1based:ok;mm9_0based:ok	
mmu_circ_0004220	chr12	79895231	79898377	NA	Mpp5	mm9_0based	mm9_0based	mm9_0based	mm9_0based:base_row_408706	mm9_0based:chr12:78794245-78797390:.	mm9_0based:8	mm9_0based:01_circBase,02_circAtlas,03_CIRCpedia,04_CircBank,08_TSCD,39_CircASbase,40_CircAI,41_m6A2Circ	mm9_1based:ok;mm9_0based:ok	
mmu_circ_0004252	chr12	84192734	84234731	NA	Rgs6	mm9_0based	mm9_0based	mm9_0based	mm9_0based:base_row_410052	mm9_0based:chr12:83091748-83133744:.	mm9_0based:7	mm9_0based:01_circBase,02_circAtlas,03_CIRCpedia,04_CircBank,07_FL-circAS,39_CircASbase,40_CircAI	mm9_1based:ok;mm9_0based:ok	
mmu_circ_0004299	chr12	87204513	87233160	NA	Ttll5	mm9_0based	mm9_0based	mm9_0based	mm9_0based:base_row_411565	mm9_0based:chr12:85863564-85892210:.	mm9_0based:7	mm9_0based:01_circBase,02_circAtlas,03_CIRCpedia,04_CircBank,07_FL-circAS,39_CircASbase,40_CircAI	mm9_1based:ok;mm9_0based:ok	
mmu_circ_0004333	chr12	91407359	91443258	NA	Nrxn3	mm9_0based	mm9_0based	mm9_0based	mm9_0based:base_row_412726	mm9_0based:chr12:90168920-90204818:.	mm9_0based:8	mm9_0based:01_circBase,02_circAtlas,03_CIRCpedia,04_CircBank,07_FL-circAS,39_CircASbase,40_CircAI,41_m6A2Circ	mm9_1based:ok;mm9_0based:ok	
mmu_circ_0004422	chr13	105510501	105587423	NA	Cwc27	mm9_0based	mm9_0based	mm9_0based	mm9_0based:base_row_440559	mm9_0based:chr13:104720422-104797343:.	mm9_0based:9	mm9_0based:01_circBase,02_circAtlas,03_CIRCpedia,04_CircBank,07_FL-circAS,08_TSCD,39_CircASbase,40_CircAI,41_m6A2Circ	mm9_1based:ok;mm9_0based:ok	
mmu_circ_0004472	chr13	11773232	11780280	NA	Ryr2	mm9_0based	mm9_0based	mm9_0based	mm9_0based:base_row_422156	mm9_0based:chr13:11680966-11688013:.	mm9_0based:8	mm9_0based:01_circBase,02_circAtlas,03_CIRCpedia,04_CircBank,07_FL-circAS,39_CircASbase,40_CircAI,41_m6A2Circ	mm9_1based:ok;mm9_0based:ok	
mmu_circ_0004501	chr13	14356331	14404057	NA	Hecw1	mm9_0based	mm9_0based	mm9_0based	mm9_0based:base_row_423578	mm9_0based:chr13:14264065-14311790:.	mm9_0based:7	mm9_0based:01_circBase,02_circAtlas,03_CIRCpedia,04_CircBank,08_TSCD,39_CircASbase,40_CircAI	mm9_1based:ok;mm9_0based:ok	
mmu_circ_0004504	chr13	14370544	14404057	NA	Hecw1	mm9_0based	mm9_0based	mm9_0based	mm9_0based:base_row_423595	mm9_0based:chr13:14278278-14311790:.	mm9_0based:8	mm9_0based:01_circBase,02_circAtlas,03_CIRCpedia,04_CircBank,07_FL-circAS,08_TSCD,39_CircASbase,40_CircAI	mm9_1based:ok;mm9_0based:ok	
mmu_circ_0004516	chr13	15732901	15754363	NA	Gli3	mm9_0based	mm9_0based	mm9_0based	mm9_0based:base_row_423761	mm9_0based:chr13:15641069-15662530:.	mm9_0based:8	mm9_0based:01_circBase,02_circAtlas,03_CIRCpedia,04_CircBank,07_FL-circAS,39_CircASbase,40_CircAI,41_m6A2Circ	mm9_1based:ok;mm9_0based:ok	
mmu_circ_0004571	chr13	32317003	32319171	NA	Gmds	mm9_0based	mm9_0based	mm9_0based	mm9_0based:base_row_425935	mm9_0based:chr13:32225135-32227302:.	mm9_0based:8	mm9_0based:01_circBase,02_circAtlas,03_CIRCpedia,04_CircBank,07_FL-circAS,21_CircTarget,39_CircASbase,40_CircAI	mm9_1based:ok;mm9_0based:ok	
mmu_circ_0004572	chr13	32317003	32326266	NA	Gmds	mm9_0based	mm9_0based	mm9_0based	mm9_0based:base_row_425936	mm9_0based:chr13:32225135-32234397:.	mm9_0based:8	mm9_0based:01_circBase,02_circAtlas,03_CIRCpedia,04_CircBank,07_FL-circAS,08_TSCD,39_CircASbase,40_CircAI	mm9_1based:ok;mm9_0based:ok	
mmu_circ_0004583	chr13	35881969	35908444	NA	Cdyl	mm9_0based	mm9_0based	mm9_0based	mm9_0based:base_row_426331	mm9_0based:chr13:35790101-35816575:.	mm9_0based:9	mm9_0based:01_circBase,02_circAtlas,03_CIRCpedia,04_CircBank,07_FL-circAS,08_TSCD,39_CircASbase,40_CircAI,41_m6A2Circ	mm9_1based:ok;mm9_0based:ok	
mmu_circ_0004662	chr13	55152101	55194642	NA	Uimc1	mm9_0based	mm9_0based	mm9_0based	mm9_0based:base_row_430102	mm9_0based:chr13:55050741-55093281:.	mm9_0based:5	mm9_0based:01_circBase,03_CIRCpedia,04_CircBank,07_FL-circAS,41_m6A2Circ	mm9_1based:ok;mm9_0based:ok	
mmu_circ_0004664	chr13	55176618	55194642	NA	Uimc1	mm9_0based	mm9_0based	mm9_0based	mm9_0based:base_row_430124	mm9_0based:chr13:55075258-55093281:.	mm9_0based:8	mm9_0based:01_circBase,02_circAtlas,03_CIRCpedia,04_CircBank,07_FL-circAS,39_CircASbase,40_CircAI,41_m6A2Circ	mm9_1based:ok;mm9_0based:ok	
mmu_circ_0004704	chr13	59561829	59583965	NA	Agtpbp1	mm9_0based	mm9_0based	mm9_0based	mm9_0based:base_row_431674	mm9_0based:chr13:59460469-59482604:.	mm9_0based:7	mm9_0based:01_circBase,02_circAtlas,03_CIRCpedia,04_CircBank,07_FL-circAS,39_CircASbase,40_CircAI	mm9_1based:ok;mm9_0based:ok	
mmu_circ_0004737	chr13	63291787	63311475	NA	2010111I01Rik	mm9_0based	mm9_0based	mm9_0based	mm9_0based:base_row_432534	mm9_0based:chr13:63190479-63210166:.	mm9_0based:7	mm9_0based:01_circBase,02_circAtlas,03_CIRCpedia,04_CircBank,07_FL-circAS,39_CircASbase,40_CircAI	mm9_1based:ok;mm9_0based:ok	
mmu_circ_0004810	chr13	77331814	77332484	NA	2210408I21Rik	mm9_0based	mm9_0based	mm9_0based	mm9_0based:base_row_434953	mm9_0based:chr13:77192554-77193223:.	mm9_0based:9	mm9_0based:01_circBase,02_circAtlas,03_CIRCpedia,04_CircBank,07_FL-circAS,08_TSCD,39_CircASbase,40_CircAI,41_m6A2Circ	mm9_1based:ok;mm9_0based:ok	
mmu_circ_0004874	chr13	92108551	92111893	NA	Rasgrf2	mm9_0based	mm9_0based	mm9_0based	mm9_0based:base_row_436342	mm9_0based:chr13:91968947-91972288:.	mm9_0based:7	mm9_0based:01_circBase,02_circAtlas,03_CIRCpedia,04_CircBank,07_FL-circAS,39_CircASbase,40_CircAI	mm9_1based:ok;mm9_0based:ok	
mmu_circ_0004924	chr13	97861772	97867666	NA	Fam169a	mm9_0based	mm9_0based	mm9_0based	mm9_0based:base_row_437941	mm9_0based:chr13:97091818-97097711:.	mm9_0based:9	mm9_0based:01_circBase,02_circAtlas,03_CIRCpedia,04_CircBank,07_FL-circAS,08_TSCD,39_CircASbase,40_CircAI,41_m6A2Circ	mm9_1based:ok;mm9_0based:ok	
mmu_circ_0004955	chr14	103651625	103675735	NA	Mycbp2	mm9_0based	mm9_0based	mm9_0based	mm9_0based:base_row_463264	mm9_0based:chr14:103252409-103276518:.	mm9_0based:8	mm9_0based:01_circBase,02_circAtlas,03_CIRCpedia,04_CircBank,07_FL-circAS,39_CircASbase,40_CircAI,41_m6A2Circ	mm9_1based:ok;mm9_0based:ok	
mmu_circ_0004957	chr14	103675005	103690579	NA	Mycbp2	mm9_0based	mm9_0based	mm9_0based	mm9_0based:base_row_463310	mm9_0based:chr14:103275789-103291362:.	mm9_0based:9	mm9_0based:01_circBase,02_circAtlas,03_CIRCpedia,04_CircBank,07_FL-circAS,08_TSCD,39_CircASbase,40_CircAI,41_m6A2Circ	mm9_1based:ok;mm9_0based:ok	
mmu_circ_0004985	chr14	119428184	119458362	NA	Uggt2	mm9_0based	mm9_0based	mm9_0based	mm9_0based:base_row_464588	mm9_0based:chr14:119028963-119059140:.	mm9_0based:7	mm9_0based:01_circBase,02_circAtlas,03_CIRCpedia,04_CircBank,07_FL-circAS,39_CircASbase,40_CircAI	mm9_1based:ok;mm9_0based:ok	
mmu_circ_0004992	chr14	120724015	120724634	NA	Mbnl2	mm9_0based	mm9_0based	mm9_0based	mm9_0based:base_row_464816	mm9_0based:chr14:120324794-120325412:.	mm9_0based:9	mm9_0based:01_circBase,02_circAtlas,03_CIRCpedia,04_CircBank,07_FL-circAS,08_TSCD,39_CircASbase,40_CircAI,41_m6A2Circ	mm9_1based:ok;mm9_0based:ok	
mmu_circ_0005016	chr14	123049473	123067893	NA	Pcca	mm9_0based	mm9_0based	mm9_0based	mm9_0based:base_row_465665	mm9_0based:chr14:122650252-122668671:.	mm9_0based:7	mm9_0based:01_circBase,02_circAtlas,03_CIRCpedia,04_CircBank,07_FL-circAS,39_CircASbase,40_CircAI	mm9_1based:ok;mm9_0based:ok	
mmu_circ_0005045	chr14	13244067	13286833	NA	Cadps	mm9_0based	mm9_0based	mm9_0based	mm9_0based:base_row_443863	mm9_0based:chr14:12411554-12454319:.	mm9_0based:9	mm9_0based:01_circBase,02_circAtlas,03_CIRCpedia,04_CircBank,07_FL-circAS,08_TSCD,39_CircASbase,40_CircAI,41_m6A2Circ	mm9_1based:ok;mm9_0based:ok	
mmu_circ_0005046	chr14	13244067	13290343	NA	Cadps	mm9_0based	mm9_0based	mm9_0based	mm9_0based:base_row_443865	mm9_0based:chr14:12411554-12457829:.	mm9_0based:8	mm9_0based:01_circBase,02_circAtlas,03_CIRCpedia,04_CircBank,07_FL-circAS,08_TSCD,39_CircASbase,40_CircAI	mm9_1based:ok;mm9_0based:ok	
mmu_circ_0005051	chr14	13272384	13290343	NA	Cadps	mm9_0based	mm9_0based	mm9_0based	mm9_0based:base_row_443902	mm9_0based:chr14:12439871-12457829:.	mm9_0based:8	mm9_0based:01_circBase,02_circAtlas,03_CIRCpedia,04_CircBank,07_FL-circAS,08_TSCD,39_CircASbase,40_CircAI	mm9_1based:ok;mm9_0based:ok	
mmu_circ_0005146	chr14	28251784	28255806	NA	Fam208a	mm9_0based	mm9_0based	mm9_0based	mm9_0based:base_row_447656	mm9_0based:chr14:27438599-27442620:.	mm9_0based:8	mm9_0based:01_circBase,02_circAtlas,03_CIRCpedia,04_CircBank,07_FL-circAS,39_CircASbase,40_CircAI,41_m6A2Circ	mm9_1based:ok;mm9_0based:ok	
mmu_circ_0005148	chr14	28251784	28279497	NA	Fam208a	mm9_0based	mm9_0based	mm9_0based	mm9_0based:base_row_447667	mm9_0based:chr14:27438599-27466311:.	mm9_0based:5	mm9_0based:01_circBase,02_circAtlas,03_CIRCpedia,04_CircBank,07_FL-circAS	mm9_1based:ok;mm9_0based:ok	
mmu_circ_0005161	chr14	29130434	29197229	NA	Erc2	mm9_0based	mm9_0based	mm9_0based	mm9_0based:base_row_448084	mm9_0based:chr14:28317249-28384043:.	mm9_0based:7	mm9_0based:01_circBase,02_circAtlas,04_CircBank,07_FL-circAS,08_TSCD,39_CircASbase,40_CircAI	mm9_1based:ok;mm9_0based:ok	
mmu_circ_0005211	chr14	34215809	34224210	NA	Mapk8	mm9_0based	mm9_0based	mm9_0based	mm9_0based:base_row_450414	mm9_0based:chr14:33402624-33411024:.	mm9_0based:8	mm9_0based:01_circBase,02_circAtlas,03_CIRCpedia,04_CircBank,07_FL-circAS,39_CircASbase,40_CircAI,41_m6A2Circ	mm9_1based:ok;mm9_0based:ok	
mmu_circ_0005278	chr14	55281004	55285998	NA	Acin1	mm9_0based	mm9_0based	mm9_0based	mm9_0based:base_row_453916	mm9_0based:chr14:54662168-54667161:.	mm9_0based:8	mm9_0based:01_circBase,02_circAtlas,03_CIRCpedia,04_CircBank,07_FL-circAS,39_CircASbase,40_CircAI,41_m6A2Circ	mm9_1based:ok;mm9_0based:ok	
mmu_circ_0005298	chr14	57377466	57390843	NA	Pspc1	mm9_0based	mm9_0based	mm9_0based	mm9_0based:base_row_455254	mm9_0based:chr14:56758630-56772006:.	mm9_0based:7	mm9_0based:01_circBase,02_circAtlas,03_CIRCpedia,04_CircBank,07_FL-circAS,39_CircASbase,40_CircAI	mm9_1based:ok;mm9_0based:ok	
mmu_circ_0005354	chr14	64852665	64932592	NA	Msra	mm9_0based	mm9_0based	mm9_0based	mm9_0based:base_row_457191	mm9_0based:chr14:64233829-64313755:.	mm9_0based:8	mm9_0based:01_circBase,02_circAtlas,03_CIRCpedia,04_CircBank,07_FL-circAS,08_TSCD,39_CircASbase,40_CircAI	mm9_1based:ok;mm9_0based:ok	
mmu_circ_0005397	chr14	70193710	70198131	NA	Rhobtb2	mm9_0based	mm9_0based	mm9_0based	mm9_0based:base_row_458654	mm9_0based:chr14:69793904-69798324:.	mm9_0based:8	mm9_0based:01_circBase,02_circAtlas,03_CIRCpedia,04_CircBank,07_FL-circAS,39_CircASbase,40_CircAI,41_m6A2Circ	mm9_1based:ok;mm9_0based:ok	
mmu_circ_0005402	chr14	70640535	70640788	NA	Ppp3cc	mm9_0based	mm9_0based	mm9_0based	mm9_0based:base_row_458843	mm9_0based:chr14:70240729-70240981:.	mm9_0based:8	mm9_0based:01_circBase,02_circAtlas,03_CIRCpedia,04_CircBank,07_FL-circAS,08_TSCD,39_CircASbase,40_CircAI	mm9_1based:ok;mm9_0based:ok	
mmu_circ_0005426	chr14	73662335	73682785	NA	Rb1	mm9_0based	mm9_0based	mm9_0based	mm9_0based:base_row_459597	mm9_0based:chr14:73262529-73282978:.	mm9_0based:8	mm9_0based:01_circBase,02_circAtlas,03_CIRCpedia,04_CircBank,07_FL-circAS,39_CircASbase,40_CircAI,41_m6A2Circ	mm9_1based:ok;mm9_0based:ok	
mmu_circ_0005449	chr14	78898641	78902043	NA	Akap11	mm9_0based	mm9_0based	mm9_0based	mm9_0based:base_row_460661	mm9_0based:chr14:78498835-78502236:.	mm9_0based:8	mm9_0based:01_circBase,02_circAtlas,03_CIRCpedia,04_CircBank,07_FL-circAS,08_TSCD,39_CircASbase,40_CircAI	mm9_1based:ok;mm9_0based:ok	
mmu_circ_0005542	chr15	12819373	12835456	NA	Drosha	mm9_0based	mm9_0based	mm9_0based	mm9_0based:base_row_469065	mm9_0based:chr15:12889619-12905701:.	mm9_0based:8	mm9_0based:01_circBase,02_circAtlas,03_CIRCpedia,04_CircBank,07_FL-circAS,08_TSCD,39_CircASbase,40_CircAI	mm9_1based:ok;mm9_0based:ok	
mmu_circ_0005557	chr15	23366204	23390322	NA	Cdh18	mm9_0based	mm9_0based	mm9_0based	mm9_0based:base_row_469513	mm9_0based:chr15:23436450-23460567:.	mm9_0based:7	mm9_0based:01_circBase,02_circAtlas,03_CIRCpedia,04_CircBank,07_FL-circAS,39_CircASbase,40_CircAI	mm9_1based:ok;mm9_0based:ok	
mmu_circ_0005575	chr15	27827588	27842489	NA	Trio	mm9_0based	mm9_0based	mm9_0based	mm9_0based:base_row_470099	mm9_0based:chr15:27897834-27912734:.	mm9_0based:7	mm9_0based:01_circBase,02_circAtlas,03_CIRCpedia,04_CircBank,07_FL-circAS,39_CircASbase,40_CircAI	mm9_1based:ok;mm9_0based:ok	
mmu_circ_0005606	chr15	35375324	35401819	NA	Vps13b	mm9_0based	mm9_0based	mm9_0based	mm9_0based:base_row_471401	mm9_0based:chr15:35445570-35472064:.	mm9_0based:8	mm9_0based:01_circBase,02_circAtlas,03_CIRCpedia,04_CircBank,07_FL-circAS,08_TSCD,39_CircASbase,40_CircAI	mm9_1based:ok;mm9_0based:ok	
mmu_circ_0005611	chr15	35700210	35700618	NA	Vps13b	mm9_0based	mm9_0based	mm9_0based	mm9_0based:base_row_471733	mm9_0based:chr15:35770456-35770863:.	mm9_0based:8	mm9_0based:01_circBase,02_circAtlas,03_CIRCpedia,04_CircBank,07_FL-circAS,39_CircASbase,40_CircAI,41_m6A2Circ	mm9_1based:ok;mm9_0based:ok	
mmu_circ_0005633	chr15	39176855	39177166	NA	Rims2	mm9_0based	mm9_0based	mm9_0based	mm9_0based:base_row_473039	mm9_0based:chr15:39345310-39345620:.	mm9_0based:9	mm9_0based:01_circBase,02_circAtlas,03_CIRCpedia,04_CircBank,07_FL-circAS,08_TSCD,39_CircASbase,40_CircAI,41_m6A2Circ	mm9_1based:ok;mm9_0based:ok	
mmu_circ_0005637	chr15	39268542	39342920	NA	Rims2	mm9_0based	mm9_0based	mm9_0based	mm9_0based:base_row_473089	mm9_0based:chr15:39436997-39511374:.	mm9_0based:8	mm9_0based:01_circBase,02_circAtlas,03_CIRCpedia,04_CircBank,07_FL-circAS,39_CircASbase,40_CircAI,41_m6A2Circ	mm9_1based:ok;mm9_0based:ok	
mmu_circ_0005665	chr15	41629019	41657598	NA	Oxr1	mm9_0based	mm9_0based	mm9_0based	mm9_0based:base_row_473646	mm9_0based:chr15:41797474-41826052:.	mm9_0based:8	mm9_0based:01_circBase,02_circAtlas,03_CIRCpedia,04_CircBank,07_FL-circAS,39_CircASbase,40_CircAI,41_m6A2Circ	mm9_1based:ok;mm9_0based:ok	
mmu_circ_0005668	chr15	43323715	43345395	NA	Emc2	mm9_0based	mm9_0based	mm9_0based	mm9_0based:base_row_473848	mm9_0based:chr15:43492170-43513849:.	mm9_0based:8	mm9_0based:01_circBase,02_circAtlas,03_CIRCpedia,04_CircBank,07_FL-circAS,39_CircASbase,40_CircAI,41_m6A2Circ	mm9_1based:ok;mm9_0based:ok	
mmu_circ_0005678	chr15	44550333	44579944	NA	Sybu	mm9_0based	mm9_0based	mm9_0based	mm9_0based:base_row_474044	mm9_0based:chr15:44718788-44748398:.	mm9_0based:7	mm9_0based:01_circBase,02_circAtlas,03_CIRCpedia,04_CircBank,39_CircASbase,40_CircAI,41_m6A2Circ	mm9_1based:ok;mm9_0based:ok	
mmu_circ_0005697	chr15	5272243	5273612	NA	NA	mm9_0based	mm9_0based	mm9_0based	mm9_0based:base_row_466818	mm9_0based:chr15:5322244-5323612:.	mm9_0based:8	mm9_0based:01_circBase,02_circAtlas,04_CircBank,07_FL-circAS,08_TSCD,39_CircASbase,40_CircAI,41_m6A2Circ	mm9_1based:ok;mm9_0based:ok	
mmu_circ_0005730	chr15	65862080	65863032	NA	Kcnq3	mm9_0based	mm9_0based	mm9_0based	mm9_0based:base_row_476735	mm9_0based:chr15:66030519-66031470:.	mm9_0based:7	mm9_0based:01_circBase,02_circAtlas,03_CIRCpedia,04_CircBank,07_FL-circAS,39_CircASbase,40_CircAI	mm9_1based:ok;mm9_0based:ok	
mmu_circ_0005746	chr15	68825481	68855269	NA	Khdrbs3	mm9_0based	mm9_0based	mm9_0based	mm9_0based:base_row_477216	mm9_0based:chr15:68995052-69024839:.	mm9_0based:8	mm9_0based:01_circBase,02_circAtlas,03_CIRCpedia,04_CircBank,07_FL-circAS,39_CircASbase,40_CircAI,41_m6A2Circ	mm9_1based:ok;mm9_0based:ok	
mmu_circ_0005908	chr15	84001511	84007306	NA	Pnpla3	mm9_0based	mm9_0based	mm9_0based	mm9_0based:base_row_483000	mm9_0based:chr15:84171082-84176876:.	mm9_0based:8	mm9_0based:01_circBase,02_circAtlas,03_CIRCpedia,04_CircBank,07_FL-circAS,08_TSCD,39_CircASbase,40_CircAI	mm9_1based:ok;mm9_0based:ok	
mmu_circ_0005963	chr15	89378056	89380313	NA	Shank3	mm9_0based	mm9_0based	mm9_0based	mm9_0based:base_row_484549	mm9_0based:chr15:89547626-89549882:.	mm9_0based:8	mm9_0based:01_circBase,02_circAtlas,03_CIRCpedia,04_CircBank,07_FL-circAS,39_CircASbase,40_CircAI,41_m6A2Circ	mm9_1based:ok;mm9_0based:ok	
mmu_circ_0005977	chr15	91617396	91645164	NA	Lrrk2	mm9_0based	mm9_0based	mm9_0based	mm9_0based:base_row_485150	mm9_0based:chr15:91786966-91814733:.	mm9_0based:7	mm9_0based:01_circBase,02_circAtlas,03_CIRCpedia,04_CircBank,07_FL-circAS,39_CircASbase,40_CircAI	mm9_1based:ok;mm9_0based:ok	
mmu_circ_0006032	chr15	98980064	98980361	NA	Spats2	mm9_0based	mm9_0based	mm9_0based	mm9_0based:base_row_487154	mm9_0based:chr15:99149634-99149930:.	mm9_0based:9	mm9_0based:01_circBase,02_circAtlas,03_CIRCpedia,04_CircBank,07_FL-circAS,08_TSCD,39_CircASbase,40_CircAI,41_m6A2Circ	mm9_1based:ok;mm9_0based:ok	
mmu_circ_0006045	chr15	99946275	99972578	NA	Dip2b	mm9_0based	mm9_0based	mm9_0based	mm9_0based:base_row_487792	mm9_0based:chr15:100115845-100142147:.	mm9_0based:9	mm9_0based:01_circBase,02_circAtlas,03_CIRCpedia,04_CircBank,07_FL-circAS,08_TSCD,39_CircASbase,40_CircAI,41_m6A2Circ	mm9_1based:ok;mm9_0based:ok	
mmu_circ_0006084	chr16	15799959	15816987	NA	Prkdc	mm9_0based	mm9_0based	mm9_0based	mm9_0based:base_row_493842	mm9_0based:chr16:15799867-15816894:.	mm9_0based:7	mm9_0based:01_circBase,02_circAtlas,03_CIRCpedia,04_CircBank,07_FL-circAS,39_CircASbase,40_CircAI	mm9_1based:ok;mm9_0based:ok	
mmu_circ_0006098	chr16	17023544	17026582	NA	Mapk1	mm9_0based	mm9_0based	mm9_0based	mm9_0based:base_row_494342	mm9_0based:chr16:17023452-17026489:.	mm9_0based:7	mm9_0based:01_circBase,02_circAtlas,03_CIRCpedia,04_CircBank,07_FL-circAS,39_CircASbase,40_CircAI	mm9_1based:ok;mm9_0based:ok	
mmu_circ_0006133	chr16	20106735	20107716	NA	Klhl24	mm9_0based	mm9_0based	mm9_0based	mm9_0based:base_row_495745	mm9_0based:chr16:20106663-20107643:.	mm9_0based:8	mm9_0based:01_circBase,02_circAtlas,03_CIRCpedia,04_CircBank,07_FL-circAS,39_CircASbase,40_CircAI,41_m6A2Circ	mm9_1based:ok;mm9_0based:ok	
mmu_circ_0006169	chr16	24442501	24457028	NA	Lpp	mm9_0based	mm9_0based	mm9_0based	mm9_0based:base_row_497547	mm9_0based:chr16:24442416-24456942:.	mm9_0based:5	mm9_0based:01_circBase,02_circAtlas,04_CircBank,07_FL-circAS,08_TSCD	mm9_1based:ok;mm9_0based:ok	
mmu_circ_0006182	chr16	31743191	31797096	NA	Dlg1	mm9_0based	mm9_0based	mm9_0based	mm9_0based:base_row_498627	mm9_0based:chr16:31743106-31797010:.	mm9_0based:8	mm9_0based:01_circBase,02_circAtlas,03_CIRCpedia,04_CircBank,07_FL-circAS,08_TSCD,39_CircASbase,40_CircAI	mm9_1based:ok;mm9_0based:ok	
mmu_circ_0006212	chr16	33421406	33457087	NA	Zfp148	mm9_0based	mm9_0based	mm9_0based	mm9_0based:base_row_499824	mm9_0based:chr16:33421321-33457001:.	mm9_0based:8	mm9_0based:01_circBase,02_circAtlas,03_CIRCpedia,04_CircBank,07_FL-circAS,39_CircASbase,40_CircAI,41_m6A2Circ	mm9_1based:ok;mm9_0based:ok	
mmu_circ_0006215	chr16	33434711	33468269	NA	Zfp148	mm9_0based	mm9_0based	mm9_0based	mm9_0based:base_row_499848	mm9_0based:chr16:33434626-33468183:.	mm9_0based:9	mm9_0based:01_circBase,02_circAtlas,03_CIRCpedia,04_CircBank,07_FL-circAS,08_TSCD,39_CircASbase,40_CircAI,41_m6A2Circ	mm9_1based:ok;mm9_0based:ok	
mmu_circ_0006217	chr16	33466940	33468269	NA	Zfp148	mm9_0based	mm9_0based	mm9_0based	mm9_0based:base_row_499862	mm9_0based:chr16:33466855-33468183:.	mm9_0based:8	mm9_0based:01_circBase,02_circAtlas,03_CIRCpedia,04_CircBank,07_FL-circAS,39_CircASbase,40_CircAI,41_m6A2Circ	mm9_1based:ok;mm9_0based:ok	
mmu_circ_0006240	chr16	36000267	36003036	NA	Kpna1	mm9_0based	mm9_0based	mm9_0based	mm9_0based:base_row_500913	mm9_0based:chr16:36000182-36002950:.	mm9_0based:9	mm9_0based:01_circBase,02_circAtlas,03_CIRCpedia,04_CircBank,07_FL-circAS,08_TSCD,39_CircASbase,40_CircAI,41_m6A2Circ	mm9_1based:ok;mm9_0based:ok	
mmu_circ_0006250	chr16	37174382	37216156	NA	Stxbp5l	mm9_0based	mm9_0based	mm9_0based	mm9_0based:base_row_501399	mm9_0based:chr16:37174297-37216070:.	mm9_0based:9	mm9_0based:01_circBase,02_circAtlas,03_CIRCpedia,04_CircBank,07_FL-circAS,08_TSCD,39_CircASbase,40_CircAI,41_m6A2Circ	mm9_1based:ok;mm9_0based:ok	
mmu_circ_0006253	chr16	37200661	37216156	NA	Stxbp5l	mm9_0based	mm9_0based	mm9_0based	mm9_0based:base_row_501443	mm9_0based:chr16:37200576-37216070:.	mm9_0based:8	mm9_0based:01_circBase,02_circAtlas,03_CIRCpedia,04_CircBank,07_FL-circAS,08_TSCD,39_CircASbase,40_CircAI	mm9_1based:ok;mm9_0based:ok	
mmu_circ_0006296	chr16	43561825	43577861	NA	Zbtb20	mm9_0based	mm9_0based	mm9_0based	mm9_0based:base_row_502620	mm9_0based:chr16:43561713-43577748:.	mm9_0based:6	mm9_0based:01_circBase,02_circAtlas,04_CircBank,07_FL-circAS,39_CircASbase,40_CircAI	mm9_1based:ok;mm9_0based:ok	
mmu_circ_0006501	chr16	94899058	94908210	NA	Dyrk1a	mm9_0based	mm9_0based	mm9_0based	mm9_0based:base_row_510171	mm9_0based:chr16:94677452-94686603:.	mm9_0based:7	mm9_0based:01_circBase,02_circAtlas,03_CIRCpedia,04_CircBank,07_FL-circAS,39_CircASbase,40_CircAI	mm9_1based:ok;mm9_0based:ok	
mmu_circ_0006628	chr17	26873733	26880076	NA	Cped1	mm9_0based	mm9_0based	mm9_0based	mm9_0based:base_row_517224	mm9_0based:chr17:26736789-26743131:.	mm9_0based:9	mm9_0based:01_circBase,02_circAtlas,03_CIRCpedia,04_CircBank,07_FL-circAS,18_riboCIRC,39_CircASbase,40_CircAI,41_m6A2Circ	mm9_1based:ok;mm9_0based:ok	
mmu_circ_0006701	chr17	33273368	33275767	NA	Morc2b	mm9_0based	mm9_0based	mm9_0based	mm9_0based:base_row_520211	mm9_0based:chr17:33136424-33138822:.	mm9_0based:7	mm9_0based:01_circBase,02_circAtlas,04_CircBank,07_FL-circAS,39_CircASbase,40_CircAI,41_m6A2Circ	mm9_1based:ok;mm9_0based:ok	
mmu_circ_0006703	chr17	33518143	33519531	NA	Zfp101	mm9_0based	mm9_0based	mm9_0based	mm9_0based:base_row_520260	mm9_0based:chr17:33381199-33382586:.	mm9_0based:8	mm9_0based:01_circBase,02_circAtlas,04_CircBank,07_FL-circAS,08_TSCD,39_CircASbase,40_CircAI,41_m6A2Circ	mm9_1based:ok;mm9_0based:ok	
mmu_circ_0006747	chr17	37191075	37191852	NA	Gabbr1	mm9_0based	mm9_0based	mm9_0based	mm9_0based:base_row_522708	mm9_0based:chr17:37054131-37054907:.	mm9_0based:8	mm9_0based:01_circBase,02_circAtlas,03_CIRCpedia,04_CircBank,07_FL-circAS,39_CircASbase,40_CircAI,41_m6A2Circ	mm9_1based:ok;mm9_0based:ok	
mmu_circ_0006773	chr17	44775461	44776775	NA	Runx2	mm9_0based	mm9_0based	mm9_0based	mm9_0based:base_row_524368	mm9_0based:chr17:44638513-44639826:.	mm9_0based:9	mm9_0based:01_circBase,02_circAtlas,03_CIRCpedia,04_CircBank,07_FL-circAS,08_TSCD,39_CircASbase,40_CircAI,41_m6A2Circ	mm9_1based:ok;mm9_0based:ok	
mmu_circ_0006796	chr17	46961398	46967945	NA	Bicral	mm9_0based	mm9_0based	mm9_0based	mm9_0based:base_row_525523	mm9_0based:chr17:46824450-46830996:.	mm9_0based:9	mm9_0based:01_circBase,02_circAtlas,03_CIRCpedia,04_CircBank,07_FL-circAS,08_TSCD,39_CircASbase,40_CircAI,41_m6A2Circ	mm9_1based:ok;mm9_0based:ok	
mmu_circ_0006846	chr17	55630240	55637704	NA	St6gal2	mm9_0based	mm9_0based	mm9_0based	mm9_0based:base_row_526958	mm9_0based:chr17:55490943-55498406:.	mm9_0based:8	mm9_0based:01_circBase,02_circAtlas,03_CIRCpedia,04_CircBank,07_FL-circAS,08_TSCD,39_CircASbase,40_CircAI	mm9_1based:ok;mm9_0based:ok	
mmu_circ_0006906	chr17	64245366	64273527	NA	Fer	mm9_0based	mm9_0based	mm9_0based	mm9_0based:base_row_528889	mm9_0based:chr17:63896018-63924178:.	mm9_0based:8	mm9_0based:01_circBase,02_circAtlas,03_CIRCpedia,04_CircBank,07_FL-circAS,39_CircASbase,40_CircAI,41_m6A2Circ	mm9_1based:ok;mm9_0based:ok	
mmu_circ_0006911	chr17	64270961	64273527	NA	Fer	mm9_0based	mm9_0based	mm9_0based	mm9_0based:base_row_528931	mm9_0based:chr17:63921613-63924178:.	mm9_0based:8	mm9_0based:01_circBase,02_circAtlas,03_CIRCpedia,04_CircBank,07_FL-circAS,39_CircASbase,40_CircAI,41_m6A2Circ	mm9_1based:ok;mm9_0based:ok	
mmu_circ_0006920	chr17	64378638	64428324	NA	Fer	mm9_0based	mm9_0based	mm9_0based	mm9_0based:base_row_529033	mm9_0based:chr17:64029290-64078975:.	mm9_0based:7	mm9_0based:01_circBase,02_circAtlas,03_CIRCpedia,04_CircBank,07_FL-circAS,39_CircASbase,40_CircAI	mm9_1based:ok;mm9_0based:ok	
mmu_circ_0007033	chr17	80049641	80058813	NA	Rmdn2	mm9_0based	mm9_0based	mm9_0based	mm9_0based:base_row_533103	mm9_0based:chr17:79650302-79659473:.	mm9_0based:8	mm9_0based:01_circBase,02_circAtlas,03_CIRCpedia,04_CircBank,07_FL-circAS,39_CircASbase,40_CircAI,41_m6A2Circ	mm9_1based:ok;mm9_0based:ok	
mmu_circ_0007075	chr17	86508566	86520086	NA	Srbd1	mm9_0based	mm9_0based	mm9_0based	mm9_0based:base_row_535290	mm9_0based:chr17:86109227-86120746:.	mm9_0based:8	mm9_0based:01_circBase,02_circAtlas,03_CIRCpedia,04_CircBank,07_FL-circAS,08_TSCD,39_CircASbase,40_CircAI	mm9_1based:ok;mm9_0based:ok	
mmu_circ_0007089	chr17	88862052	88878680	NA	Foxn2	mm9_0based	mm9_0based	mm9_0based	mm9_0based:base_row_536056	mm9_0based:chr17:88462713-88479340:.	mm9_0based:9	mm9_0based:01_circBase,02_circAtlas,03_CIRCpedia,04_CircBank,07_FL-circAS,08_TSCD,39_CircASbase,40_CircAI,41_m6A2Circ	mm9_1based:ok;mm9_0based:ok	
mmu_circ_0007214	chr18	31184387	31184923	NA	Rit2	mm9_0based	mm9_0based	mm9_0based	mm9_0based:base_row_541540	mm9_0based:chr18:31024734-31025269:.	mm9_0based:7	mm9_0based:01_circBase,02_circAtlas,04_CircBank,07_FL-circAS,39_CircASbase,40_CircAI,41_m6A2Circ	mm9_1based:ok;mm9_0based:ok	
mmu_circ_0007224	chr18	31840022	31858534	NA	Sap130	mm9_0based	mm9_0based	mm9_0based	mm9_0based:base_row_541683	mm9_0based:chr18:31680369-31698880:.	mm9_0based:7	mm9_0based:01_circBase,02_circAtlas,03_CIRCpedia,04_CircBank,07_FL-circAS,39_CircASbase,40_CircAI	mm9_1based:ok;mm9_0based:ok	
mmu_circ_0007262	chr18	34774101	34774451	NA	Brd8	mm9_0based	mm9_0based	mm9_0based	mm9_0based:base_row_542928	mm9_0based:chr18:34614448-34614797:.	mm9_0based:7	mm9_0based:01_circBase,02_circAtlas,03_CIRCpedia,04_CircBank,07_FL-circAS,39_CircASbase,40_CircAI	mm9_1based:ok;mm9_0based:ok	
mmu_circ_0007286	chr18	36740721	36751195	NA	Ankhd1	mm9_0based	mm9_0based	mm9_0based	mm9_0based:base_row_543985	mm9_0based:chr18:36581068-36591541:.	mm9_0based:8	mm9_0based:01_circBase,02_circAtlas,03_CIRCpedia,04_CircBank,07_FL-circAS,08_TSCD,39_CircASbase,40_CircAI	mm9_1based:ok;mm9_0based:ok	
mmu_circ_0007391	chr18	5540603	5583794	NA	Gm10125	mm9_0based	mm9_0based	mm9_0based	mm9_0based:base_row_537155	mm9_0based:chr18:5540606-5583796:.	mm9_0based:9	mm9_0based:01_circBase,02_circAtlas,03_CIRCpedia,04_CircBank,08_TSCD,36_CircAge,39_CircASbase,40_CircAI,41_m6A2Circ	mm9_1based:ok;mm9_0based:ok	
mmu_circ_0007401	chr18	5705040	5748853	NA	Zeb1	mm9_0based	mm9_0based	mm9_0based	mm9_0based:base_row_537261	mm9_0based:chr18:5705043-5748855:.	mm9_0based:9	mm9_0based:01_circBase,02_circAtlas,03_CIRCpedia,04_CircBank,07_FL-circAS,36_CircAge,39_CircASbase,40_CircAI,41_m6A2Circ	mm9_1based:ok;mm9_0based:ok	
mmu_circ_0007403	chr18	5705040	5773092	NA	Zeb1	mm9_0based	mm9_0based	mm9_0based	mm9_0based:base_row_537266	mm9_0based:chr18:5705043-5773094:.	mm9_0based:8	mm9_0based:01_circBase,02_circAtlas,04_CircBank,07_FL-circAS,08_TSCD,39_CircASbase,40_CircAI,41_m6A2Circ	mm9_1based:ok;mm9_0based:ok	
mmu_circ_0007428	chr18	62240091	62242477	NA	NA	mm9_0based	mm9_0based	mm9_0based	mm9_0based:base_row_548891	mm9_0based:chr18:62080438-62082823:.	mm9_0based:8	mm9_0based:01_circBase,02_circAtlas,04_CircBank,07_FL-circAS,08_TSCD,39_CircASbase,40_CircAI,41_m6A2Circ	mm9_1based:ok;mm9_0based:ok	
mmu_circ_0007513	chr18	75274443	75358919	NA	Dym	mm9_0based	mm9_0based	mm9_0based	mm9_0based:base_row_551735	mm9_0based:chr18:75114790-75199265:.	mm9_0based:8	mm9_0based:01_circBase,02_circAtlas,03_CIRCpedia,04_CircBank,07_FL-circAS,08_TSCD,39_CircASbase,40_CircAI	mm9_1based:ok;mm9_0based:ok	
mmu_circ_0007555	chr18	81033093	81043991	NA	Atp9b	mm9_0based	mm9_0based	mm9_0based	mm9_0based:base_row_552997	mm9_0based:chr18:80836355-80847252:.	mm9_0based:7	mm9_0based:01_circBase,02_circAtlas,03_CIRCpedia,04_CircBank,07_FL-circAS,39_CircASbase,40_CircAI	mm9_1based:ok;mm9_0based:ok	
mmu_circ_0007575	chr18	84575950	84577185	NA	Zfp407	mm9_0based	mm9_0based	mm9_0based	mm9_0based:base_row_553528	mm9_0based:chr18:84406559-84407793:.	mm9_0based:7	mm9_0based:01_circBase,02_circAtlas,04_CircBank,07_FL-circAS,08_TSCD,39_CircASbase,40_CircAI	mm9_1based:ok;mm9_0based:ok	
mmu_circ_0007581	chr18	89198283	89271160	NA	Rttn	mm9_0based	mm9_0based	mm9_0based	mm9_0based:base_row_553849	mm9_0based:chr18:89028892-89101768:.	mm9_0based:7	mm9_0based:01_circBase,02_circAtlas,03_CIRCpedia,04_CircBank,07_FL-circAS,39_CircASbase,40_CircAI	mm9_1based:ok;mm9_0based:ok	
mmu_circ_0007686	chr19	29828089	29860939	NA	9930021J03Rik	mm9_0based	mm9_0based	mm9_0based	mm9_0based:base_row_564098	mm9_0based:chr19:29753600-29786449:.	mm9_0based:8	mm9_0based:01_circBase,02_circAtlas,03_CIRCpedia,04_CircBank,07_FL-circAS,39_CircASbase,40_CircAI,41_m6A2Circ	mm9_1based:ok;mm9_0based:ok	
mmu_circ_0007714	chr19	34915246	34915599	NA	Pank1	mm9_0based	mm9_0based	mm9_0based	mm9_0based:base_row_564997	mm9_0based:chr19:34840757-34841109:.	mm9_0based:9	mm9_0based:01_circBase,02_circAtlas,03_CIRCpedia,04_CircBank,07_FL-circAS,08_TSCD,39_CircASbase,40_CircAI,41_m6A2Circ	mm9_1based:ok;mm9_0based:ok	
mmu_circ_0007728	chr19	37032862	37044528	NA	Btaf1	mm9_0based	mm9_0based	mm9_0based	mm9_0based:base_row_565527	mm9_0based:chr19:36958373-36970038:.	mm9_0based:8	mm9_0based:01_circBase,02_circAtlas,03_CIRCpedia,04_CircBank,07_FL-circAS,39_CircASbase,40_CircAI,41_m6A2Circ	mm9_1based:ok;mm9_0based:ok	
mmu_circ_0007738	chr19	37119011	37213711	NA	Cpeb3	mm9_0based	mm9_0based	mm9_0based	mm9_0based:base_row_565714	mm9_0based:chr19:37044522-37139221:.	mm9_0based:6	mm9_0based:01_circBase,02_circAtlas,03_CIRCpedia,04_CircBank,07_FL-circAS,41_m6A2Circ	mm9_1based:ok;mm9_0based:ok	
mmu_circ_0007747	chr19	37403470	37405102	NA	Ide	mm9_0based	mm9_0based	mm9_0based	mm9_0based:base_row_565925	mm9_0based:chr19:37328981-37330612:.	mm9_0based:7	mm9_0based:01_circBase,02_circAtlas,03_CIRCpedia,04_CircBank,07_FL-circAS,39_CircASbase,40_CircAI	mm9_1based:ok;mm9_0based:ok	
mmu_circ_0007753	chr19	37644872	37683595	NA	Exoc6	mm9_0based	mm9_0based	mm9_0based	mm9_0based:base_row_566017	mm9_0based:chr19:37570383-37609105:.	mm9_0based:8	mm9_0based:01_circBase,02_circAtlas,03_CIRCpedia,04_CircBank,07_FL-circAS,08_TSCD,39_CircASbase,40_CircAI	mm9_1based:ok;mm9_0based:ok	
mmu_circ_0007826	chr19	45026558	45033570	NA	Slf2	mm9_0based	mm9_0based	mm9_0based	mm9_0based:base_row_568590	mm9_0based:chr19:44952069-44959080:.	mm9_0based:7	mm9_0based:01_circBase,02_circAtlas,03_CIRCpedia,04_CircBank,07_FL-circAS,39_CircASbase,40_CircAI	mm9_1based:ok;mm9_0based:ok	
mmu_circ_0007874	chr19	48778707	48797487	NA	Sorcs3	mm9_0based	mm9_0based	mm9_0based	mm9_0based:base_row_570236	mm9_0based:chr19:48704218-48722997:.	mm9_0based:7	mm9_0based:01_circBase,02_circAtlas,03_CIRCpedia,04_CircBank,07_FL-circAS,39_CircASbase,40_CircAI	mm9_1based:ok;mm9_0based:ok	
mmu_circ_0007977	chr19	59064678	59084337	NA	Shtn1	mm9_0based	mm9_0based	mm9_0based	mm9_0based:base_row_572108	mm9_0based:chr19:58990189-59009847:.	mm9_0based:7	mm9_0based:01_circBase,02_circAtlas,03_CIRCpedia,04_CircBank,07_FL-circAS,39_CircASbase,40_CircAI	mm9_1based:ok;mm9_0based:ok	
mmu_circ_0008027	chr19	7530789	7532913	NA	Rtn3	mm9_0based	mm9_0based	mm9_0based	mm9_0based:base_row_558691	mm9_0based:chr19:7456300-7458423:.	mm9_0based:8	mm9_0based:01_circBase,02_circAtlas,03_CIRCpedia,04_CircBank,07_FL-circAS,39_CircASbase,40_CircAI,41_m6A2Circ	mm9_1based:ok;mm9_0based:ok	
mmu_circ_0008052	chr1	107588482	107593173	NA	2310035C23Rik	mm9_0based	mm9_0based	mm9_0based	mm9_0based:base_row_22527	mm9_0based:chr1:105691906-105696596:.	mm9_0based:8	mm9_0based:01_circBase,02_circAtlas,03_CIRCpedia,04_CircBank,07_FL-circAS,08_TSCD,39_CircASbase,40_CircAI	mm9_1based:ok;mm9_0based:ok	
mmu_circ_0008220	chr1	140977749	141007062	NA	Dennd1b	mm9_0based	mm9_0based	mm9_0based	mm9_0based:base_row_28869	mm9_0based:chr1:139081173-139110485:.	mm9_0based:8	mm9_0based:01_circBase,02_circAtlas,03_CIRCpedia,04_CircBank,07_FL-circAS,39_CircASbase,40_CircAI,41_m6A2Circ	mm9_1based:ok;mm9_0based:ok	
mmu_circ_0008242	chr1	145514754	145524985	NA	Cdc73	mm9_0based	mm9_0based	mm9_0based	mm9_0based:base_row_29459	mm9_0based:chr1:143667625-143677855:.	mm9_0based:8	mm9_0based:01_circBase,02_circAtlas,03_CIRCpedia,04_CircBank,07_FL-circAS,39_CircASbase,40_CircAI,41_m6A2Circ	mm9_1based:ok;mm9_0based:ok	
mmu_circ_0008272	chr1	155316729	155325319	NA	Dhx9	mm9_0based	mm9_0based	mm9_0based	mm9_0based:base_row_31027	mm9_0based:chr1:153469600-153478189:.	mm9_0based:8	mm9_0based:01_circBase,02_circAtlas,03_CIRCpedia,04_CircBank,07_FL-circAS,39_CircASbase,40_CircAI,41_m6A2Circ	mm9_1based:ok;mm9_0based:ok	
mmu_circ_0008284	chr1	157448583	157472088	NA	Acbd6	mm9_0based	mm9_0based	mm9_0based	mm9_0based:base_row_31565	mm9_0based:chr1:155601454-155624958:.	mm9_0based:8	mm9_0based:01_circBase,02_circAtlas,03_CIRCpedia,04_CircBank,07_FL-circAS,39_CircASbase,40_CircAI,41_m6A2Circ	mm9_1based:ok;mm9_0based:ok	
mmu_circ_0008321	chr1	162557345	162654320	NA	Rabgap1l	mm9_0based	mm9_0based	mm9_0based	mm9_0based:base_row_32965	mm9_0based:chr1:160627215-160724189:.	mm9_0based:7	mm9_0based:01_circBase,02_circAtlas,03_CIRCpedia,04_CircBank,07_FL-circAS,39_CircASbase,40_CircAI	mm9_1based:ok;mm9_0based:ok	
mmu_circ_0008327	chr1	162630842	162671062	NA	Rabgap1l	mm9_0based	mm9_0based	mm9_0based	mm9_0based:base_row_33011	mm9_0based:chr1:160700712-160740931:.	mm9_0based:8	mm9_0based:01_circBase,02_circAtlas,03_CIRCpedia,04_CircBank,07_FL-circAS,08_TSCD,39_CircASbase,40_CircAI	mm9_1based:ok;mm9_0based:ok	
mmu_circ_0008346	chr1	16379901	16384291	NA	Stau2	mm9_0based	mm9_0based	mm9_0based	mm9_0based:base_row_2334	mm9_0based:chr1:16389821-16394210:.	mm9_0based:8	mm9_0based:01_circBase,02_circAtlas,03_CIRCpedia,04_CircBank,07_FL-circAS,08_TSCD,39_CircASbase,40_CircAI	mm9_1based:ok;mm9_0based:ok	
mmu_circ_0008354	chr1	164216127	164243827	NA	Dnm3	mm9_0based	mm9_0based	mm9_0based	mm9_0based:base_row_33685	mm9_0based:chr1:162285997-162313696:.	mm9_0based:9	mm9_0based:01_circBase,02_circAtlas,03_CIRCpedia,04_CircBank,07_FL-circAS,08_TSCD,39_CircASbase,40_CircAI,41_m6A2Circ	mm9_1based:ok;mm9_0based:ok	
mmu_circ_0008378	chr1	167150229	167158578	NA	Tiprl	mm9_0based	mm9_0based	mm9_0based	mm9_0based:base_row_34499	mm9_0based:chr1:165220099-165228447:.	mm9_0based:8	mm9_0based:01_circBase,02_circAtlas,03_CIRCpedia,04_CircBank,07_FL-circAS,08_TSCD,39_CircASbase,40_CircAI	mm9_1based:ok;mm9_0based:ok	
mmu_circ_0008403	chr1	16993971	16994615	NA	Jph1	mm9_0based	mm9_0based	mm9_0based	mm9_0based:base_row_2518	mm9_0based:chr1:17003891-17004534:.	mm9_0based:7	mm9_0based:01_circBase,02_circAtlas,03_CIRCpedia,04_CircBank,07_FL-circAS,39_CircASbase,40_CircAI	mm9_1based:ok;mm9_0based:ok	
mmu_circ_0008423	chr1	172717476	172749563	NA	Atf6	mm9_0based	mm9_0based	mm9_0based	mm9_0based:base_row_35613	mm9_0based:chr1:170787346-170819432:.	mm9_0based:8	mm9_0based:01_circBase,02_circAtlas,03_CIRCpedia,04_CircBank,07_FL-circAS,39_CircASbase,40_CircAI,41_m6A2Circ	mm9_1based:ok;mm9_0based:ok	
mmu_circ_0008444	chr1	176512046	176542782	NA	Fmn2	mm9_0based	mm9_0based	mm9_0based	mm9_0based:base_row_36709	mm9_0based:chr1:174581916-174612651:.	mm9_0based:7	mm9_0based:01_circBase,02_circAtlas,03_CIRCpedia,04_CircBank,07_FL-circAS,39_CircASbase,40_CircAI	mm9_1based:ok;mm9_0based:ok	
mmu_circ_0008470	chr1	178761187	178808237	NA	Sdccag8	mm9_0based	mm9_0based	mm9_0based	mm9_0based:base_row_37276	mm9_0based:chr1:176831057-176878106:.	mm9_0based:8	mm9_0based:01_circBase,02_circAtlas,03_CIRCpedia,04_CircBank,07_FL-circAS,08_TSCD,39_CircASbase,40_CircAI	mm9_1based:ok;mm9_0based:ok	
mmu_circ_0008481	chr1	179027097	179039869	NA	Akt3	mm9_0based	mm9_0based	mm9_0based	mm9_0based:base_row_37525	mm9_0based:chr1:177096967-177109738:.	mm9_0based:8	mm9_0based:01_circBase,02_circAtlas,03_CIRCpedia,04_CircBank,07_FL-circAS,39_CircASbase,40_CircAI,41_m6A2Circ	mm9_1based:ok;mm9_0based:ok	
mmu_circ_0008537	chr1	187090779	187091158	NA	Rab3gap2	mm9_0based	mm9_0based	mm9_0based	mm9_0based:base_row_40351	mm9_0based:chr1:185266901-185267279:.	mm9_0based:8	mm9_0based:01_circBase,02_circAtlas,03_CIRCpedia,04_CircBank,07_FL-circAS,08_TSCD,39_CircASbase,40_CircAI	mm9_1based:ok;mm9_0based:ok	
mmu_circ_0008562	chr1	192695470	192712643	NA	Rps6kc1	mm9_0based	mm9_0based	mm9_0based	mm9_0based:base_row_41287	mm9_0based:chr1:190871592-190888764:.	mm9_0based:9	mm9_0based:01_circBase,02_circAtlas,03_CIRCpedia,04_CircBank,07_FL-circAS,08_TSCD,39_CircASbase,40_CircAI,41_m6A2Circ	mm9_1based:ok;mm9_0based:ok	
mmu_circ_0008579	chr1	196469879	196475832	NA	Plxna2	mm9_0based	mm9_0based	mm9_0based	mm9_0based:base_row_42028	mm9_0based:chr1:194643686-194649638:.	mm9_0based:8	mm9_0based:01_circBase,02_circAtlas,03_CIRCpedia,04_CircBank,07_FL-circAS,39_CircASbase,40_CircAI,41_m6A2Circ	mm9_1based:ok;mm9_0based:ok	
mmu_circ_0008589	chr1	22363424	22369621	NA	Rims1	mm9_0based	mm9_0based	mm9_0based	mm9_0based:base_row_3316	mm9_0based:chr1:22373344-22379540:.	mm9_0based:9	mm9_0based:01_circBase,02_circAtlas,03_CIRCpedia,04_CircBank,07_FL-circAS,08_TSCD,39_CircASbase,40_CircAI,41_m6A2Circ	mm9_1based:ok;mm9_0based:ok	
mmu_circ_0008644	chr1	30886687	30920100	NA	Phf3	mm9_0based	mm9_0based	mm9_0based	mm9_0based:base_row_4731	mm9_0based:chr1:30829843-30863255:.	mm9_0based:9	mm9_0based:01_circBase,02_circAtlas,03_CIRCpedia,04_CircBank,07_FL-circAS,08_TSCD,39_CircASbase,40_CircAI,41_m6A2Circ	mm9_1based:ok;mm9_0based:ok	
mmu_circ_0008742	chr1	44213781	44224727	NA	Ercc5	mm9_0based	mm9_0based	mm9_0based	mm9_0based:base_row_8134	mm9_0based:chr1:44156937-44167882:.	mm9_0based:8	mm9_0based:01_circBase,02_circAtlas,03_CIRCpedia,04_CircBank,07_FL-circAS,39_CircASbase,40_CircAI,41_m6A2Circ	mm9_1based:ok;mm9_0based:ok	
mmu_circ_0008772	chr1	52546764	52547599	NA	Nab1	mm9_0based	mm9_0based	mm9_0based	mm9_0based:base_row_9462	mm9_0based:chr1:52489921-52490755:.	mm9_0based:9	mm9_0based:01_circBase,02_circAtlas,03_CIRCpedia,04_CircBank,07_FL-circAS,08_TSCD,39_CircASbase,40_CircAI,41_m6A2Circ	mm9_1based:ok;mm9_0based:ok	
mmu_circ_0008783	chr1	53883719	53971476	NA	Hecw2	mm9_0based	mm9_0based	mm9_0based	mm9_0based:base_row_9805	mm9_0based:chr1:53826876-53914632:.	mm9_0based:7	mm9_0based:01_circBase,02_circAtlas,03_CIRCpedia,04_CircBank,07_FL-circAS,39_CircASbase,40_CircAI	mm9_1based:ok;mm9_0based:ok	
mmu_circ_0008803	chr1	55261026	55263459	NA	Rftn2	mm9_0based	mm9_0based	mm9_0based	mm9_0based:base_row_10440	mm9_0based:chr1:55204183-55206615:.	mm9_0based:7	mm9_0based:01_circBase,02_circAtlas,03_CIRCpedia,04_CircBank,07_FL-circAS,39_CircASbase,40_CircAI	mm9_1based:ok;mm9_0based:ok	
mmu_circ_0009017	chr1	84908770	84909748	NA	Slc16a14	mm9_0based	mm9_0based	mm9_0based	mm9_0based:base_row_18131	mm9_0based:chr1:84912196-84913173:.	mm9_0based:9	mm9_0based:01_circBase,02_circAtlas,03_CIRCpedia,04_CircBank,07_FL-circAS,08_TSCD,39_CircASbase,40_CircAI,41_m6A2Circ	mm9_1based:ok;mm9_0based:ok	
mmu_circ_0009062	chr1	91662880	91685899	NA	Agap1	mm9_0based	mm9_0based	mm9_0based	mm9_0based:base_row_19882	mm9_0based:chr1:89766306-89789324:.	mm9_0based:9	mm9_0based:01_circBase,02_circAtlas,03_CIRCpedia,04_CircBank,07_FL-circAS,08_TSCD,39_CircASbase,40_CircAI,41_m6A2Circ	mm9_1based:ok;mm9_0based:ok	
mmu_circ_0009063	chr1	91731008	91739818	NA	Agap1	mm9_0based	mm9_0based	mm9_0based	mm9_0based:base_row_19901	mm9_0based:chr1:89834434-89843243:.	mm9_0based:8	mm9_0based:01_circBase,02_circAtlas,03_CIRCpedia,04_CircBank,07_FL-circAS,39_CircASbase,40_CircAI,41_m6A2Circ	mm9_1based:ok;mm9_0based:ok	
mmu_circ_0009133	chr2	104041268	104054432	NA	D430041D05Rik	mm9_0based	mm9_0based	mm9_0based	mm9_0based:base_row_69467	mm9_0based:chr2:104201112-104214275:.	mm9_0based:7	mm9_0based:01_circBase,02_circAtlas,03_CIRCpedia,04_CircBank,08_TSCD,39_CircASbase,40_CircAI	mm9_1based:ok;mm9_0based:ok	
mmu_circ_0009191	chr2	113422254	113476981	NA	Fmn1	mm9_0based	mm9_0based	mm9_0based	mm9_0based:base_row_71322	mm9_0based:chr2:113582098-113636824:.	mm9_0based:8	mm9_0based:01_circBase,02_circAtlas,03_CIRCpedia,04_CircBank,07_FL-circAS,08_TSCD,39_CircASbase,40_CircAI	mm9_1based:ok;mm9_0based:ok	
mmu_circ_0009233	chr2	119728341	119729469	NA	Mga	mm9_0based	mm9_0based	mm9_0based	mm9_0based:base_row_73150	mm9_0based:chr2:119902606-119903733:.	mm9_0based:9	mm9_0based:01_circBase,02_circAtlas,03_CIRCpedia,04_CircBank,07_FL-circAS,08_TSCD,39_CircASbase,40_CircAI,41_m6A2Circ	mm9_1based:ok;mm9_0based:ok	
mmu_circ_0009262	chr2	121061308	121069832	NA	Trp53bp1	mm9_0based	mm9_0based	mm9_0based	mm9_0based:base_row_74527	mm9_0based:chr2:121235573-121244096:.	mm9_0based:9	mm9_0based:01_circBase,02_circAtlas,03_CIRCpedia,04_CircBank,07_FL-circAS,08_TSCD,39_CircASbase,40_CircAI,41_m6A2Circ	mm9_1based:ok;mm9_0based:ok	
mmu_circ_0009338	chr2	130537995	130543083	NA	4930402H24Rik	mm9_0based	mm9_0based	mm9_0based	mm9_0based:base_row_78205	mm9_0based:chr2:130712260-130717347:.	mm9_0based:7	mm9_0based:01_circBase,02_circAtlas,03_CIRCpedia,04_CircBank,07_FL-circAS,39_CircASbase,40_CircAI	mm9_1based:ok;mm9_0based:ok	
mmu_circ_0009376	chr2	135941912	135942698	NA	Pak7	mm9_0based	mm9_0based	mm9_0based	mm9_0based:base_row_79688	mm9_0based:chr2:136116177-136116962:.	mm9_0based:9	mm9_0based:01_circBase,02_circAtlas,03_CIRCpedia,04_CircBank,07_FL-circAS,08_TSCD,39_CircASbase,40_CircAI,41_m6A2Circ	mm9_1based:ok;mm9_0based:ok	
mmu_circ_0009400	chr2	142659812	142683163	NA	Kif16b	mm9_0based	mm9_0based	mm9_0based	mm9_0based:base_row_80664	mm9_0based:chr2:142834077-142857427:.	mm9_0based:7	mm9_0based:01_circBase,02_circAtlas,03_CIRCpedia,04_CircBank,07_FL-circAS,39_CircASbase,40_CircAI	mm9_1based:ok;mm9_0based:ok	
mmu_circ_0009414	chr2	146714756	146717020	NA	Kiz	mm9_0based	mm9_0based	mm9_0based	mm9_0based:base_row_81700	mm9_0based:chr2:146889021-146891284:.	mm9_0based:8	mm9_0based:01_circBase,02_circAtlas,03_CIRCpedia,04_CircBank,07_FL-circAS,39_CircASbase,40_CircAI,41_m6A2Circ	mm9_1based:ok;mm9_0based:ok	
mmu_circ_0009417	chr2	146761538	146768715	NA	Kiz	mm9_0based	mm9_0based	mm9_0based	mm9_0based:base_row_81721	mm9_0based:chr2:146935803-146942979:.	mm9_0based:7	mm9_0based:01_circBase,02_circAtlas,03_CIRCpedia,04_CircBank,07_FL-circAS,39_CircASbase,40_CircAI	mm9_1based:ok;mm9_0based:ok	
mmu_circ_0009525	chr2	160495835	160531057	NA	Top1	mm9_0based	mm9_0based	mm9_0based	mm9_0based:base_row_86301	mm9_0based:chr2:160670100-160705321:.	mm9_0based:7	mm9_0based:01_circBase,02_circAtlas,03_CIRCpedia,04_CircBank,39_CircASbase,40_CircAI,41_m6A2Circ	mm9_1based:ok;mm9_0based:ok	
mmu_circ_0009591	chr2	166711278	166719118	NA	Arfgef2	mm9_0based	mm9_0based	mm9_0based	mm9_0based:base_row_88525	mm9_0based:chr2:166885779-166893618:.	mm9_0based:7	mm9_0based:01_circBase,02_circAtlas,03_CIRCpedia,04_CircBank,07_FL-circAS,39_CircASbase,40_CircAI	mm9_1based:ok;mm9_0based:ok	
mmu_circ_0009604	chr2	167332546	167336826	NA	Rnf114	mm9_0based	mm9_0based	mm9_0based	mm9_0based:base_row_89004	mm9_0based:chr2:167507047-167511326:.	mm9_0based:8	mm9_0based:01_circBase,02_circAtlas,03_CIRCpedia,04_CircBank,07_FL-circAS,39_CircASbase,40_CircAI,41_m6A2Circ	mm9_1based:ok;mm9_0based:ok	
mmu_circ_0009605	chr2	167336375	167336826	NA	Rnf114	mm9_0based	mm9_0based	mm9_0based	mm9_0based:base_row_89014	mm9_0based:chr2:167510876-167511326:.	mm9_0based:8	mm9_0based:01_circBase,02_circAtlas,03_CIRCpedia,04_CircBank,07_FL-circAS,39_CircASbase,40_CircAI,41_m6A2Circ	mm9_1based:ok;mm9_0based:ok	
mmu_circ_0009643	chr2	178017714	178037543	NA	Phactr3	mm9_0based	mm9_0based	mm9_0based	mm9_0based:base_row_90278	mm9_0based:chr2:178283010-178302838:.	mm9_0based:8	mm9_0based:01_circBase,02_circAtlas,03_CIRCpedia,04_CircBank,07_FL-circAS,39_CircASbase,40_CircAI,41_m6A2Circ	mm9_1based:ok;mm9_0based:ok	
mmu_circ_0009698	chr2	18206249	18215671	NA	Dnajc1	mm9_0based	mm9_0based	mm9_0based	mm9_0based:base_row_45707	mm9_0based:chr2:18284623-18294044:.	mm9_0based:9	mm9_0based:01_circBase,02_circAtlas,03_CIRCpedia,04_CircBank,07_FL-circAS,08_TSCD,39_CircASbase,40_CircAI,41_m6A2Circ	mm9_1based:ok;mm9_0based:ok	
mmu_circ_0009699	chr2	18206249	18238627	NA	Dnajc1	mm9_0based	mm9_0based	mm9_0based	mm9_0based:base_row_45716	mm9_0based:chr2:18284623-18317000:.	mm9_0based:8	mm9_0based:01_circBase,02_circAtlas,03_CIRCpedia,04_CircBank,07_FL-circAS,39_CircASbase,40_CircAI,41_m6A2Circ	mm9_1based:ok;mm9_0based:ok	
mmu_circ_0009700	chr2	18215580	18238627	NA	Dnajc1	mm9_0based	mm9_0based	mm9_0based	mm9_0based:base_row_45728	mm9_0based:chr2:18293954-18317000:.	mm9_0based:7	mm9_0based:01_circBase,02_circAtlas,03_CIRCpedia,04_CircBank,07_FL-circAS,39_CircASbase,40_CircAI	mm9_1based:ok;mm9_0based:ok	
mmu_circ_0009701	chr2	18228599	18238627	NA	Dnajc1	mm9_0based	mm9_0based	mm9_0based	mm9_0based:base_row_45736	mm9_0based:chr2:18306973-18317000:.	mm9_0based:7	mm9_0based:01_circBase,02_circAtlas,03_CIRCpedia,04_CircBank,07_FL-circAS,39_CircASbase,40_CircAI	mm9_1based:ok;mm9_0based:ok	
mmu_circ_0009703	chr2	18827855	18829779	NA	Pip4k2a	mm9_0based	mm9_0based	mm9_0based	mm9_0based:base_row_45859	mm9_0based:chr2:18906229-18908152:.	mm9_0based:8	mm9_0based:01_circBase,02_circAtlas,03_CIRCpedia,04_CircBank,07_FL-circAS,08_TSCD,39_CircASbase,40_CircAI	mm9_1based:ok;mm9_0based:ok	
mmu_circ_0009704	chr2	18827855	18833155	NA	Pip4k2a	mm9_0based	mm9_0based	mm9_0based	mm9_0based:base_row_45860	mm9_0based:chr2:18906229-18911528:.	mm9_0based:5	mm9_0based:01_circBase,02_circAtlas,04_CircBank,07_FL-circAS,08_TSCD	mm9_1based:ok;mm9_0based:ok	
mmu_circ_0009708	chr2	20781507	20782734	NA	Arhgap21	mm9_0based	mm9_0based	mm9_0based	mm9_0based:base_row_46168	mm9_0based:chr2:20859881-20861107:.	mm9_0based:8	mm9_0based:01_circBase,02_circAtlas,03_CIRCpedia,04_CircBank,07_FL-circAS,39_CircASbase,40_CircAI,41_m6A2Circ	mm9_1based:ok;mm9_0based:ok	
mmu_circ_0009889	chr2	34287522	34299926	NA	Mapkap1	mm9_0based	mm9_0based	mm9_0based	mm9_0based:base_row_52907	mm9_0based:chr2:34432003-34444406:.	mm9_0based:8	mm9_0based:01_circBase,02_circAtlas,03_CIRCpedia,04_CircBank,07_FL-circAS,39_CircASbase,40_CircAI,41_m6A2Circ	mm9_1based:ok;mm9_0based:ok	
mmu_circ_0009920	chr2	37324896	37330986	NA	Rabgap1	mm9_0based	mm9_0based	mm9_0based	mm9_0based:base_row_54062	mm9_0based:chr2:37469377-37475466:.	mm9_0based:8	mm9_0based:01_circBase,02_circAtlas,03_CIRCpedia,04_CircBank,07_FL-circAS,39_CircASbase,40_CircAI,41_m6A2Circ	mm9_1based:ok;mm9_0based:ok	
mmu_circ_0009963	chr2	40966273	40979253	NA	Lrp1b	mm9_0based	mm9_0based	mm9_0based	mm9_0based:base_row_55335	mm9_0based:chr2:41110754-41123733:.	mm9_0based:9	mm9_0based:01_circBase,02_circAtlas,03_CIRCpedia,04_CircBank,07_FL-circAS,08_TSCD,39_CircASbase,40_CircAI,41_m6A2Circ	mm9_1based:ok;mm9_0based:ok	
mmu_circ_0010052	chr2	59745495	59770227	NA	Baz2b	mm9_0based	mm9_0based	mm9_0based	mm9_0based:base_row_58296	mm9_0based:chr2:59907439-59932170:.	mm9_0based:9	mm9_0based:01_circBase,02_circAtlas,03_CIRCpedia,04_CircBank,07_FL-circAS,08_TSCD,39_CircASbase,40_CircAI,41_m6A2Circ	mm9_1based:ok;mm9_0based:ok	
mmu_circ_0010151	chr2	70588491	70625052	NA	Tlk1	mm9_0based	mm9_0based	mm9_0based	mm9_0based:base_row_61368	mm9_0based:chr2:70750435-70786995:.	mm9_0based:7	mm9_0based:01_circBase,02_circAtlas,03_CIRCpedia,04_CircBank,07_FL-circAS,39_CircASbase,40_CircAI	mm9_1based:ok;mm9_0based:ok	
mmu_circ_0010217	chr2	84442484	84443909	NA	Ctnnd1	mm9_0based	mm9_0based	mm9_0based	mm9_0based:base_row_65809	mm9_0based:chr2:84602328-84603752:.	mm9_0based:8	mm9_0based:01_circBase,02_circAtlas,04_CircBank,07_FL-circAS,08_TSCD,39_CircASbase,40_CircAI,41_m6A2Circ	mm9_1based:ok;mm9_0based:ok	
mmu_circ_0010255	chr2	91645180	91650366	NA	Ambra1	mm9_0based	mm9_0based	mm9_0based	mm9_0based:base_row_67471	mm9_0based:chr2:91805024-91810209:.	mm9_0based:7	mm9_0based:01_circBase,02_circAtlas,03_CIRCpedia,04_CircBank,07_FL-circAS,39_CircASbase,40_CircAI	mm9_1based:ok;mm9_0based:ok	
mmu_circ_0010450	chr3	126741664	126760009	NA	Ank2	mm9_0based	mm9_0based	mm9_0based	mm9_0based:base_row_114092	mm9_0based:chr3:127038747-127057091:.	mm9_0based:8	mm9_0based:01_circBase,02_circAtlas,03_CIRCpedia,04_CircBank,07_FL-circAS,08_TSCD,39_CircASbase,40_CircAI	mm9_1based:ok;mm9_0based:ok	
mmu_circ_0010497	chr3	141340950	141396905	NA	Unc5c	mm9_0based	mm9_0based	mm9_0based	mm9_0based:base_row_116486	mm9_0based:chr3:141677987-141733941:.	mm9_0based:8	mm9_0based:01_circBase,02_circAtlas,03_CIRCpedia,04_CircBank,07_FL-circAS,39_CircASbase,40_CircAI,41_m6A2Circ	mm9_1based:ok;mm9_0based:ok	
mmu_circ_0010511	chr3	14545495	14559391	NA	Lrrcc1	ambiguous	mm10_0based,mm9_0based		mm10_0based:base_row_92308;mm9_0based:base_row_92308	mm10_0based:chr3:14545496-14559391:.;mm9_0based:chr3:14545496-14559391:.	mm10_0based:6;mm9_0based:6	mm10_0based:01_circBase,02_circAtlas,03_CIRCpedia,04_CircBank,39_CircASbase,40_CircAI;mm9_0based:01_circBase,02_circAtlas,03_CIRCpedia,04_CircBank,39_CircASbase,40_CircAI	mm9_1based:ok;mm9_0based:ok	
mmu_circ_0010566	chr3	157767391	157811663	NA	Lrrc7	mm9_0based	mm9_0based	mm9_0based	mm9_0based:base_row_119319	mm9_0based:chr3:158104428-158148699:.	mm9_0based:8	mm9_0based:01_circBase,02_circAtlas,03_CIRCpedia,04_CircBank,07_FL-circAS,08_TSCD,39_CircASbase,40_CircAI	mm9_1based:ok;mm9_0based:ok	
mmu_circ_0010613	chr3	28453849	28476495	NA	Tnik	mm9_0based	mm9_0based	mm9_0based	mm9_0based:base_row_93832	mm9_0based:chr3:28554928-28577573:.	mm9_0based:9	mm9_0based:01_circBase,02_circAtlas,03_CIRCpedia,04_CircBank,07_FL-circAS,08_TSCD,39_CircASbase,40_CircAI,41_m6A2Circ	mm9_1based:ok;mm9_0based:ok	
mmu_circ_0010646	chr3	35708278	35738136	NA	Atp11b	mm9_0based	mm9_0based	mm9_0based	mm9_0based:base_row_95367	mm9_0based:chr3:35809357-35839214:.	mm9_0based:8	mm9_0based:01_circBase,02_circAtlas,03_CIRCpedia,04_CircBank,07_FL-circAS,39_CircASbase,40_CircAI,41_m6A2Circ	mm9_1based:ok;mm9_0based:ok	
mmu_circ_0010715	chr3	55823287	55862752	NA	Nbea	mm9_0based	mm9_0based	mm9_0based	mm9_0based:base_row_98499	mm9_0based:chr3:56019366-56058830:.	mm9_0based:7	mm9_0based:01_circBase,02_circAtlas,03_CIRCpedia,04_CircBank,07_FL-circAS,39_CircASbase,40_CircAI	mm9_1based:ok;mm9_0based:ok	
mmu_circ_0010762	chr3	66798438	66811567	NA	Rsrc1	mm9_0based	mm9_0based	mm9_0based	mm9_0based:base_row_100138	mm9_0based:chr3:66994517-67007645:.	mm9_0based:6	mm9_0based:01_circBase,02_circAtlas,04_CircBank,07_FL-circAS,39_CircASbase,40_CircAI	mm9_1based:ok;mm9_0based:ok	
mmu_circ_0010786	chr3	75162268	75186001	NA	NA	mm9_0based	mm9_0based	mm9_0based	mm9_0based:base_row_101135	mm9_0based:chr3:75358347-75382079:.	mm9_0based:7	mm9_0based:01_circBase,02_circAtlas,03_CIRCpedia,04_CircBank,07_FL-circAS,39_CircASbase,40_CircAI	mm9_1based:ok;mm9_0based:ok	
mmu_circ_0010877	chr3	88811063	88811799	NA	Ash1l	mm9_0based	mm9_0based	mm9_0based	mm9_0based:base_row_104670	mm9_0based:chr3:89007142-89007877:.	mm9_0based:8	mm9_0based:01_circBase,02_circAtlas,03_CIRCpedia,04_CircBank,07_FL-circAS,08_TSCD,39_CircASbase,40_CircAI	mm9_1based:ok;mm9_0based:ok	
mmu_circ_0010914	chr3	90145577	90145916	NA	Gatad2b	mm9_0based	mm9_0based	mm9_0based	mm9_0based:base_row_105789	mm9_0based:chr3:90341656-90341994:.	mm9_0based:8	mm9_0based:01_circBase,02_circAtlas,03_CIRCpedia,04_CircBank,07_FL-circAS,39_CircASbase,40_CircAI,41_m6A2Circ	mm9_1based:ok;mm9_0based:ok	
mmu_circ_0011055	chr4	109034274	109052634	NA	Eps15	mm9_0based	mm9_0based	mm9_0based	mm9_0based:base_row_137380	mm9_0based:chr4:109361670-109380029:.	mm9_0based:8	mm9_0based:01_circBase,02_circAtlas,03_CIRCpedia,04_CircBank,07_FL-circAS,39_CircASbase,40_CircAI,41_m6A2Circ	mm9_1based:ok;mm9_0based:ok	
mmu_circ_0011075	chr4	115928772	115959604	NA	Pik3r3	mm9_0based	mm9_0based	mm9_0based	mm9_0based:base_row_138355	mm9_0based:chr4:116256168-116286999:.	mm9_0based:7	mm9_0based:01_circBase,02_circAtlas,03_CIRCpedia,04_CircBank,07_FL-circAS,39_CircASbase,40_CircAI	mm9_1based:ok;mm9_0based:ok	
mmu_circ_0011091	chr4	117255204	117322011	NA	Eri3	mm9_0based	mm9_0based	mm9_0based	mm9_0based:base_row_139093	mm9_0based:chr4:117582600-117649406:.	mm9_0based:7	mm9_0based:01_circBase,02_circAtlas,03_CIRCpedia,04_CircBank,07_FL-circAS,39_CircASbase,40_CircAI	mm9_1based:ok;mm9_0based:ok	
mmu_circ_0011125	chr4	120654731	120657933	NA	Smap2	mm9_0based	mm9_0based	mm9_0based	mm9_0based:base_row_140182	mm9_0based:chr4:120982127-120985328:.	mm9_0based:8	mm9_0based:01_circBase,02_circAtlas,03_CIRCpedia,04_CircBank,07_FL-circAS,39_CircASbase,40_CircAI,41_m6A2Circ	mm9_1based:ok;mm9_0based:ok	
mmu_circ_0011141	chr4	124233287	124234627	NA	NA	mm9_0based	mm9_0based	mm9_0based	mm9_0based:base_row_141115	mm9_0based:chr4:124556045-124557384:.	mm9_0based:5	mm9_0based:01_circBase,02_circAtlas,04_CircBank,07_FL-circAS,08_TSCD	mm9_1based:ok;mm9_0based:ok	
mmu_circ_0011143	chr4	124359436	124361099	NA	Utp11	mm9_0based	mm9_0based	mm9_0based	mm9_0based:base_row_141160	mm9_0based:chr4:124682193-124683855:.	mm9_0based:7	mm9_0based:01_circBase,02_circAtlas,03_CIRCpedia,04_CircBank,07_FL-circAS,39_CircASbase,40_CircAI	mm9_1based:ok;mm9_0based:ok	
mmu_circ_0011199	chr4	127973638	128015941	NA	Csmd2	mm9_0based	mm9_0based	mm9_0based	mm9_0based:base_row_142760	mm9_0based:chr4:128296395-128338697:.	mm9_0based:9	mm9_0based:01_circBase,02_circAtlas,03_CIRCpedia,04_CircBank,07_FL-circAS,08_TSCD,39_CircASbase,40_CircAI,41_m6A2Circ	mm9_1based:ok;mm9_0based:ok	
mmu_circ_0011237	chr4	130004436	130015828	NA	Zcchc17	mm9_0based	mm9_0based	mm9_0based	mm9_0based:base_row_143772	mm9_0based:chr4:130327193-130338584:.	mm9_0based:8	mm9_0based:01_circBase,02_circAtlas,03_CIRCpedia,04_CircBank,07_FL-circAS,39_CircASbase,40_CircAI,41_m6A2Circ	mm9_1based:ok;mm9_0based:ok	
mmu_circ_0011253	chr4	130283912	130286463	NA	Pum1	mm9_0based	mm9_0based	mm9_0based	mm9_0based:base_row_143965	mm9_0based:chr4:130727998-130730548:.	mm9_0based:9	mm9_0based:01_circBase,02_circAtlas,03_CIRCpedia,04_CircBank,07_FL-circAS,08_TSCD,39_CircASbase,40_CircAI,41_m6A2Circ	mm9_1based:ok;mm9_0based:ok	
mmu_circ_0011333	chr4	137638807	137640285	NA	Eif4g3	mm9_0based	mm9_0based	mm9_0based	mm9_0based:base_row_147347	mm9_0based:chr4:138082893-138084370:.	mm9_0based:8	mm9_0based:01_circBase,02_circAtlas,03_CIRCpedia,04_CircBank,07_FL-circAS,39_CircASbase,40_CircAI,41_m6A2Circ	mm9_1based:ok;mm9_0based:ok	
mmu_circ_0011384	chr4	141966371	141967531	NA	NA	mm9_0based	mm9_0based	mm9_0based	mm9_0based:base_row_149231	mm9_0based:chr4:142410457-142411616:.	mm9_0based:8	mm9_0based:01_circBase,02_circAtlas,04_CircBank,07_FL-circAS,08_TSCD,39_CircASbase,40_CircAI,41_m6A2Circ	mm9_1based:ok;mm9_0based:ok	
mmu_circ_0011422	chr4	148596335	148597517	NA	Kif1b	mm9_0based	mm9_0based	mm9_0based	mm9_0based:base_row_150804	mm9_0based:chr4:149222227-149223408:.	mm9_0based:7	mm9_0based:01_circBase,02_circAtlas,03_CIRCpedia,04_CircBank,07_FL-circAS,39_CircASbase,40_CircAI	mm9_1based:ok;mm9_0based:ok	
mmu_circ_0011439	chr4	149794746	149813577	NA	Rere	mm9_0based	mm9_0based	mm9_0based	mm9_0based:base_row_151589	mm9_0based:chr4:150420638-150439468:.	mm9_0based:6	mm9_0based:01_circBase,02_circAtlas,04_CircBank,07_FL-circAS,39_CircASbase,40_CircAI	mm9_1based:ok;mm9_0based:ok	
mmu_circ_0011482	chr4	153394015	153394325	NA	Lrrc47	mm9_0based	mm9_0based	mm9_0based	mm9_0based:base_row_152804	mm9_0based:chr4:154019907-154020216:.	mm9_0based:2	mm9_0based:01_circBase,04_CircBank	mm9_1based:ok;mm9_0based:ok	
mmu_circ_0011763	chr4	71830125	71831804	NA	Tle1	mm9_0based	mm9_0based	mm9_0based	mm9_0based:base_row_129584	mm9_0based:chr4:72169092-72170770:.	mm9_0based:7	mm9_0based:01_circBase,02_circAtlas,03_CIRCpedia,04_CircBank,07_FL-circAS,39_CircASbase,40_CircAI	mm9_1based:ok;mm9_0based:ok	
mmu_circ_0011774	chr4	75644404	75705733	NA	Ptprd	mm9_0based	mm9_0based	mm9_0based	mm9_0based:base_row_129982	mm9_0based:chr4:75998501-76059829:.	mm9_0based:7	mm9_0based:01_circBase,02_circAtlas,03_CIRCpedia,04_CircBank,07_FL-circAS,39_CircASbase,40_CircAI	mm9_1based:ok;mm9_0based:ok	
mmu_circ_0011807	chr4	84617034	84713784	NA	Cntln	mm9_0based	mm9_0based	mm9_0based	mm9_0based:base_row_131328	mm9_0based:chr4:84971131-85067880:.	mm9_0based:7	mm9_0based:01_circBase,02_circAtlas,03_CIRCpedia,04_CircBank,39_CircASbase,40_CircAI,41_m6A2Circ	mm9_1based:ok;mm9_0based:ok	
mmu_circ_0011812	chr4	8505101	8509640	NA	Rab2a	mm9_0based	mm9_0based	mm9_0based	mm9_0based:base_row_120011	mm9_0based:chr4:8577955-8582493:.	mm9_0based:9	mm9_0based:01_circBase,02_circAtlas,03_CIRCpedia,04_CircBank,07_FL-circAS,36_CircAge,39_CircASbase,40_CircAI,41_m6A2Circ	mm9_1based:ok;mm9_0based:ok	
mmu_circ_0011828	chr4	87419383	87439915	NA	Mllt3	mm9_0based	mm9_0based	mm9_0based	mm9_0based:base_row_132082	mm9_0based:chr4:87773480-87794011:.	mm9_0based:6	mm9_0based:01_circBase,02_circAtlas,04_CircBank,07_FL-circAS,39_CircASbase,40_CircAI	mm9_1based:ok;mm9_0based:ok	
mmu_circ_0011845	chr4	87920001	87955817	NA	Focad	mm9_0based	mm9_0based	mm9_0based	mm9_0based:base_row_132345	mm9_0based:chr4:88274098-88309913:.	mm9_0based:8	mm9_0based:01_circBase,02_circAtlas,03_CIRCpedia,04_CircBank,07_FL-circAS,39_CircASbase,40_CircAI,41_m6A2Circ	mm9_1based:ok;mm9_0based:ok	
mmu_circ_0011905	chr4	98879267	98901877	NA	Atg4c	mm9_0based	mm9_0based	mm9_0based	mm9_0based:base_row_134118	mm9_0based:chr4:99212577-99235186:.	mm9_0based:8	mm9_0based:01_circBase,02_circAtlas,03_CIRCpedia,04_CircBank,07_FL-circAS,39_CircASbase,40_CircAI,41_m6A2Circ	mm9_1based:ok;mm9_0based:ok	
mmu_circ_0011941	chr5	104303221	104305308	NA	Klhl8	mm9_0based	mm9_0based	mm9_0based	mm9_0based:base_row_175323	mm9_0based:chr5:103874203-103876289:.	mm9_0based:7	mm9_0based:01_circBase,02_circAtlas,03_CIRCpedia,04_CircBank,07_FL-circAS,39_CircASbase,40_CircAI	mm9_1based:ok;mm9_0based:ok	
mmu_circ_0011955	chr5	106320136	106325622	NA	Zfp326	mm9_0based	mm9_0based	mm9_0based	mm9_0based:base_row_175799	mm9_0based:chr5:105891118-105896603:.	mm9_0based:9	mm9_0based:01_circBase,02_circAtlas,03_CIRCpedia,04_CircBank,07_FL-circAS,08_TSCD,39_CircASbase,40_CircAI,41_m6A2Circ	mm9_1based:ok;mm9_0based:ok	
mmu_circ_0011968	chr5	108502325	108523267	NA	Mtf2	mm9_0based	mm9_0based	mm9_0based	mm9_0based:base_row_176553	mm9_0based:chr5:108073307-108094248:.	mm9_0based:8	mm9_0based:01_circBase,02_circAtlas,03_CIRCpedia,04_CircBank,07_FL-circAS,08_TSCD,39_CircASbase,40_CircAI	mm9_1based:ok;mm9_0based:ok	
mmu_circ_0011985	chr5	110694530	110696284	NA	Pgam5	mm9_0based	mm9_0based	mm9_0based	mm9_0based:base_row_177267;mm9_0based:base_row_177268	mm9_0based:chr5:110265512-110267265:.;mm9_0based:chr5:110265512-110267265:.	mm9_0based:8	mm9_0based:01_circBase,02_circAtlas,03_CIRCpedia,04_CircBank,07_FL-circAS,39_CircASbase,40_CircAI,41_m6A2Circ	mm9_1based:ok;mm9_0based:ok	
mmu_circ_0012058	chr5	121708707	121716414	NA	Hectd4	mm9_0based	mm9_0based	mm9_0based	mm9_0based:base_row_180921	mm9_0based:chr5:121258699-121266405:.	mm9_0based:9	mm9_0based:01_circBase,02_circAtlas,03_CIRCpedia,04_CircBank,07_FL-circAS,08_TSCD,39_CircASbase,40_CircAI,41_m6A2Circ	mm9_1based:ok;mm9_0based:ok	
mmu_circ_0012115	chr5	124372188	124374856	NA	Denr	mm9_0based	mm9_0based	mm9_0based	mm9_0based:base_row_183453	mm9_0based:chr5:123922180-123924847:.	mm9_0based:8	mm9_0based:01_circBase,02_circAtlas,03_CIRCpedia,04_CircBank,07_FL-circAS,39_CircASbase,40_CircAI,41_m6A2Circ	mm9_1based:ok;mm9_0based:ok	
mmu_circ_0012233	chr5	139057793	139058282	NA	Zfp68	mm9_0based	mm9_0based	mm9_0based	mm9_0based:base_row_188634	mm9_0based:chr5:138616566-138617054:.	mm9_0based:6	mm9_0based:01_circBase,02_circAtlas,03_CIRCpedia,04_CircBank,07_FL-circAS,08_TSCD	mm9_1based:ok;mm9_0based:ok	
mmu_circ_0012256	chr5	142058246	142089194	NA	Sdk1	mm9_0based	mm9_0based	mm9_0based	mm9_0based:base_row_189542	mm9_0based:chr5:141582293-141613240:.	mm9_0based:9	mm9_0based:01_circBase,02_circAtlas,03_CIRCpedia,04_CircBank,07_FL-circAS,08_TSCD,39_CircASbase,40_CircAI,41_m6A2Circ	mm9_1based:ok;mm9_0based:ok	
mmu_circ_0012310	chr5	14539409	14540801	NA	Pclo	ambiguous	mm10_0based,mm9_0based		mm10_0based:base_row_155909;mm9_0based:base_row_155909	mm10_0based:chr5:14539410-14540801:.;mm9_0based:chr5:14539410-14540801:.	mm10_0based:9;mm9_0based:9	mm10_0based:01_circBase,02_circAtlas,03_CIRCpedia,04_CircBank,07_FL-circAS,08_TSCD,39_CircASbase,40_CircAI,41_m6A2Circ;mm9_0based:01_circBase,02_circAtlas,03_CIRCpedia,04_CircBank,07_FL-circAS,08_TSCD,39_CircASbase,40_CircAI,41_m6A2Circ	mm9_1based:ok;mm9_0based:ok	
mmu_circ_0012334	chr5	147263446	147267237	NA	Wasf3	mm9_0based	mm9_0based	mm9_0based	mm9_0based:base_row_191587	mm9_0based:chr5:146451871-146455661:.	mm9_0based:8	mm9_0based:01_circBase,02_circAtlas,03_CIRCpedia,04_CircBank,07_FL-circAS,08_TSCD,39_CircASbase,40_CircAI	mm9_1based:ok;mm9_0based:ok	
mmu_circ_0012339	chr5	147563270	147566175	NA	Usp12	mm9_0based	mm9_0based	mm9_0based	mm9_0based:base_row_191661	mm9_0based:chr5:146751695-146754599:.	mm9_0based:9	mm9_0based:01_circBase,02_circAtlas,03_CIRCpedia,04_CircBank,07_FL-circAS,08_TSCD,39_CircASbase,40_CircAI,41_m6A2Circ	mm9_1based:ok;mm9_0based:ok	
mmu_circ_0012340	chr5	147563270	147574990	NA	Usp12	mm9_0based	mm9_0based	mm9_0based	mm9_0based:base_row_191663	mm9_0based:chr5:146751695-146763414:.	mm9_0based:8	mm9_0based:01_circBase,02_circAtlas,03_CIRCpedia,04_CircBank,07_FL-circAS,39_CircASbase,40_CircAI,41_m6A2Circ	mm9_1based:ok;mm9_0based:ok	
mmu_circ_0012346	chr5	148299686	148342883	NA	Pan3	mm9_0based	mm9_0based	mm9_0based	mm9_0based:base_row_191865	mm9_0based:chr5:147488111-147531307:.	mm9_0based:8	mm9_0based:01_circBase,02_circAtlas,03_CIRCpedia,04_CircBank,07_FL-circAS,39_CircASbase,40_CircAI,41_m6A2Circ	mm9_1based:ok;mm9_0based:ok	
mmu_circ_0012347	chr5	148331080	148342883	NA	Pan3	mm9_0based	mm9_0based	mm9_0based	mm9_0based:base_row_191898	mm9_0based:chr5:147519505-147531307:.	mm9_0based:8	mm9_0based:01_circBase,02_circAtlas,03_CIRCpedia,04_CircBank,07_FL-circAS,39_CircASbase,40_CircAI,41_m6A2Circ	mm9_1based:ok;mm9_0based:ok	
mmu_circ_0012374	chr5	151449575	151450123	NA	N4bp2l2	mm9_0based	mm9_0based	mm9_0based	mm9_0based:base_row_192892	mm9_0based:chr5:150647001-150647548:.	mm9_0based:8	mm9_0based:01_circBase,02_circAtlas,03_CIRCpedia,04_CircBank,07_FL-circAS,08_TSCD,39_CircASbase,40_CircAI	mm9_1based:ok;mm9_0based:ok	
mmu_circ_0012379	chr5	151556962	151563709	NA	Pds5b	mm9_0based	mm9_0based	mm9_0based	mm9_0based:base_row_192999	mm9_0based:chr5:150754388-150761134:.	mm9_0based:9	mm9_0based:01_circBase,02_circAtlas,03_CIRCpedia,04_CircBank,07_FL-circAS,08_TSCD,39_CircASbase,40_CircAI,41_m6A2Circ	mm9_1based:ok;mm9_0based:ok	
mmu_circ_0012399	chr5	19721136	19734269	NA	Magi2	mm9_0based	mm9_0based	mm9_0based	mm9_0based:base_row_156801	mm9_0based:chr5:20215319-20228451:.	mm9_0based:8	mm9_0based:01_circBase,02_circAtlas,03_CIRCpedia,04_CircBank,07_FL-circAS,39_CircASbase,40_CircAI,41_m6A2Circ	mm9_1based:ok;mm9_0based:ok	
mmu_circ_0012540	chr5	32203427	32208741	NA	Babam2	mm9_0based	mm9_0based	mm9_0based	mm9_0based:base_row_161384	mm9_0based:chr5:31901055-31906368:.	mm9_0based:6	mm9_0based:01_circBase,02_circAtlas,04_CircBank,07_FL-circAS,39_CircASbase,40_CircAI	mm9_1based:ok;mm9_0based:ok	
mmu_circ_0012569	chr5	34753229	34787562	NA	Fam193a	mm9_0based	mm9_0based	mm9_0based	mm9_0based:base_row_162561	mm9_0based:chr5:34410581-34444913:.	mm9_0based:8	mm9_0based:01_circBase,02_circAtlas,03_CIRCpedia,04_CircBank,07_FL-circAS,39_CircASbase,40_CircAI,41_m6A2Circ	mm9_1based:ok;mm9_0based:ok	
mmu_circ_0012613	chr5	3722545	3772787	NA	Ankib1	ambiguous	mm10_0based,mm9_0based		mm10_0based:base_row_154169;mm9_0based:base_row_154169	mm10_0based:chr5:3722546-3772787:.;mm9_0based:chr5:3722546-3772787:.	mm10_0based:9;mm9_0based:9	mm10_0based:01_circBase,02_circAtlas,03_CIRCpedia,04_CircBank,07_FL-circAS,21_CircTarget,39_CircASbase,40_CircAI,41_m6A2Circ;mm9_0based:01_circBase,02_circAtlas,03_CIRCpedia,04_CircBank,07_FL-circAS,21_CircTarget,39_CircASbase,40_CircAI,41_m6A2Circ	mm9_1based:ok;mm9_0based:ok	
mmu_circ_0012617	chr5	3747020	3780509	NA	Ankib1	ambiguous	mm10_0based,mm9_0based		mm10_0based:base_row_154200;mm9_0based:base_row_154200	mm10_0based:chr5:3747021-3780509:.;mm9_0based:chr5:3747021-3780509:.	mm10_0based:8;mm9_0based:8	mm10_0based:01_circBase,02_circAtlas,04_CircBank,07_FL-circAS,08_TSCD,39_CircASbase,40_CircAI,41_m6A2Circ;mm9_0based:01_circBase,02_circAtlas,04_CircBank,07_FL-circAS,08_TSCD,39_CircASbase,40_CircAI,41_m6A2Circ	mm9_1based:ok;mm9_0based:ok	
mmu_circ_0012647	chr5	43557157	43582643	NA	NA	mm9_0based	mm9_0based	mm9_0based	mm9_0based:base_row_164461	mm9_0based:chr5:43165919-43191404:.	mm9_0based:8	mm9_0based:01_circBase,02_circAtlas,03_CIRCpedia,04_CircBank,07_FL-circAS,08_TSCD,39_CircASbase,40_CircAI	mm9_1based:ok;mm9_0based:ok	
mmu_circ_0012706	chr5	54493813	54502349	NA	Stim2	mm9_0based	mm9_0based	mm9_0based	mm9_0based:base_row_166580	mm9_0based:chr5:54102575-54111110:.	mm9_0based:8	mm9_0based:01_circBase,02_circAtlas,03_CIRCpedia,04_CircBank,07_FL-circAS,39_CircASbase,40_CircAI,41_m6A2Circ	mm9_1based:ok;mm9_0based:ok	
mmu_circ_0012733	chr5	66753956	66783574	NA	Apbb2	mm9_0based	mm9_0based	mm9_0based	mm9_0based:base_row_167997	mm9_0based:chr5:66362718-66392335:.	mm9_0based:9	mm9_0based:01_circBase,02_circAtlas,03_CIRCpedia,04_CircBank,07_FL-circAS,08_TSCD,39_CircASbase,40_CircAI,41_m6A2Circ	mm9_1based:ok;mm9_0based:ok	
mmu_circ_0012755	chr5	72015093	72033565	NA	Gabra4	mm9_0based	mm9_0based	mm9_0based	mm9_0based:base_row_168897	mm9_0based:chr5:71623855-71642326:.	mm9_0based:8	mm9_0based:01_circBase,02_circAtlas,03_CIRCpedia,04_CircBank,07_FL-circAS,08_TSCD,39_CircASbase,40_CircAI	mm9_1based:ok;mm9_0based:ok	
mmu_circ_0012756	chr5	72151622	72155948	NA	Gabrb1	mm9_0based	mm9_0based	mm9_0based	mm9_0based:base_row_168918	mm9_0based:chr5:71760384-71764709:.	mm9_0based:5	mm9_0based:01_circBase,02_circAtlas,04_CircBank,39_CircASbase,40_CircAI	mm9_1based:ok;mm9_0based:ok	
mmu_circ_0012780	chr5	74941436	74953174	NA	Fip1l1	mm9_0based	mm9_0based	mm9_0based	mm9_0based:base_row_169732	mm9_0based:chr5:74545412-74557149:.	mm9_0based:8	mm9_0based:01_circBase,02_circAtlas,03_CIRCpedia,04_CircBank,07_FL-circAS,08_TSCD,39_CircASbase,40_CircAI	mm9_1based:ok;mm9_0based:ok	
mmu_circ_0012787	chr5	76694815	76703068	NA	Clock	mm9_0based	mm9_0based	mm9_0based	mm9_0based:base_row_170105	mm9_0based:chr5:76265791-76274043:.	mm9_0based:7	mm9_0based:01_circBase,02_circAtlas,03_CIRCpedia,04_CircBank,07_FL-circAS,39_CircASbase,40_CircAI	mm9_1based:ok;mm9_0based:ok	
mmu_circ_0012798	chr5	8116544	8152449	NA	Adam22	ambiguous	mm10_0based,mm9_0based		mm10_0based:base_row_155085;mm9_0based:base_row_155085	mm10_0based:chr5:8116545-8152449:.;mm9_0based:chr5:8116545-8152449:.	mm10_0based:8;mm9_0based:8	mm10_0based:01_circBase,02_circAtlas,03_CIRCpedia,04_CircBank,07_FL-circAS,08_TSCD,39_CircASbase,40_CircAI;mm9_0based:01_circBase,02_circAtlas,03_CIRCpedia,04_CircBank,07_FL-circAS,08_TSCD,39_CircASbase,40_CircAI	mm9_1based:ok;mm9_0based:ok	
mmu_circ_0012811	chr5	82075434	82092449	NA	Adgrl3	mm9_0based	mm9_0based	mm9_0based	mm9_0based:base_row_170805	mm9_0based:chr5:81646410-81663424:.	mm9_0based:9	mm9_0based:01_circBase,02_circAtlas,03_CIRCpedia,04_CircBank,07_FL-circAS,08_TSCD,39_CircASbase,40_CircAI,41_m6A2Circ	mm9_1based:ok;mm9_0based:ok	
mmu_circ_0012852	chr5	90683664	90692446	NA	Ankrd17	mm9_0based	mm9_0based	mm9_0based	mm9_0based:base_row_172132	mm9_0based:chr5:90254640-90263421:.	mm9_0based:9	mm9_0based:01_circBase,02_circAtlas,03_CIRCpedia,04_CircBank,07_FL-circAS,08_TSCD,39_CircASbase,40_CircAI,41_m6A2Circ	mm9_1based:ok;mm9_0based:ok	
mmu_circ_0012913	chr6	106473497	106500510	NA	Cntn4	mm9_0based	mm9_0based	mm9_0based	mm9_0based:base_row_212248	mm9_0based:chr6:106523504-106550516:.	mm9_0based:6	mm9_0based:01_circBase,02_circAtlas,03_CIRCpedia,04_CircBank,39_CircASbase,40_CircAI	mm9_1based:ok;mm9_0based:ok	
mmu_circ_0012984	chr6	118663274	118730342	NA	Cacna1c	mm9_0based	mm9_0based	mm9_0based	mm9_0based:base_row_215374	mm9_0based:chr6:118713257-118780324:.	mm9_0based:9	mm9_0based:01_circBase,02_circAtlas,03_CIRCpedia,04_CircBank,07_FL-circAS,08_TSCD,39_CircASbase,40_CircAI,41_m6A2Circ	mm9_1based:ok;mm9_0based:ok	
mmu_circ_0012985	chr6	118684868	118692386	NA	Cacna1c	mm9_0based	mm9_0based	mm9_0based	mm9_0based:base_row_215384	mm9_0based:chr6:118734851-118742368:.	mm9_0based:8	mm9_0based:01_circBase,02_circAtlas,03_CIRCpedia,04_CircBank,07_FL-circAS,08_TSCD,39_CircASbase,40_CircAI	mm9_1based:ok;mm9_0based:ok	
mmu_circ_0013041	chr6	120812872	120815742	NA	Bcl2l13	mm9_0based	mm9_0based	mm9_0based	mm9_0based:base_row_216531	mm9_0based:chr6:120862855-120865724:.	mm9_0based:7	mm9_0based:01_circBase,02_circAtlas,03_CIRCpedia,04_CircBank,07_FL-circAS,39_CircASbase,40_CircAI	mm9_1based:ok;mm9_0based:ok	
mmu_circ_0013143	chr6	13970148	13994314	NA	1110019D14Rik	mm9_0based	mm9_0based	mm9_0based	mm9_0based:base_row_194616	mm9_0based:chr6:14020149-14044314:.	mm9_0based:7	mm9_0based:01_circBase,02_circAtlas,04_CircBank,07_FL-circAS,39_CircASbase,40_CircAI,41_m6A2Circ	mm9_1based:ok;mm9_0based:ok	
mmu_circ_0013148	chr6	140492240	140504591	NA	Plekha5	mm9_0based	mm9_0based	mm9_0based	mm9_0based:base_row_220541	mm9_0based:chr6:140543720-140556070:.	mm9_0based:7	mm9_0based:01_circBase,02_circAtlas,03_CIRCpedia,04_CircBank,07_FL-circAS,08_TSCD,41_m6A2Circ	mm9_1based:ok;mm9_0based:ok	
mmu_circ_0013174	chr6	144981302	144988155	NA	Bcat1	mm9_0based	mm9_0based	mm9_0based	mm9_0based:base_row_221654	mm9_0based:chr6:145032783-145039635:.	mm9_0based:8	mm9_0based:01_circBase,02_circAtlas,03_CIRCpedia,04_CircBank,07_FL-circAS,39_CircASbase,40_CircAI,41_m6A2Circ	mm9_1based:ok;mm9_0based:ok	
mmu_circ_0013193	chr6	148745162	148750511	NA	Ipo8	mm9_0based	mm9_0based	mm9_0based	mm9_0based:base_row_222724	mm9_0based:chr6:148796641-148801989:.	mm9_0based:8	mm9_0based:01_circBase,02_circAtlas,03_CIRCpedia,04_CircBank,07_FL-circAS,08_TSCD,39_CircASbase,40_CircAI	mm9_1based:ok;mm9_0based:ok	
mmu_circ_0013194	chr6	148754906	148773007	NA	Ipo8	mm9_0based	mm9_0based	mm9_0based	mm9_0based:base_row_222751	mm9_0based:chr6:148806385-148824485:.	mm9_0based:6	mm9_0based:01_circBase,02_circAtlas,03_CIRCpedia,04_CircBank,39_CircASbase,40_CircAI	mm9_1based:ok;mm9_0based:ok	
mmu_circ_0013201	chr6	148975804	148977763	NA	Dennd5b	mm9_0based	mm9_0based	mm9_0based	mm9_0based:base_row_222981	mm9_0based:chr6:149027283-149029241:.	mm9_0based:9	mm9_0based:01_circBase,02_circAtlas,03_CIRCpedia,04_CircBank,07_FL-circAS,08_TSCD,39_CircASbase,40_CircAI,41_m6A2Circ	mm9_1based:ok;mm9_0based:ok	
mmu_circ_0013263	chr6	29820567	29840744	NA	Ahcyl2	mm9_0based	mm9_0based	mm9_0based	mm9_0based:base_row_196821	mm9_0based:chr6:29870568-29890744:.	mm9_0based:9	mm9_0based:01_circBase,02_circAtlas,03_CIRCpedia,04_CircBank,07_FL-circAS,08_TSCD,39_CircASbase,40_CircAI,41_m6A2Circ	mm9_1based:ok;mm9_0based:ok	
mmu_circ_0013309	chr6	35014897	35030226	NA	Cnot4	mm9_0based	mm9_0based	mm9_0based	mm9_0based:base_row_198458	mm9_0based:chr6:35064898-35080226:.	mm9_0based:8	mm9_0based:01_circBase,02_circAtlas,03_CIRCpedia,04_CircBank,07_FL-circAS,39_CircASbase,40_CircAI,41_m6A2Circ	mm9_1based:ok;mm9_0based:ok	
mmu_circ_0013331	chr6	36979762	37014013	NA	Dgki	mm9_0based	mm9_0based	mm9_0based	mm9_0based:base_row_199080	mm9_0based:chr6:37029763-37064013:.	mm9_0based:7	mm9_0based:01_circBase,02_circAtlas,03_CIRCpedia,04_CircBank,07_FL-circAS,39_CircASbase,40_CircAI	mm9_1based:ok;mm9_0based:ok	
mmu_circ_0013360	chr6	38411474	38420222	NA	Ubn2	mm9_0based	mm9_0based	mm9_0based	mm9_0based:base_row_199683	mm9_0based:chr6:38461475-38470222:.	mm9_0based:8	mm9_0based:01_circBase,02_circAtlas,03_CIRCpedia,04_CircBank,07_FL-circAS,39_CircASbase,40_CircAI,41_m6A2Circ	mm9_1based:ok;mm9_0based:ok	
mmu_circ_0013409	chr6	47434742	47452589	NA	Cul1	mm9_0based	mm9_0based	mm9_0based	mm9_0based:base_row_201442	mm9_0based:chr6:47484744-47502590:.	mm9_0based:7	mm9_0based:01_circBase,02_circAtlas,03_CIRCpedia,04_CircBank,07_FL-circAS,39_CircASbase,40_CircAI	mm9_1based:ok;mm9_0based:ok	
mmu_circ_0013507	chr6	71549310	71557600	NA	Kdm3a	mm9_0based	mm9_0based	mm9_0based	mm9_0based:base_row_205155	mm9_0based:chr6:71599317-71607606:.	mm9_0based:8	mm9_0based:01_circBase,02_circAtlas,03_CIRCpedia,04_CircBank,07_FL-circAS,08_TSCD,39_CircASbase,40_CircAI	mm9_1based:ok;mm9_0based:ok	
mmu_circ_0013659	chr7	103851151	103878035	NA	Tenm4	mm9_0based	mm9_0based	mm9_0based	mm9_0based:base_row_244639	mm9_0based:chr7:96702642-96729525:.	mm9_0based:7	mm9_0based:01_circBase,02_circAtlas,03_CIRCpedia,04_CircBank,07_FL-circAS,39_CircASbase,40_CircAI	mm9_1based:ok;mm9_0based:ok	
mmu_circ_0013673	chr7	104172127	104188546	NA	Nars2	mm9_0based	mm9_0based	mm9_0based	mm9_0based:base_row_244767	mm9_0based:chr7:97023618-97040036:.	mm9_0based:7	mm9_0based:01_circBase,02_circAtlas,03_CIRCpedia,04_CircBank,07_FL-circAS,39_CircASbase,40_CircAI	mm9_1based:ok;mm9_0based:ok	
mmu_circ_0013677	chr7	104801562	104813276	NA	Rsf1	mm9_0based	mm9_0based	mm9_0based	mm9_0based:base_row_245057	mm9_0based:chr7:97653053-97664766:.	mm9_0based:8	mm9_0based:01_circBase,02_circAtlas,03_CIRCpedia,04_CircBank,07_FL-circAS,39_CircASbase,40_CircAI,41_m6A2Circ	mm9_1based:ok;mm9_0based:ok	
mmu_circ_0013694	chr7	106128145	106153216	NA	Uvrag	mm9_0based	mm9_0based	mm9_0based	mm9_0based:base_row_245541	mm9_0based:chr7:98979636-99004706:.	mm9_0based:7	mm9_0based:01_circBase,02_circAtlas,03_CIRCpedia,04_CircBank,07_FL-circAS,39_CircASbase,40_CircAI	mm9_1based:ok;mm9_0based:ok	
mmu_circ_0013703	chr7	107072805	107104050	NA	Rnf169	mm9_0based	mm9_0based	mm9_0based	mm9_0based:base_row_245934	mm9_0based:chr7:99924296-99955540:.	mm9_0based:7	mm9_0based:01_circBase,02_circAtlas,04_CircBank,07_FL-circAS,39_CircASbase,40_CircAI,41_m6A2Circ	mm9_1based:ok;mm9_0based:ok	
mmu_circ_0013721	chr7	108398958	108420218	NA	Fchsd2	mm9_0based	mm9_0based	mm9_0based	mm9_0based:base_row_246579	mm9_0based:chr7:101250445-101271704:.	mm9_0based:8	mm9_0based:01_circBase,02_circAtlas,03_CIRCpedia,04_CircBank,07_FL-circAS,39_CircASbase,40_CircAI,41_m6A2Circ	mm9_1based:ok;mm9_0based:ok	
mmu_circ_0013764	chr7	117542809	117590641	NA	Sbf2	mm9_0based	mm9_0based	mm9_0based	mm9_0based:base_row_248685	mm9_0based:chr7:110399296-110447127:.	mm9_0based:7	mm9_0based:01_circBase,02_circAtlas,03_CIRCpedia,04_CircBank,07_FL-circAS,39_CircASbase,40_CircAI	mm9_1based:ok;mm9_0based:ok	
mmu_circ_0013790	chr7	121649700	121679997	NA	Pde3b	mm9_0based	mm9_0based	mm9_0based	mm9_0based:base_row_249947	mm9_0based:chr7:114506187-114536483:.	mm9_0based:6	mm9_0based:01_circBase,02_circAtlas,04_CircBank,39_CircASbase,40_CircAI,41_m6A2Circ	mm9_1based:ok;mm9_0based:ok	
mmu_circ_0013844	chr7	129660342	129661693	NA	Prkcb	mm9_0based	mm9_0based	mm9_0based	mm9_0based:base_row_252394	mm9_0based:chr7:122516829-122518179:.	mm9_0based:8	mm9_0based:01_circBase,02_circAtlas,03_CIRCpedia,04_CircBank,07_FL-circAS,08_TSCD,39_CircASbase,40_CircAI	mm9_1based:ok;mm9_0based:ok	
mmu_circ_0013845	chr7	129660342	129672086	NA	Prkcb	mm9_0based	mm9_0based	mm9_0based	mm9_0based:base_row_252396	mm9_0based:chr7:122516829-122528572:.	mm9_0based:8	mm9_0based:01_circBase,02_circAtlas,03_CIRCpedia,04_CircBank,07_FL-circAS,08_TSCD,39_CircASbase,40_CircAI	mm9_1based:ok;mm9_0based:ok	
mmu_circ_0013851	chr7	129725943	129744344	NA	Prkcb	mm9_0based	mm9_0based	mm9_0based	mm9_0based:base_row_252441	mm9_0based:chr7:122582430-122600830:.	mm9_0based:7	mm9_0based:01_circBase,02_circAtlas,03_CIRCpedia,04_CircBank,07_FL-circAS,39_CircASbase,40_CircAI	mm9_1based:ok;mm9_0based:ok	
mmu_circ_0013927	chr7	137362511	137372306	NA	Fgfr2	mm9_0based	mm9_0based	mm9_0based	mm9_0based:base_row_255688	mm9_0based:chr7:130218998-130228792:.	mm9_0based:8	mm9_0based:01_circBase,02_circAtlas,03_CIRCpedia,04_CircBank,07_FL-circAS,39_CircASbase,40_CircAI,41_m6A2Circ	mm9_1based:ok;mm9_0based:ok	
mmu_circ_0013999	chr7	149173655	149174341	NA	Brsk2	mm9_0based	mm9_0based	mm9_0based	mm9_0based:base_row_258690	mm9_0based:chr7:141987751-141988436:.	mm9_0based:8	mm9_0based:01_circBase,02_circAtlas,03_CIRCpedia,04_CircBank,07_FL-circAS,08_TSCD,39_CircASbase,40_CircAI	mm9_1based:ok;mm9_0based:ok	
mmu_circ_0014022	chr7	15164084	15194688	NA	Vmn1r90	mm9_0based	mm9_0based	mm9_0based	mm9_0based:base_row_224665	mm9_0based:chr7:14578736-14609339:.	mm9_0based:8	mm9_0based:01_circBase,02_circAtlas,03_CIRCpedia,04_CircBank,07_FL-circAS,39_CircASbase,40_CircAI,41_m6A2Circ	mm9_1based:ok;mm9_0based:ok	
mmu_circ_0014057	chr7	20022286	20022867	NA	Mark4	mm9_0based	mm9_0based	mm9_0based	mm9_0based:base_row_226030	mm9_0based:chr7:19436938-19437518:.	mm9_0based:9	mm9_0based:01_circBase,02_circAtlas,03_CIRCpedia,04_CircBank,07_FL-circAS,08_TSCD,39_CircASbase,40_CircAI,41_m6A2Circ	mm9_1based:ok;mm9_0based:ok	
mmu_circ_0014253	chr7	59143281	59181914	NA	Gas2	mm9_0based	mm9_0based	mm9_0based	mm9_0based:base_row_234325	mm9_0based:chr7:51887912-51926544:.	mm9_0based:7	mm9_0based:01_circBase,02_circAtlas,03_CIRCpedia,04_CircBank,07_FL-circAS,39_CircASbase,40_CircAI	mm9_1based:ok;mm9_0based:ok	
mmu_circ_0014258	chr7	62308122	62330458	NA	Luzp2	mm9_0based	mm9_0based	mm9_0based	mm9_0based:base_row_234423	mm9_0based:chr7:55052753-55075088:.	mm9_0based:8	mm9_0based:01_circBase,02_circAtlas,03_CIRCpedia,04_CircBank,07_FL-circAS,39_CircASbase,40_CircAI,41_m6A2Circ	mm9_1based:ok;mm9_0based:ok	
mmu_circ_0014300	chr7	67084969	67118536	NA	NA	mm9_0based	mm9_0based	mm9_0based	mm9_0based:base_row_237428	mm9_0based:chr7:59940084-59973650:.	mm9_0based:6	mm9_0based:01_circBase,02_circAtlas,04_CircBank,07_FL-circAS,39_CircASbase,40_CircAI	mm9_1based:ok;mm9_0based:ok	
mmu_circ_0014301	chr7	67085705	67118536	NA	NA	mm9_0based	mm9_0based	mm9_0based	mm9_0based:base_row_237439	mm9_0based:chr7:59940820-59973650:.	mm9_0based:5	mm9_0based:01_circBase,02_circAtlas,04_CircBank,07_FL-circAS,41_m6A2Circ	mm9_1based:ok;mm9_0based:ok	
mmu_circ_0014310	chr7	68217602	68261845	NA	A230006K03Rik	mm9_0based	mm9_0based	mm9_0based	mm9_0based:base_row_237822	mm9_0based:chr7:61072717-61116959:.	mm9_0based:8	mm9_0based:01_circBase,02_circAtlas,04_CircBank,07_FL-circAS,08_TSCD,39_CircASbase,40_CircAI,41_m6A2Circ	mm9_1based:ok;mm9_0based:ok	
mmu_circ_0014342	chr7	70760174	70795851	NA	Otud7a	mm9_0based	mm9_0based	mm9_0based	mm9_0based:base_row_238476	mm9_0based:chr7:63615289-63650965:.	mm9_0based:8	mm9_0based:01_circBase,02_circAtlas,03_CIRCpedia,04_CircBank,07_FL-circAS,08_TSCD,39_CircASbase,40_CircAI	mm9_1based:ok;mm9_0based:ok	
mmu_circ_0014357	chr7	72471147	72482032	NA	Tjp1	mm9_0based	mm9_0based	mm9_0based	mm9_0based:base_row_238881	mm9_0based:chr7:65326262-65337146:.	mm9_0based:9	mm9_0based:01_circBase,02_circAtlas,03_CIRCpedia,04_CircBank,07_FL-circAS,08_TSCD,39_CircASbase,40_CircAI,41_m6A2Circ	mm9_1based:ok;mm9_0based:ok	
mmu_circ_0014359	chr7	7248680	7249589	NA	Clcn4	mm9_0based	mm9_0based	mm9_0based	mm9_0based:base_row_224327	mm9_0based:chr7:7295970-7296878:.	mm9_0based:8	mm9_0based:01_circBase,02_circAtlas,03_CIRCpedia,04_CircBank,07_FL-circAS,39_CircASbase,40_CircAI,41_m6A2Circ	mm9_1based:ok;mm9_0based:ok	
mmu_circ_0014401	chr7	85392040	85395759	NA	Ntrk3	mm9_0based	mm9_0based	mm9_0based	mm9_0based:base_row_240910	mm9_0based:chr7:78247155-78250873:.	mm9_0based:8	mm9_0based:01_circBase,02_circAtlas,03_CIRCpedia,04_CircBank,07_FL-circAS,39_CircASbase,40_CircAI,41_m6A2Circ	mm9_1based:ok;mm9_0based:ok	
mmu_circ_0014521	chr8	108602503	108603641	NA	Nfatc3	mm9_0based	mm9_0based	mm9_0based	mm9_0based:base_row_280936	mm9_0based:chr8:106078604-106079741:.	mm9_0based:9	mm9_0based:01_circBase,02_circAtlas,03_CIRCpedia,04_CircBank,07_FL-circAS,08_TSCD,39_CircASbase,40_CircAI,41_m6A2Circ	mm9_1based:ok;mm9_0based:ok	
mmu_circ_0014562	chr8	113344606	113345490	NA	Sf3b3	mm9_0based	mm9_0based	mm9_0based	mm9_0based:base_row_282533	mm9_0based:chr8:110820707-110821590:.	mm9_0based:8	mm9_0based:01_circBase,02_circAtlas,03_CIRCpedia,04_CircBank,07_FL-circAS,08_TSCD,39_CircASbase,40_CircAI	mm9_1based:ok;mm9_0based:ok	
mmu_circ_0014804	chr8	35914674	35938347	NA	Tnks	mm9_0based	mm9_0based	mm9_0based	mm9_0based:base_row_266420	mm9_0based:chr8:34851621-34875293:.	mm9_0based:3	mm9_0based:01_circBase,04_CircBank,08_TSCD	mm9_1based:ok;mm9_0based:ok	
mmu_circ_0014834	chr8	46844406	46861057	NA	Sorbs2	mm9_0based	mm9_0based	mm9_0based	mm9_0based:base_row_267838	mm9_0based:chr8:45759053-45775703:.	mm9_0based:8	mm9_0based:01_circBase,02_circAtlas,03_CIRCpedia,04_CircBank,07_FL-circAS,39_CircASbase,40_CircAI,41_m6A2Circ	mm9_1based:ok;mm9_0based:ok	
mmu_circ_0014841	chr8	47188868	47190645	NA	Snx25	mm9_0based	mm9_0based	mm9_0based	mm9_0based:base_row_268036	mm9_0based:chr8:46103515-46105291:.	mm9_0based:8	mm9_0based:01_circBase,02_circAtlas,03_CIRCpedia,04_CircBank,07_FL-circAS,39_CircASbase,40_CircAI,41_m6A2Circ	mm9_1based:ok;mm9_0based:ok	
mmu_circ_0014847	chr8	48277192	48279458	NA	Stox2	mm9_0based	mm9_0based	mm9_0based	mm9_0based:base_row_268385	mm9_0based:chr8:47191839-47194104:.	mm9_0based:9	mm9_0based:01_circBase,02_circAtlas,03_CIRCpedia,04_CircBank,07_FL-circAS,08_TSCD,39_CircASbase,40_CircAI,41_m6A2Circ	mm9_1based:ok;mm9_0based:ok	
mmu_circ_0014862	chr8	55766698	55781750	NA	Wdr17	mm9_0based	mm9_0based	mm9_0based	mm9_0based:base_row_269057	mm9_0based:chr8:54681346-54696397:.	mm9_0based:7	mm9_0based:01_circBase,02_circAtlas,03_CIRCpedia,04_CircBank,07_FL-circAS,39_CircASbase,40_CircAI	mm9_1based:ok;mm9_0based:ok	
mmu_circ_0014869	chr8	60062563	60063024	NA	Galnt7	mm9_0based	mm9_0based	mm9_0based	mm9_0based:base_row_269356	mm9_0based:chr8:57583767-57584227:.	mm9_0based:9	mm9_0based:01_circBase,02_circAtlas,03_CIRCpedia,04_CircBank,07_FL-circAS,08_TSCD,39_CircASbase,40_CircAI,41_m6A2Circ	mm9_1based:ok;mm9_0based:ok	
mmu_circ_0014985	chr8	79882445	79889059	NA	Arhgap10	mm9_0based	mm9_0based	mm9_0based	mm9_0based:base_row_273530	mm9_0based:chr8:77358547-77365160:.	mm9_0based:8	mm9_0based:01_circBase,02_circAtlas,03_CIRCpedia,04_CircBank,07_FL-circAS,39_CircASbase,40_CircAI,41_m6A2Circ	mm9_1based:ok;mm9_0based:ok	
mmu_circ_0014986	chr8	79882445	79937526	NA	Arhgap10	mm9_0based	mm9_0based	mm9_0based	mm9_0based:base_row_273535	mm9_0based:chr8:77358547-77413627:.	mm9_0based:8	mm9_0based:01_circBase,02_circAtlas,03_CIRCpedia,04_CircBank,07_FL-circAS,39_CircASbase,40_CircAI,41_m6A2Circ	mm9_1based:ok;mm9_0based:ok	
mmu_circ_0014997	chr8	81584148	81585189	NA	Zfp827	mm9_0based	mm9_0based	mm9_0based	mm9_0based:base_row_273924	mm9_0based:chr8:79060250-79061290:.	mm9_0based:8	mm9_0based:01_circBase,02_circAtlas,03_CIRCpedia,04_CircBank,07_FL-circAS,39_CircASbase,40_CircAI,41_m6A2Circ	mm9_1based:ok;mm9_0based:ok	
mmu_circ_0014999	chr8	81584148	81600437	NA	Zfp827	mm9_0based	mm9_0based	mm9_0based	mm9_0based:base_row_273927	mm9_0based:chr8:79060250-79076538:.	mm9_0based:9	mm9_0based:01_circBase,02_circAtlas,03_CIRCpedia,04_CircBank,07_FL-circAS,08_TSCD,39_CircASbase,40_CircAI,41_m6A2Circ	mm9_1based:ok;mm9_0based:ok	
mmu_circ_0015027	chr8	85757378	85760618	NA	Tbc1d9	mm9_0based	mm9_0based	mm9_0based	mm9_0based:base_row_274792	mm9_0based:chr8:83233480-83236719:.	mm9_0based:8	mm9_0based:01_circBase,02_circAtlas,03_CIRCpedia,04_CircBank,07_FL-circAS,39_CircASbase,40_CircAI,41_m6A2Circ	mm9_1based:ok;mm9_0based:ok	
mmu_circ_0015168	chr9	101050911	101096755	NA	Ppp2r3a	mm9_0based	mm9_0based	mm9_0based	mm9_0based:base_row_313838	mm9_0based:chr9:101148582-101194425:.	mm9_0based:6	mm9_0based:01_circBase,02_circAtlas,03_CIRCpedia,04_CircBank,39_CircASbase,40_CircAI	mm9_1based:ok;mm9_0based:ok	
mmu_circ_0015394	chr9	122069440	122073169	NA	Snrk	mm9_0based	mm9_0based	mm9_0based	mm9_0based:base_row_322038	mm9_0based:chr9:122160323-122164051:.	mm9_0based:9	mm9_0based:01_circBase,02_circAtlas,03_CIRCpedia,04_CircBank,07_FL-circAS,08_TSCD,39_CircASbase,40_CircAI,41_m6A2Circ	mm9_1based:ok;mm9_0based:ok	
mmu_circ_0015395	chr9	122160264	122172907	NA	Ano10	mm9_0based	mm9_0based	mm9_0based	mm9_0based:base_row_322070	mm9_0based:chr9:122251147-122263789:.	mm9_0based:7	mm9_0based:01_circBase,02_circAtlas,03_CIRCpedia,04_CircBank,07_FL-circAS,39_CircASbase,40_CircAI	mm9_1based:ok;mm9_0based:ok	
mmu_circ_0015402	chr9	123451461	123461935	NA	Sacm1l	mm9_0based	mm9_0based	mm9_0based	mm9_0based:base_row_322517	mm9_0based:chr9:123542344-123552817:.	mm9_0based:7	mm9_0based:01_circBase,02_circAtlas,03_CIRCpedia,04_CircBank,07_FL-circAS,39_CircASbase,40_CircAI	mm9_1based:ok;mm9_0based:ok	
mmu_circ_0015534	chr9	3441054	3460131	NA	Cwf19l2	ambiguous	mm10_0based,mm9_0based		mm10_0based:base_row_287785;mm9_0based:base_row_287785	mm10_0based:chr9:3441055-3460131:.;mm9_0based:chr9:3441055-3460131:.	mm10_0based:9;mm9_0based:9	mm10_0based:01_circBase,02_circAtlas,03_CIRCpedia,04_CircBank,07_FL-circAS,36_CircAge,39_CircASbase,40_CircAI,41_m6A2Circ;mm9_0based:01_circBase,02_circAtlas,03_CIRCpedia,04_CircBank,07_FL-circAS,36_CircAge,39_CircASbase,40_CircAI,41_m6A2Circ	mm9_1based:ok;mm9_0based:ok	
mmu_circ_0015535	chr9	3441054	3477962	NA	Cwf19l2	ambiguous	mm10_0based,mm9_0based		mm10_0based:base_row_287787;mm9_0based:base_row_287787	mm10_0based:chr9:3441055-3477962:.;mm9_0based:chr9:3441055-3477962:.	mm10_0based:7;mm9_0based:7	mm10_0based:01_circBase,02_circAtlas,04_CircBank,07_FL-circAS,39_CircASbase,40_CircAI,41_m6A2Circ;mm9_0based:01_circBase,02_circAtlas,04_CircBank,07_FL-circAS,39_CircASbase,40_CircAI,41_m6A2Circ	mm9_1based:ok;mm9_0based:ok	
mmu_circ_0015549	chr9	35415179	35419456	NA	Pate2	mm9_0based	mm9_0based	mm9_0based	mm9_0based:base_row_294096	mm9_0based:chr9:35607595-35611871:.	mm9_0based:6	mm9_0based:01_circBase,02_circAtlas,03_CIRCpedia,04_CircBank,39_CircASbase,40_CircAI	mm9_1based:ok;mm9_0based:ok	
mmu_circ_0015588	chr9	42463569	42483393	NA	Grik4	mm9_0based	mm9_0based	mm9_0based	mm9_0based:base_row_295318	mm9_0based:chr9:42655487-42675310:.	mm9_0based:9	mm9_0based:01_circBase,02_circAtlas,03_CIRCpedia,04_CircBank,07_FL-circAS,08_TSCD,39_CircASbase,40_CircAI,41_m6A2Circ	mm9_1based:ok;mm9_0based:ok	
mmu_circ_0015616	chr9	45602134	45602512	NA	Cep164	mm9_0based	mm9_0based	mm9_0based	mm9_0based:base_row_296833	mm9_0based:chr9:45794052-45794429:.	mm9_0based:9	mm9_0based:01_circBase,02_circAtlas,03_CIRCpedia,04_CircBank,07_FL-circAS,08_TSCD,39_CircASbase,40_CircAI,41_m6A2Circ	mm9_1based:ok;mm9_0based:ok	
mmu_circ_0015698	chr9	55705887	55707725	NA	Scaper	mm9_0based	mm9_0based	mm9_0based	mm9_0based:base_row_299916	mm9_0based:chr9:55858081-55859918:.	mm9_0based:8	mm9_0based:01_circBase,02_circAtlas,03_CIRCpedia,04_CircBank,07_FL-circAS,39_CircASbase,40_CircAI,41_m6A2Circ	mm9_1based:ok;mm9_0based:ok	
mmu_circ_0015736	chr9	59273929	59284722	NA	Arih1	mm9_0based	mm9_0based	mm9_0based	mm9_0based:base_row_301295	mm9_0based:chr9:59426123-59436915:.	mm9_0based:8	mm9_0based:01_circBase,02_circAtlas,03_CIRCpedia,04_CircBank,07_FL-circAS,08_TSCD,39_CircASbase,40_CircAI	mm9_1based:ok;mm9_0based:ok	
mmu_circ_0015742	chr9	59627349	59631372	NA	Myo9a	mm9_0based	mm9_0based	mm9_0based	mm9_0based:base_row_301662	mm9_0based:chr9:59779543-59783565:.	mm9_0based:8	mm9_0based:01_circBase,02_circAtlas,03_CIRCpedia,04_CircBank,07_FL-circAS,39_CircASbase,40_CircAI,41_m6A2Circ	mm9_1based:ok;mm9_0based:ok	
mmu_circ_0015786	chr9	64705473	64715669	NA	Dennd4a	mm9_0based	mm9_0based	mm9_0based	mm9_0based:base_row_303384	mm9_0based:chr9:64857667-64867862:.	mm9_0based:7	mm9_0based:01_circBase,02_circAtlas,03_CIRCpedia,04_CircBank,07_FL-circAS,39_CircASbase,40_CircAI	mm9_1based:ok;mm9_0based:ok	
mmu_circ_0015787	chr9	64705473	64720946	NA	Dennd4a	mm9_0based	mm9_0based	mm9_0based	mm9_0based:base_row_303386	mm9_0based:chr9:64857667-64873139:.	mm9_0based:9	mm9_0based:01_circBase,02_circAtlas,03_CIRCpedia,04_CircBank,07_FL-circAS,08_TSCD,39_CircASbase,40_CircAI,41_m6A2Circ	mm9_1based:ok;mm9_0based:ok	
mmu_circ_0015854	chr9	70587881	70602132	NA	Adam10	mm9_0based	mm9_0based	mm9_0based	mm9_0based:base_row_306412	mm9_0based:chr9:70740075-70754325:.	mm9_0based:7	mm9_0based:01_circBase,02_circAtlas,03_CIRCpedia,04_CircBank,07_FL-circAS,39_CircASbase,40_CircAI	mm9_1based:ok;mm9_0based:ok	
mmu_circ_0015900	chr9	77077291	77078761	NA	Mlip	mm9_0based	mm9_0based	mm9_0based	mm9_0based:base_row_308360	mm9_0based:chr9:77229485-77230954:.	mm9_0based:8	mm9_0based:01_circBase,02_circAtlas,03_CIRCpedia,04_CircBank,07_FL-circAS,39_CircASbase,40_CircAI,41_m6A2Circ	mm9_1based:ok;mm9_0based:ok	
mmu_circ_0015901	chr9	77077291	77078836	NA	Mlip	mm9_0based	mm9_0based	mm9_0based	mm9_0based:base_row_308361	mm9_0based:chr9:77229485-77231029:.	mm9_0based:6	mm9_0based:01_circBase,02_circAtlas,03_CIRCpedia,04_CircBank,07_FL-circAS,41_m6A2Circ	mm9_1based:ok;mm9_0based:ok	
mmu_circ_0015908	chr9	7825614	7827009	NA	Birc2	ambiguous	mm10_0based,mm9_0based		mm10_0based:base_row_288460;mm9_0based:base_row_288460	mm10_0based:chr9:7825615-7827009:.;mm9_0based:chr9:7825615-7827009:.	mm10_0based:7;mm9_0based:7	mm10_0based:01_circBase,02_circAtlas,03_CIRCpedia,04_CircBank,07_FL-circAS,39_CircASbase,40_CircAI;mm9_0based:01_circBase,02_circAtlas,03_CIRCpedia,04_CircBank,07_FL-circAS,39_CircASbase,40_CircAI	mm9_1based:ok;mm9_0based:ok	
mmu_circ_0015933	chr9	8112079	8120787	NA	Cep126	ambiguous	mm10_0based,mm9_0based		mm10_0based:base_row_288596;mm9_0based:base_row_288596	mm10_0based:chr9:8112080-8120787:.;mm9_0based:chr9:8112080-8120787:.	mm10_0based:8;mm9_0based:8	mm10_0based:01_circBase,02_circAtlas,03_CIRCpedia,04_CircBank,07_FL-circAS,39_CircASbase,40_CircAI,41_m6A2Circ;mm9_0based:01_circBase,02_circAtlas,03_CIRCpedia,04_CircBank,07_FL-circAS,39_CircASbase,40_CircAI,41_m6A2Circ	mm9_1based:ok;mm9_0based:ok	
mmu_circ_0015943	chr9	82820003	82839525	NA	Phip	mm9_0based	mm9_0based	mm9_0based	mm9_0based:base_row_309666	mm9_0based:chr9:82926397-82945918:.	mm9_0based:8	mm9_0based:01_circBase,02_circAtlas,03_CIRCpedia,04_CircBank,07_FL-circAS,08_TSCD,39_CircASbase,40_CircAI	mm9_1based:ok;mm9_0based:ok	
mmu_circ_0015948	chr9	83316629	83320568	NA	Lca5	mm9_0based	mm9_0based	mm9_0based	mm9_0based:base_row_309774	mm9_0based:chr9:83423023-83426961:.	mm9_0based:9	mm9_0based:01_circBase,02_circAtlas,03_CIRCpedia,04_CircBank,07_FL-circAS,08_TSCD,39_CircASbase,40_CircAI,41_m6A2Circ	mm9_1based:ok;mm9_0based:ok	
mmu_circ_0015954	chr9	83903860	83906226	NA	Bckdhb	mm9_0based	mm9_0based	mm9_0based	mm9_0based:base_row_309925	mm9_0based:chr9:84010254-84012619:.	mm9_0based:7	mm9_0based:01_circBase,02_circAtlas,03_CIRCpedia,04_CircBank,08_TSCD,39_CircASbase,40_CircAI	mm9_1based:ok;mm9_0based:ok	
mmu_circ_0015971	chr9	86729943	86734489	NA	Snap91	mm9_0based	mm9_0based	mm9_0based	mm9_0based:base_row_310481	mm9_0based:chr9:86835109-86839654:.	mm9_0based:9	mm9_0based:01_circBase,02_circAtlas,03_CIRCpedia,04_CircBank,07_FL-circAS,08_TSCD,39_CircASbase,40_CircAI,41_m6A2Circ	mm9_1based:ok;mm9_0based:ok	
mmu_circ_0015972	chr9	8689399	8720804	NA	NA	ambiguous	mm10_0based,mm9_0based		mm10_0based:base_row_288667;mm9_0based:base_row_288667	mm10_0based:chr9:8689400-8720804:.;mm9_0based:chr9:8689400-8720804:.	mm10_0based:7;mm9_0based:7	mm10_0based:01_circBase,02_circAtlas,03_CIRCpedia,04_CircBank,07_FL-circAS,39_CircASbase,40_CircAI;mm9_0based:01_circBase,02_circAtlas,03_CIRCpedia,04_CircBank,07_FL-circAS,39_CircASbase,40_CircAI	mm9_1based:ok;mm9_0based:ok	
mmu_circ_0016014	chr9	96457818	96468906	NA	Rasa2	mm9_0based	mm9_0based	mm9_0based	mm9_0based:base_row_312605	mm9_0based:chr9:96557400-96568487:.	mm9_0based:8	mm9_0based:01_circBase,02_circAtlas,03_CIRCpedia,04_CircBank,07_FL-circAS,08_TSCD,39_CircASbase,40_CircAI	mm9_1based:ok;mm9_0based:ok	
mmu_circ_0016040	chr9	99436213	99452038	NA	Armc8	mm9_0based	mm9_0based	mm9_0based	mm9_0based:base_row_313281	mm9_0based:chr9:99535795-99551619:.	mm9_0based:7	mm9_0based:01_circBase,02_circAtlas,03_CIRCpedia,04_CircBank,07_FL-circAS,39_CircASbase,40_CircAI	mm9_1based:ok;mm9_0based:ok	
mmu_circ_0016046	chrX	100791269	100800958	NA	Ftx	mm9_0based	mm9_0based	mm9_0based	mm9_0based:base_row_582515	mm9_0based:chrX:103595931-103605619:.	mm9_0based:8	mm9_0based:01_circBase,02_circAtlas,03_CIRCpedia,04_CircBank,07_FL-circAS,08_TSCD,39_CircASbase,40_CircAI	mm9_1based:ok;mm9_0based:ok	
mmu_circ_0016076	chrX	105999320	106000936	NA	Brwd3	mm9_0based	mm9_0based	mm9_0based	mm9_0based:base_row_583352	mm9_0based:chrX:108803982-108805597:.	mm9_0based:8	mm9_0based:01_circBase,02_circAtlas,03_CIRCpedia,04_CircBank,07_FL-circAS,08_TSCD,39_CircASbase,40_CircAI	mm9_1based:ok;mm9_0based:ok	
mmu_circ_0016141	chrX	140781224	140783962	NA	Alg13	mm9_0based	mm9_0based	mm9_0based	mm9_0based:base_row_585317	mm9_0based:chrX:144346682-144349419:.	mm9_0based:8	mm9_0based:01_circBase,02_circAtlas,03_CIRCpedia,04_CircBank,07_FL-circAS,39_CircASbase,40_CircAI,41_m6A2Circ	mm9_1based:ok;mm9_0based:ok	
mmu_circ_0016186	chrX	154291026	154348182	NA	Cnksr2	mm9_0based	mm9_0based	mm9_0based	mm9_0based:base_row_587086	mm9_0based:chrX:157853095-157910250:.	mm9_0based:9	mm9_0based:01_circBase,02_circAtlas,03_CIRCpedia,04_CircBank,07_FL-circAS,08_TSCD,39_CircASbase,40_CircAI,41_m6A2Circ	mm9_1based:ok;mm9_0based:ok	
mmu_circ_0016189	chrX	154326329	154348182	NA	Cnksr2	mm9_0based	mm9_0based	mm9_0based	mm9_0based:base_row_587123	mm9_0based:chrX:157888398-157910250:.	mm9_0based:9	mm9_0based:01_circBase,02_circAtlas,03_CIRCpedia,04_CircBank,07_FL-circAS,08_TSCD,39_CircASbase,40_CircAI,41_m6A2Circ	mm9_1based:ok;mm9_0based:ok	
mmu_circ_0016191	chrX	154344601	154348182	NA	Cnksr2	mm9_0based	mm9_0based	mm9_0based	mm9_0based:base_row_587140	mm9_0based:chrX:157906670-157910250:.	mm9_0based:7	mm9_0based:01_circBase,02_circAtlas,03_CIRCpedia,04_CircBank,07_FL-circAS,39_CircASbase,40_CircAI	mm9_1based:ok;mm9_0based:ok	
mmu_circ_0016213	chrX	158865584	158909788	NA	Reps2	mm9_0based	mm9_0based	mm9_0based	mm9_0based:base_row_588097	mm9_0based:chrX:162427653-162471856:.	mm9_0based:7	mm9_0based:01_circBase,02_circAtlas,03_CIRCpedia,04_CircBank,07_FL-circAS,39_CircASbase,40_CircAI	mm9_1based:ok;mm9_0based:ok	
mmu_circ_0016240	chrX	19683046	19697728	NA	Slc9a7	mm9_0based	mm9_0based	mm9_0based	mm9_0based:base_row_574667	mm9_0based:chrX:20105921-20120602:.	mm9_0based:5	mm9_0based:01_circBase,02_circAtlas,04_CircBank,07_FL-circAS,08_TSCD	mm9_1based:ok;mm9_0based:ok	
mmu_circ_0016312	chrX	57557401	57574730	NA	Atp11c	mm9_0based	mm9_0based	mm9_0based	mm9_0based:base_row_577466	mm9_0based:chrX:60304225-60321553:.	mm9_0based:8	mm9_0based:01_circBase,02_circAtlas,03_CIRCpedia,04_CircBank,07_FL-circAS,39_CircASbase,40_CircAI,41_m6A2Circ	mm9_1based:ok;mm9_0based:ok	
mmu_circ_0016335	chrX	68072733	68083803	NA	NA	mm9_0based	mm9_0based	mm9_0based	mm9_0based:base_row_577916	mm9_0based:chrX:70819559-70830628:.	mm9_0based:5	mm9_0based:01_circBase,02_circAtlas,04_CircBank,39_CircASbase,40_CircAI	mm9_1based:ok;mm9_0based:ok	
mmu_circ_0016400	chrX	90865843	90871951	NA	Pola1	mm9_0based	mm9_0based	mm9_0based	mm9_0based:base_row_580680	mm9_0based:chrX:93620505-93626612:.	mm9_0based:8	mm9_0based:01_circBase,02_circAtlas,03_CIRCpedia,04_CircBank,07_FL-circAS,39_CircASbase,40_CircAI,41_m6A2Circ	mm9_1based:ok;mm9_0based:ok	
mmu_circ_0016402	chrX	90947423	90980292	NA	Pcyt1b	mm9_0based	mm9_0based	mm9_0based	mm9_0based:base_row_580689	mm9_0based:chrX:93702085-93734953:.	mm9_0based:7	mm9_0based:01_circBase,02_circAtlas,03_CIRCpedia,04_CircBank,07_FL-circAS,39_CircASbase,40_CircAI	mm9_1based:ok;mm9_0based:ok	
mmu_circ_008488	chr12	51772273	51772705	NA	Hectd1	mm10_0based	mm10_0based	mm10_0based	mm10_0based:base_row_402954	mm10_0based:chr12:51772274-51772705:.	mm10_0based:8	mm10_0based:01_circBase,02_circAtlas,03_CIRCpedia,04_CircBank,07_FL-circAS,39_CircASbase,40_CircAI,41_m6A2Circ	mm9_1based:ok;mm9_0based:ok	
mmu_circRNA_000272	chr15	97010172	97010351	NA	Slc38a4	mm10_0based	mm10_0based	mm10_0based	mm10_0based:base_row_486300	mm10_0based:chr15:97010173-97010351:.	mm10_0based:2	mm10_0based:01_circBase,04_CircBank	mm9_1based:ok;mm9_0based:ok	
mmu_circRNA_000390	chr6	119936488	119936549	NA	Wnk1	mm10_0based	mm10_0based	mm10_0based	mm10_0based:base_row_215986	mm10_0based:chr6:119936489-119936549:.	mm10_0based:2	mm10_0based:01_circBase,04_CircBank	mm9_1based:ok;mm9_0based:ok	
mmu_circRNA_000469	chr15	58968838	58972560	NA	Mtss1	mm10_0based	mm10_0based	mm10_0based	mm10_0based:base_row_475775	mm10_0based:chr15:58968839-58972560:.	mm10_0based:8	mm10_0based:01_circBase,02_circAtlas,03_CIRCpedia,04_CircBank,07_FL-circAS,39_CircASbase,40_CircAI,41_m6A2Circ	mm9_1based:ok;mm9_0based:ok	
mmu_circRNA_000787	chr11	8518198	8519570	NA	Tns3	mm10_0based	mm10_0based	mm10_0based	mm10_0based:base_row_354246	mm10_0based:chr11:8518199-8519570:.	mm10_0based:8	mm10_0based:01_circBase,02_circAtlas,03_CIRCpedia,04_CircBank,07_FL-circAS,39_CircASbase,40_CircAI,41_m6A2Circ	mm9_1based:ok;mm9_0based:ok	
mmu_circRNA_001194	chr9	113944847	113951684	NA	Ubp1	mm10_0based	mm10_0based	mm10_0based	mm10_0based:base_row_319774	mm10_0based:chr9:113944848-113951684:.	mm10_0based:8	mm10_0based:01_circBase,02_circAtlas,03_CIRCpedia,04_CircBank,07_FL-circAS,08_TSCD,39_CircASbase,40_CircAI	mm9_1based:ok;mm9_0based:ok	
mmu_circRNA_001200	chr8	79060249	79092066	NA	Zfp827	mm10_0based	mm10_0based	mm10_0based	mm10_0based:base_row_273929	mm10_0based:chr8:79060250-79092066:.	mm10_0based:9	mm10_0based:01_circBase,02_circAtlas,03_CIRCpedia,04_CircBank,07_FL-circAS,08_TSCD,39_CircASbase,40_CircAI,41_m6A2Circ	mm9_1based:ok;mm9_0based:ok	
mmu_circRNA_001335	chr11	6313787	6317080	NA	Ogdh	mm10_0based	mm10_0based	mm10_0based	mm10_0based:base_row_353691	mm10_0based:chr11:6313788-6317080:.	mm10_0based:8	mm10_0based:01_circBase,02_circAtlas,03_CIRCpedia,04_CircBank,07_FL-circAS,39_CircASbase,40_CircAI,41_m6A2Circ	mm9_1based:ok;mm9_0based:ok	
mmu_circRNA_001389	chr19	5798663	5798750	NA	Malat1	ambiguous	mm10_0based,mm9_0based		mm10_0based:base_row_556943;mm9_0based:base_row_556943	mm10_0based:chr19:5798664-5798750:.;mm9_0based:chr19:5798664-5798750:.	mm10_0based:3;mm9_0based:3	mm10_0based:01_circBase,04_CircBank,21_CircTarget;mm9_0based:01_circBase,04_CircBank,21_CircTarget	mm9_1based:ok;mm9_0based:ok	
mmu_circRNA_001617	chr13	3564569	3564661	NA	Gdi2	mm10_0based	mm10_0based	mm10_0based	mm10_0based:base_row_420618	mm10_0based:chr13:3564570-3564661:.	mm10_0based:2	mm10_0based:01_circBase,04_CircBank	mm9_1based:ok;mm9_0based:ok	
mmu_circRNA_001769	chr17	39845054	39845140	NA	Rn45s	mm10_0based	mm10_0based	mm10_0based	mm10_0based:base_row_523449	mm10_0based:chr17:39845055-39845140:.	mm10_0based:2	mm10_0based:01_circBase,04_CircBank	mm9_1based:ok;mm9_0based:ok	
mmu_circRNA_001783	chr5	134620400	134620487	NA	Eif4h	mm10_0based	mm10_0based	mm10_0based	mm10_0based:base_row_186673	mm10_0based:chr5:134620401-134620487:.	mm10_0based:2	mm10_0based:01_circBase,04_CircBank	mm9_1based:ok;mm9_0based:ok	
mmu_circRNA_001863	chr10	59599927	59600693	NA	Mcu	mm10_0based	mm10_0based	mm10_0based	mm10_0based:base_row_332779	mm10_0based:chr10:59599928-59600693:.	mm10_0based:8	mm10_0based:01_circBase,02_circAtlas,03_CIRCpedia,04_CircBank,07_FL-circAS,08_TSCD,39_CircASbase,40_CircAI	mm9_1based:ok;mm9_0based:ok	
mmu_circRNA_002017	chr11	74656422	74657339	NA	Cluh	mm10_0based	mm10_0based	mm10_0based	mm10_0based:base_row_372094	mm10_0based:chr11:74656423-74657339:.	mm10_0based:8	mm10_0based:01_circBase,02_circAtlas,03_CIRCpedia,04_CircBank,07_FL-circAS,08_TSCD,39_CircASbase,40_CircAI	mm9_1based:ok;mm9_0based:ok	
mmu_circRNA_002100	chr1	178323133	178325313	NA	Gm16586	mm10_0based	mm10_0based	mm10_0based	mm10_0based:base_row_37926	mm10_0based:chr1:178323134-178325313:.	mm10_0based:9	mm10_0based:01_circBase,02_circAtlas,03_CIRCpedia,04_CircBank,07_FL-circAS,21_CircTarget,39_CircASbase,40_CircAI,41_m6A2Circ	mm9_1based:ok;mm9_0based:ok	
mmu_circRNA_002134	chr4	42871556	42873355	NA	NA	mm10_0based	mm10_0based	mm10_0based	mm10_0based:base_row_124409;mm10_0based:base_row_124410	mm10_0based:chr4:42871557-42873355:.;mm10_0based:chr4:42871557-42873355:.	mm10_0based:7	mm10_0based:01_circBase,02_circAtlas,04_CircBank,08_TSCD,39_CircASbase,40_CircAI,41_m6A2Circ	mm9_1based:ok;mm9_0based:ok	
mmu_circRNA_002236	chr6	72128263	72132163	NA	St3gal5	mm10_0based	mm10_0based	mm10_0based	mm10_0based:base_row_205515	mm10_0based:chr6:72128264-72132163:.	mm10_0based:9	mm10_0based:01_circBase,02_circAtlas,03_CIRCpedia,04_CircBank,07_FL-circAS,08_TSCD,39_CircASbase,40_CircAI,41_m6A2Circ	mm9_1based:ok;mm9_0based:ok	
mmu_circRNA_002279	chrX	95898264	95899700	NA	Zc3h12b	mm10_0based	mm10_0based	mm10_0based	mm10_0based:base_row_581073	mm10_0based:chrX:95898265-95899700:.	mm10_0based:10	mm10_0based:01_circBase,02_circAtlas,03_CIRCpedia,04_CircBank,07_FL-circAS,08_TSCD,30_CircR2Disease,39_CircASbase,40_CircAI,41_m6A2Circ	mm9_1based:ok;mm9_0based:ok	
mmu_circRNA_002319	chr9	21569454	21575518	NA	Carm1	mm10_0based	mm10_0based	mm10_0based	mm10_0based:base_row_291013	mm10_0based:chr9:21569455-21575518:.	mm10_0based:7	mm10_0based:01_circBase,02_circAtlas,03_CIRCpedia,04_CircBank,07_FL-circAS,39_CircASbase,40_CircAI	mm9_1based:ok;mm9_0based:ok	
mmu_circRNA_002457	chr5	65565988	65594548	NA	Ube2k	mm10_0based	mm10_0based	mm10_0based	mm10_0based:base_row_167578	mm10_0based:chr5:65565989-65594548:.	mm10_0based:8	mm10_0based:01_circBase,02_circAtlas,03_CIRCpedia,04_CircBank,07_FL-circAS,39_CircASbase,40_CircAI,41_m6A2Circ	mm9_1based:ok;mm9_0based:ok	
mmu_circRNA_002523	chr2	120533510	120535679	NA	Zfp106	mm10_0based	mm10_0based	mm10_0based	mm10_0based:base_row_73725	mm10_0based:chr2:120533511-120535679:.	mm10_0based:8	mm10_0based:01_circBase,02_circAtlas,03_CIRCpedia,04_CircBank,07_FL-circAS,39_CircASbase,40_CircAI,41_m6A2Circ	mm9_1based:ok;mm9_0based:ok	
mmu_circRNA_002581	chr5	66362717	66365120	NA	Apbb2	mm10_0based	mm10_0based	mm10_0based	mm10_0based:base_row_167992	mm10_0based:chr5:66362718-66365120:.	mm10_0based:9	mm10_0based:01_circBase,02_circAtlas,03_CIRCpedia,04_CircBank,07_FL-circAS,08_TSCD,30_CircR2Disease,39_CircASbase,40_CircAI	mm9_1based:ok;mm9_0based:ok	
mmu_circRNA_002613	chr11	98157800	98157904	NA	Med1	mm10_0based	mm10_0based	mm10_0based	mm10_0based:base_row_383268	mm10_0based:chr11:98157801-98157904:.	mm10_0based:2	mm10_0based:01_circBase,04_CircBank	mm9_1based:ok;mm9_0based:ok	
mmu_circRNA_002989	chr17	39845153	39845215	NA	Gm26917	mm10_0based	mm10_0based	mm10_0based	mm10_0based:base_row_523490	mm10_0based:chr17:39845154-39845215:.	mm10_0based:2	mm10_0based:01_circBase,04_CircBank	mm9_1based:ok;mm9_0based:ok	
mmu_circRNA_003022	chr18	78856483	78859931	NA	Setbp1	mm10_0based	mm10_0based	mm10_0based	mm10_0based:base_row_552591	mm10_0based:chr18:78856484-78859931:.	mm10_0based:7	mm10_0based:01_circBase,02_circAtlas,03_CIRCpedia,04_CircBank,39_CircASbase,40_CircAI,41_m6A2Circ	mm9_1based:ok;mm9_0based:ok	
mmu_circRNA_003160	chr17	39845455	39845565	NA	XLOC_010800	mm10_0based	mm10_0based	mm10_0based	mm10_0based:base_row_523536	mm10_0based:chr17:39845456-39845565:.	mm10_0based:2	mm10_0based:01_circBase,04_CircBank	mm9_1based:ok;mm9_0based:ok	
mmu_circRNA_003215	chr6	116042870	116043805	NA	Tmcc1	mm10_0based	mm10_0based	mm10_0based	mm10_0based:base_row_214634	mm10_0based:chr6:116042871-116043805:.	mm10_0based:9	mm10_0based:01_circBase,02_circAtlas,03_CIRCpedia,04_CircBank,07_FL-circAS,08_TSCD,39_CircASbase,40_CircAI,41_m6A2Circ	mm9_1based:ok;mm9_0based:ok	
mmu_circRNA_003933	chr3	108554603	108554694	NA	Scarna2	mm10_0based	mm10_0based	mm10_0based	mm10_0based:base_row_111130	mm10_0based:chr3:108554604-108554694:.	mm10_0based:2	mm10_0based:01_circBase,04_CircBank	mm9_1based:ok;mm9_0based:ok	
mmu_circRNA_004300	chr19	5796192	5796279	NA	Malat1	ambiguous	mm10_0based,mm9_0based		mm10_0based:base_row_556363;mm9_0based:base_row_556363	mm10_0based:chr19:5796193-5796279:.;mm9_0based:chr19:5796193-5796279:.	mm10_0based:2;mm9_0based:2	mm10_0based:01_circBase,04_CircBank;mm9_0based:01_circBase,04_CircBank	mm9_1based:ok;mm9_0based:ok	
mmu_circRNA_004507	chr7	142651103	142651166	NA	Igf2	mm10_0based	mm10_0based	mm10_0based	mm10_0based:base_row_258986	mm10_0based:chr7:142651104-142651166:.	mm10_0based:2	mm10_0based:01_circBase,04_CircBank	mm9_1based:ok;mm9_0based:ok	
mmu_circRNA_004772	chr14	77365025	77380688	NA	Enox1	mm10_0based	mm10_0based	mm10_0based	mm10_0based:base_row_460465	mm10_0based:chr14:77365026-77380688:.	mm10_0based:6	mm10_0based:01_circBase,02_circAtlas,03_CIRCpedia,04_CircBank,07_FL-circAS,30_CircR2Disease	mm9_1based:ok;mm9_0based:ok	
mmu_circRNA_004900	chr2	139996072	140057499	NA	Tasp1	mm10_0based	mm10_0based	mm10_0based	mm10_0based:base_row_80181	mm10_0based:chr2:139996073-140057499:.	mm10_0based:8	mm10_0based:01_circBase,02_circAtlas,03_CIRCpedia,04_CircBank,07_FL-circAS,39_CircASbase,40_CircAI,41_m6A2Circ	mm9_1based:ok;mm9_0based:ok	
mmu_circRNA_005039	chr3	51308049	51326035	NA	Elf2	mm10_0based	mm10_0based	mm10_0based	mm10_0based:base_row_97133	mm10_0based:chr3:51308050-51326035:.	mm10_0based:8	mm10_0based:01_circBase,02_circAtlas,03_CIRCpedia,04_CircBank,07_FL-circAS,39_CircASbase,40_CircAI,41_m6A2Circ	mm9_1based:ok;mm9_0based:ok	
mmu_circRNA_005219	chr10	79710306	79710365	NA	Bsg	mm10_0based	mm10_0based	mm10_0based	mm10_0based:base_row_338141	mm10_0based:chr10:79710307-79710365:.	mm10_0based:2	mm10_0based:01_circBase,04_CircBank	mm9_1based:ok;mm9_0based:ok	
mmu_circRNA_005305	chr14	47016276	47016795	NA	Samd4	mm10_0based	mm10_0based	mm10_0based	mm10_0based:base_row_452143	mm10_0based:chr14:47016277-47016795:.	mm10_0based:8	mm10_0based:01_circBase,02_circAtlas,03_CIRCpedia,04_CircBank,07_FL-circAS,39_CircASbase,40_CircAI,41_m6A2Circ	mm9_1based:ok;mm9_0based:ok	
mmu_circRNA_005444	chr17	39845363	39845455	NA	XLOC_010800	mm10_0based	mm10_0based	mm10_0based	mm10_0based:base_row_523523	mm10_0based:chr17:39845364-39845455:.	mm10_0based:2	mm10_0based:01_circBase,04_CircBank	mm9_1based:ok;mm9_0based:ok	
mmu_circRNA_005749	chr8	123382526	123383443	NA	Tcf25	mm10_0based	mm10_0based	mm10_0based	mm10_0based:base_row_285898	mm10_0based:chr8:123382527-123383443:.	mm10_0based:8	mm10_0based:01_circBase,02_circAtlas,03_CIRCpedia,04_CircBank,07_FL-circAS,39_CircASbase,40_CircAI,41_m6A2Circ	mm9_1based:ok;mm9_0based:ok	
mmu_circRNA_005985	chr11	50296198	50296265	NA	Canx	mm10_0based	mm10_0based	mm10_0based	mm10_0based:base_row_362124	mm10_0based:chr11:50296199-50296265:.	mm10_0based:2	mm10_0based:01_circBase,04_CircBank	mm9_1based:ok;mm9_0based:ok	
mmu_circRNA_005995	chr1	74967499	74968912	NA	Nhej1	mm10_0based	mm10_0based	mm10_0based	mm10_0based:base_row_15967	mm10_0based:chr1:74967500-74968912:.	mm10_0based:7	mm10_0based:01_circBase,02_circAtlas,04_CircBank,07_FL-circAS,39_CircASbase,40_CircAI,41_m6A2Circ	mm9_1based:ok;mm9_0based:ok	
mmu_circRNA_006032	chr17	39845455	39845525	NA	XLOC_010800	mm10_0based	mm10_0based	mm10_0based	mm10_0based:base_row_523535	mm10_0based:chr17:39845456-39845525:.	mm10_0based:2	mm10_0based:01_circBase,04_CircBank	mm9_1based:ok;mm9_0based:ok	
mmu_circRNA_006096	chr17	24091420	24111117	NA	Pdpk1	mm10_0based	mm10_0based	mm10_0based	mm10_0based:base_row_515175	mm10_0based:chr17:24091421-24111117:.	mm10_0based:7	mm10_0based:01_circBase,02_circAtlas,03_CIRCpedia,04_CircBank,07_FL-circAS,39_CircASbase,40_CircAI	mm9_1based:ok;mm9_0based:ok	
mmu_circRNA_006173	chr12	76938186	76938246	NA	Max	mm10_0based	mm10_0based	mm10_0based	mm10_0based:base_row_408232	mm10_0based:chr12:76938187-76938246:.	mm10_0based:2	mm10_0based:01_circBase,04_CircBank	mm9_1based:ok;mm9_0based:ok	
mmu_circRNA_006562	chr10	128585091	128586211	NA	Erbb3	mm10_0based	mm10_0based	mm10_0based	mm10_0based:base_row_351422	mm10_0based:chr10:128585092-128586211:.	mm10_0based:2	mm10_0based:01_circBase,04_CircBank	mm9_1based:ok;mm9_0based:ok	
mmu_circRNA_006664	chr14	50807650	50807769	NA	Rpph1	mm10_0based	mm10_0based	mm10_0based	mm10_0based:base_row_453025	mm10_0based:chr14:50807651-50807769:.	mm10_0based:3	mm10_0based:01_circBase,04_CircBank,18_riboCIRC	mm9_1based:ok;mm9_0based:ok	
mmu_circRNA_006982	chr3	123601440	123634340	NA	Ndst3	mm10_0based	mm10_0based	mm10_0based	mm10_0based:base_row_113577	mm10_0based:chr3:123601441-123634340:.	mm10_0based:10	mm10_0based:01_circBase,02_circAtlas,03_CIRCpedia,04_CircBank,07_FL-circAS,08_TSCD,21_CircTarget,39_CircASbase,40_CircAI,41_m6A2Circ	mm9_1based:ok;mm9_0based:ok	
mmu_circRNA_007066	chr7	19697495	19697627	NA	Apoe	mm10_0based	mm10_0based	mm10_0based	mm10_0based:base_row_226325	mm10_0based:chr7:19697496-19697627:.	mm10_0based:2	mm10_0based:01_circBase,04_CircBank	mm9_1based:ok;mm9_0based:ok	
mmu_circRNA_007152	chr4	139388367	139406648	NA	Ubr4	mm10_0based	mm10_0based	mm10_0based	mm10_0based:base_row_148037	mm10_0based:chr4:139388368-139406648:.	mm10_0based:2	mm10_0based:01_circBase,04_CircBank	mm9_1based:ok;mm9_0based:ok	
mmu_circRNA_007325	chr14	72563483	72584844	NA	Fndc3a	mm10_0based	mm10_0based	mm10_0based	mm10_0based:base_row_459397	mm10_0based:chr14:72563484-72584844:.	mm10_0based:8	mm10_0based:01_circBase,02_circAtlas,03_CIRCpedia,04_CircBank,07_FL-circAS,39_CircASbase,40_CircAI,41_m6A2Circ	mm9_1based:ok;mm9_0based:ok	
mmu_circRNA_007507	chr7	80097803	80097873	NA	Idh2	mm10_0based	mm10_0based	mm10_0based	mm10_0based:base_row_241469	mm10_0based:chr7:80097804-80097873:.	mm10_0based:2	mm10_0based:01_circBase,04_CircBank	mm9_1based:ok;mm9_0based:ok	
mmu_circRNA_007585	chr2	91805023	91825352	NA	Ambra1	mm10_0based	mm10_0based	mm10_0based	mm10_0based:base_row_67473	mm10_0based:chr2:91805024-91825352:.	mm10_0based:10	mm10_0based:01_circBase,02_circAtlas,03_CIRCpedia,04_CircBank,07_FL-circAS,08_TSCD,30_CircR2Disease,39_CircASbase,40_CircAI,41_m6A2Circ	mm9_1based:ok;mm9_0based:ok	
mmu_circRNA_007635	chr1	183335966	183336029	NA	Mia3	mm10_0based	mm10_0based	mm10_0based	mm10_0based:base_row_40032	mm10_0based:chr1:183335967-183336029:.	mm10_0based:1	mm10_0based:01_circBase	mm9_1based:ok;mm9_0based:ok	
mmu_circRNA_007653	chr9	20891082	20891206	NA	Ppan	mm10_0based	mm10_0based	mm10_0based	mm10_0based:base_row_290260	mm10_0based:chr9:20891083-20891206:.	mm10_0based:3	mm10_0based:01_circBase,03_CIRCpedia,04_CircBank	mm9_1based:ok;mm9_0based:ok	
mmu_circRNA_007687	chr11	107592705	107649340	NA	Helz	mm10_0based	mm10_0based	mm10_0based	mm10_0based:base_row_389044	mm10_0based:chr11:107592706-107649340:.	mm10_0based:7	mm10_0based:01_circBase,02_circAtlas,03_CIRCpedia,04_CircBank,07_FL-circAS,39_CircASbase,40_CircAI	mm9_1based:ok;mm9_0based:ok	
mmu_circRNA_007731	chr15	81382979	81392322	NA	St13	mm10_0based	mm10_0based	mm10_0based	mm10_0based:base_row_481479	mm10_0based:chr15:81382980-81392322:.	mm10_0based:8	mm10_0based:01_circBase,02_circAtlas,03_CIRCpedia,04_CircBank,07_FL-circAS,39_CircASbase,40_CircAI,41_m6A2Circ	mm9_1based:ok;mm9_0based:ok	
mmu_circRNA_007907	chr4	43492929	43493057	NA	Rmrp	mm10_0based	mm10_0based	mm10_0based	mm10_0based:base_row_124781	mm10_0based:chr4:43492930-43493057:.	mm10_0based:2	mm10_0based:01_circBase,04_CircBank	mm9_1based:ok;mm9_0based:ok	
mmu_circRNA_007951	chr8	84000184	84000254	NA	Samd1	mm10_0based	mm10_0based	mm10_0based	mm10_0based:base_row_275226	mm10_0based:chr8:84000185-84000254:.	mm10_0based:2	mm10_0based:01_circBase,04_CircBank	mm9_1based:ok;mm9_0based:ok	
mmu_circRNA_008154	chr7	27310180	27310787	NA	Ltbp4	mm10_0based	mm10_0based	mm10_0based	mm10_0based:base_row_227859	mm10_0based:chr7:27310181-27310787:.	mm10_0based:7	mm10_0based:01_circBase,02_circAtlas,03_CIRCpedia,04_CircBank,07_FL-circAS,39_CircASbase,40_CircAI	mm9_1based:ok;mm9_0based:ok	
mmu_circRNA_008472	chr1	195018600	195024406	NA	A330023F24Rik	mm10_0based	mm10_0based	mm10_0based	mm10_0based:base_row_42153	mm10_0based:chr1:195018601-195024406:.	mm10_0based:8	mm10_0based:01_circBase,02_circAtlas,03_CIRCpedia,04_CircBank,07_FL-circAS,30_CircR2Disease,39_CircASbase,40_CircAI	mm9_1based:ok;mm9_0based:ok	
mmu_circRNA_008488	chr12	51772273	51772705	NA	Hectd1	mm10_0based	mm10_0based	mm10_0based	mm10_0based:base_row_402954	mm10_0based:chr12:51772274-51772705:.	mm10_0based:8	mm10_0based:01_circBase,02_circAtlas,03_CIRCpedia,04_CircBank,07_FL-circAS,39_CircASbase,40_CircAI,41_m6A2Circ	mm9_1based:ok;mm9_0based:ok	
mmu_circRNA_008647	chr4	109083088	109102592	NA	Osbpl9	mm10_0based	mm10_0based	mm10_0based	mm10_0based:base_row_137227	mm10_0based:chr4:109083089-109102592:.	mm10_0based:4	mm10_0based:01_circBase,03_CIRCpedia,04_CircBank,07_FL-circAS	mm9_1based:ok;mm9_0based:ok	
mmu_circRNA_008758	chr17	39845119	39845201	NA	Rn45s	mm10_0based	mm10_0based	mm10_0based	mm10_0based:base_row_523478	mm10_0based:chr17:39845120-39845201:.	mm10_0based:2	mm10_0based:01_circBase,04_CircBank	mm9_1based:ok;mm9_0based:ok	
mmu_circRNA_008777	chr11	6311008	6317080	NA	Ogdh	mm10_0based	mm10_0based	mm10_0based	mm10_0based:base_row_353684	mm10_0based:chr11:6311009-6317080:.	mm10_0based:7	mm10_0based:01_circBase,02_circAtlas,04_CircBank,07_FL-circAS,39_CircASbase,40_CircAI,41_m6A2Circ	mm9_1based:ok;mm9_0based:ok	
mmu_circRNA_008902	chr6	37353556	37364143	NA	Creb3l2	mm10_0based	mm10_0based	mm10_0based	mm10_0based:base_row_199195	mm10_0based:chr6:37353557-37364143:.	mm10_0based:7	mm10_0based:01_circBase,02_circAtlas,03_CIRCpedia,04_CircBank,07_FL-circAS,39_CircASbase,40_CircAI	mm9_1based:ok;mm9_0based:ok	
mmu_circRNA_009050	chr14	29055886	29062540	NA	Cacna2d3	mm10_0based	mm10_0based	mm10_0based	mm10_0based:base_row_448242	mm10_0based:chr14:29055887-29062540:.	mm10_0based:8	mm10_0based:01_circBase,02_circAtlas,03_CIRCpedia,04_CircBank,07_FL-circAS,08_TSCD,39_CircASbase,40_CircAI	mm9_1based:ok;mm9_0based:ok	
mmu_circRNA_009129	chr9	45972941	45978729	NA	Pafah1b2	mm10_0based	mm10_0based	mm10_0based	mm10_0based:base_row_297072	mm10_0based:chr9:45972942-45978729:.	mm10_0based:8	mm10_0based:01_circBase,02_circAtlas,03_CIRCpedia,04_CircBank,07_FL-circAS,39_CircASbase,40_CircAI,41_m6A2Circ	mm9_1based:ok;mm9_0based:ok	
mmu_circRNA_009295	chr1	165478220	165479578	NA	Mpc2	mm10_0based	mm10_0based	mm10_0based	mm10_0based:base_row_34683	mm10_0based:chr1:165478221-165479578:.	mm10_0based:3	mm10_0based:01_circBase,03_CIRCpedia,04_CircBank	mm9_1based:ok;mm9_0based:ok	
mmu_circRNA_009326	chr4	9281387	9350821	NA	Clvs1	mm10_0based	mm10_0based	mm10_0based	mm10_0based:base_row_120162	mm10_0based:chr4:9281388-9350821:.	mm10_0based:10	mm10_0based:01_circBase,02_circAtlas,03_CIRCpedia,04_CircBank,07_FL-circAS,08_TSCD,36_CircAge,39_CircASbase,40_CircAI,41_m6A2Circ	mm9_1based:ok;mm9_0based:ok	
mmu_circRNA_009340	chr13	23739295	23739355	NA	Hist1h1c	mm10_0based	mm10_0based	mm10_0based	mm10_0based:base_row_424718	mm10_0based:chr13:23739296-23739355:.	mm10_0based:2	mm10_0based:01_circBase,04_CircBank	mm9_1based:ok;mm9_0based:ok	
mmu_circRNA_009370	chr17	39844697	39845062	NA	Rn45s	mm10_0based	mm10_0based	mm10_0based	mm10_0based:base_row_523405	mm10_0based:chr17:39844698-39845062:.	mm10_0based:3	mm10_0based:01_circBase,02_circAtlas,04_CircBank	mm9_1based:ok;mm9_0based:ok	
mmu_circRNA_009629	chr9	83988775	84012619	NA	Bckdhb	mm10_0based	mm10_0based	mm10_0based	mm10_0based:base_row_309915	mm10_0based:chr9:83988776-84012619:.	mm10_0based:7	mm10_0based:01_circBase,02_circAtlas,03_CIRCpedia,04_CircBank,07_FL-circAS,39_CircASbase,40_CircAI	mm9_1based:ok;mm9_0based:ok	
mmu_circRNA_009782	chr10	90069467	90163304	NA	Anks1b	mm10_0based	mm10_0based	mm10_0based	mm10_0based:base_row_342685	mm10_0based:chr10:90069468-90163304:.	mm10_0based:8	mm10_0based:01_circBase,02_circAtlas,03_CIRCpedia,04_CircBank,07_FL-circAS,08_TSCD,39_CircASbase,40_CircAI	mm9_1based:ok;mm9_0based:ok	
mmu_circRNA_010239	chr13	93341755	93356079	NA	Homer1	mm10_0based	mm10_0based	mm10_0based	mm10_0based:base_row_436798	mm10_0based:chr13:93341756-93356079:.	mm10_0based:8	mm10_0based:01_circBase,02_circAtlas,03_CIRCpedia,04_CircBank,07_FL-circAS,39_CircASbase,40_CircAI,41_m6A2Circ	mm9_1based:ok;mm9_0based:ok	
mmu_circRNA_010308	chr18	16640421	16650498	NA	Cdh2	mm10_0based	mm10_0based	mm10_0based	mm10_0based:base_row_539585	mm10_0based:chr18:16640422-16650498:.	mm10_0based:8	mm10_0based:01_circBase,02_circAtlas,03_CIRCpedia,04_CircBank,07_FL-circAS,39_CircASbase,40_CircAI,41_m6A2Circ	mm9_1based:ok;mm9_0based:ok	
mmu_circRNA_010484	chr6	88355482	88358642	NA	Eefsec	mm10_0based	mm10_0based	mm10_0based	mm10_0based:base_row_208898	mm10_0based:chr6:88355483-88358642:.	mm10_0based:9	mm10_0based:01_circBase,02_circAtlas,03_CIRCpedia,04_CircBank,07_FL-circAS,18_riboCIRC,39_CircASbase,40_CircAI,41_m6A2Circ	mm9_1based:ok;mm9_0based:ok	
mmu_circRNA_010546	chr1	36143518	36143600	NA	Uggt1	mm10_0based	mm10_0based	mm10_0based	mm10_0based:base_row_5770	mm10_0based:chr1:36143519-36143600:.	mm10_0based:2	mm10_0based:01_circBase,04_CircBank	mm9_1based:ok;mm9_0based:ok	
mmu_circRNA_010658	chr17	39845378	39845558	NA	Rn45s	mm10_0based	mm10_0based	mm10_0based	mm10_0based:base_row_523526	mm10_0based:chr17:39845379-39845558:.	mm10_0based:4	mm10_0based:01_circBase,02_circAtlas,04_CircBank,08_TSCD	mm9_1based:ok;mm9_0based:ok	
mmu_circRNA_010749	chr17	39844697	39844867	NA	Rn45s	mm10_0based	mm10_0based	mm10_0based	mm10_0based:base_row_523402	mm10_0based:chr17:39844698-39844867:.	mm10_0based:5	mm10_0based:01_circBase,02_circAtlas,04_CircBank,39_CircASbase,40_CircAI	mm9_1based:ok;mm9_0based:ok	
mmu_circRNA_011174	chr17	39846503	39846663	NA	XLOC_010800	mm10_0based	mm10_0based	mm10_0based	mm10_0based:base_row_523614	mm10_0based:chr17:39846504-39846663:.	mm10_0based:6	mm10_0based:01_circBase,02_circAtlas,04_CircBank,39_CircASbase,40_CircAI,41_m6A2Circ	mm9_1based:ok;mm9_0based:ok	
mmu_circRNA_011235	chr15	62107147	62107465	NA	Pvt1	mm10_0based	mm10_0based	mm10_0based	mm10_0based:base_row_476034	mm10_0based:chr15:62107148-62107465:.	mm10_0based:8	mm10_0based:01_circBase,02_circAtlas,03_CIRCpedia,04_CircBank,07_FL-circAS,39_CircASbase,40_CircAI,41_m6A2Circ	mm9_1based:ok;mm9_0based:ok	
mmu_circRNA_011381	chr11	11932646	11932697	NA	Grb10	mm10_0based	mm10_0based	mm10_0based	mm10_0based:base_row_354665	mm10_0based:chr11:11932647-11932697:.	mm10_0based:2	mm10_0based:01_circBase,04_CircBank	mm9_1based:ok;mm9_0based:ok	
mmu_circRNA_011728	chr19	5796518	5796569	NA	Malat1	ambiguous	mm10_0based,mm9_0based		mm10_0based:base_row_556516;mm9_0based:base_row_556516	mm10_0based:chr19:5796519-5796569:.;mm9_0based:chr19:5796519-5796569:.	mm10_0based:3;mm9_0based:3	mm10_0based:01_circBase,04_CircBank,21_CircTarget;mm9_0based:01_circBase,04_CircBank,21_CircTarget	mm9_1based:ok;mm9_0based:ok	
mmu_circRNA_011775	chr17	39847505	39847620	NA	Rn45s	mm10_0based	mm10_0based	mm10_0based	mm10_0based:base_row_523747	mm10_0based:chr17:39847506-39847620:.	mm10_0based:3	mm10_0based:01_circBase,04_CircBank,08_TSCD	mm9_1based:ok;mm9_0based:ok	
mmu_circRNA_011883	chr4	43492828	43492902	NA	Ccdc107	mm10_0based	mm10_0based	mm10_0based	mm10_0based:base_row_124777	mm10_0based:chr4:43492829-43492902:.	mm10_0based:2	mm10_0based:01_circBase,04_CircBank	mm9_1based:ok;mm9_0based:ok	
mmu_circRNA_012164	chr13	23739382	23739448	NA	Hist1h1c	mm10_0based	mm10_0based	mm10_0based	mm10_0based:base_row_424722	mm10_0based:chr13:23739383-23739448:.	mm10_0based:3	mm10_0based:01_circBase,04_CircBank,30_CircR2Disease	mm9_1based:ok;mm9_0based:ok	
mmu_circRNA_012199	chr4	117564620	117615241	NA	Eri3	mm10_0based	mm10_0based	mm10_0based	mm10_0based:base_row_139067	mm10_0based:chr4:117564621-117615241:.	mm10_0based:8	mm10_0based:01_circBase,02_circAtlas,03_CIRCpedia,04_CircBank,07_FL-circAS,39_CircASbase,40_CircAI,41_m6A2Circ	mm9_1based:ok;mm9_0based:ok	
mmu_circRNA_012342	chr14	50807499	50807650	NA	Rpph1	mm10_0based	mm10_0based	mm10_0based	mm10_0based:base_row_453008	mm10_0based:chr14:50807500-50807650:.	mm10_0based:3	mm10_0based:01_circBase,04_CircBank,07_FL-circAS	mm9_1based:ok;mm9_0based:ok	
mmu_circRNA_012412	chr17	39845057	39845140	NA	Rn45s	mm10_0based	mm10_0based	mm10_0based	mm10_0based:base_row_523457	mm10_0based:chr17:39845058-39845140:.	mm10_0based:2	mm10_0based:01_circBase,04_CircBank	mm9_1based:ok;mm9_0based:ok	
mmu_circRNA_012933	chr11	75491961	75492037	NA	Prpf8	mm10_0based	mm10_0based	mm10_0based	mm10_0based:base_row_372694	mm10_0based:chr11:75491962-75492037:.	mm10_0based:2	mm10_0based:01_circBase,04_CircBank	mm9_1based:ok;mm9_0based:ok	
mmu_circRNA_012978	chr17	24624819	24625014	NA	Tsc2	mm10_0based	mm10_0based	mm10_0based	mm10_0based:base_row_515776	mm10_0based:chr17:24624820-24625014:.	mm10_0based:2	mm10_0based:01_circBase,04_CircBank	mm9_1based:ok;mm9_0based:ok	
mmu_circRNA_013447	chr13	23739397	23739448	NA	Hist1h1c	mm10_0based	mm10_0based	mm10_0based	mm10_0based:base_row_424724	mm10_0based:chr13:23739398-23739448:.	mm10_0based:2	mm10_0based:01_circBase,04_CircBank	mm9_1based:ok;mm9_0based:ok	
mmu_circRNA_013565	chr15	89084808	89084882	NA	Trabd	mm10_0based	mm10_0based	mm10_0based	mm10_0based:base_row_483965	mm10_0based:chr15:89084809-89084882:.	mm10_0based:3	mm10_0based:01_circBase,03_CIRCpedia,04_CircBank	mm9_1based:ok;mm9_0based:ok	
mmu_circRNA_013874	chr17	39845119	39845378	NA	Rn45s	mm10_0based	mm10_0based	mm10_0based	mm10_0based:base_row_523481	mm10_0based:chr17:39845120-39845378:.	mm10_0based:4	mm10_0based:01_circBase,02_circAtlas,04_CircBank,21_CircTarget	mm9_1based:ok;mm9_0based:ok	
mmu_circRNA_013885	chr17	39845288	39845357	NA	Gm26917	mm10_0based	mm10_0based	mm10_0based	mm10_0based:base_row_523512	mm10_0based:chr17:39845289-39845357:.	mm10_0based:2	mm10_0based:01_circBase,04_CircBank	mm9_1based:ok;mm9_0based:ok	
mmu_circRNA_013935	chr19	4784723	4785567	NA	Gm21992	ambiguous	mm10_0based,mm9_0based		mm10_0based:base_row_555370;mm9_0based:base_row_555370	mm10_0based:chr19:4784724-4785567:.;mm9_0based:chr19:4784724-4785567:.	mm10_0based:7;mm9_0based:7	mm10_0based:01_circBase,02_circAtlas,04_CircBank,07_FL-circAS,39_CircASbase,40_CircAI,41_m6A2Circ;mm9_0based:01_circBase,02_circAtlas,04_CircBank,07_FL-circAS,39_CircASbase,40_CircAI,41_m6A2Circ	mm9_1based:ok;mm9_0based:ok	
mmu_circRNA_014147	chr10	128441873	128441963	NA	NA	mm10_0based	mm10_0based	mm10_0based	mm10_0based:base_row_351178	mm10_0based:chr10:128441874-128441963:.	mm10_0based:3	mm10_0based:01_circBase,04_CircBank,07_FL-circAS	mm9_1based:ok;mm9_0based:ok	
mmu_circRNA_014151	chr12	111321521	111321572	NA	Cdc42bpb	mm10_0based	mm10_0based	mm10_0based	mm10_0based:base_row_418623	mm10_0based:chr12:111321522-111321572:.	mm10_0based:2	mm10_0based:01_circBase,04_CircBank	mm9_1based:ok;mm9_0based:ok	
mmu_circRNA_014199	chr2	25570017	25570112	NA	Mamdc4	mm10_0based	mm10_0based	mm10_0based	mm10_0based:base_row_47923	mm10_0based:chr2:25570018-25570112:.	mm10_0based:2	mm10_0based:01_circBase,04_CircBank	mm9_1based:ok;mm9_0based:ok	
mmu_circRNA_014320	chr17	39844161	39844293	NA	XLOC_010800	mm10_0based	mm10_0based	mm10_0based	mm10_0based:base_row_523236	mm10_0based:chr17:39844162-39844293:.	mm10_0based:2	mm10_0based:01_circBase,04_CircBank	mm9_1based:ok;mm9_0based:ok	
mmu_circRNA_014395	chr17	39845288	39845378	NA	Gm26917	mm10_0based	mm10_0based	mm10_0based	mm10_0based:base_row_523513	mm10_0based:chr17:39845289-39845378:.	mm10_0based:2	mm10_0based:01_circBase,04_CircBank	mm9_1based:ok;mm9_0based:ok	
mmu_circRNA_014539	chr7	110027070	110031766	NA	Ipo7	mm10_0based	mm10_0based	mm10_0based	mm10_0based:base_row_248338	mm10_0based:chr7:110027071-110031766:.	mm10_0based:8	mm10_0based:01_circBase,02_circAtlas,03_CIRCpedia,04_CircBank,07_FL-circAS,39_CircASbase,40_CircAI,41_m6A2Circ	mm9_1based:ok;mm9_0based:ok	
mmu_circRNA_014721	chr5	73101453	73112852	NA	Fryl	mm10_0based	mm10_0based	mm10_0based	mm10_0based:base_row_169345	mm10_0based:chr5:73101454-73112852:.	mm10_0based:7	mm10_0based:01_circBase,02_circAtlas,03_CIRCpedia,04_CircBank,07_FL-circAS,39_CircASbase,40_CircAI	mm9_1based:ok;mm9_0based:ok	
mmu_circRNA_014903	chr17	39845363	39845422	NA	XLOC_010800	mm10_0based	mm10_0based	mm10_0based	mm10_0based:base_row_523522	mm10_0based:chr17:39845364-39845422:.	mm10_0based:3	mm10_0based:01_circBase,04_CircBank,21_CircTarget	mm9_1based:ok;mm9_0based:ok	
mmu_circRNA_015101	chr11	50299128	50301054	NA	Canx	mm10_0based	mm10_0based	mm10_0based	mm10_0based:base_row_362158	mm10_0based:chr11:50299129-50301054:.	mm10_0based:8	mm10_0based:01_circBase,02_circAtlas,03_CIRCpedia,04_CircBank,07_FL-circAS,39_CircASbase,40_CircAI,41_m6A2Circ	mm9_1based:ok;mm9_0based:ok	
mmu_circRNA_015102	chr11	50307469	50310867	NA	Canx	mm10_0based	mm10_0based	mm10_0based	mm10_0based:base_row_362210	mm10_0based:chr11:50307470-50310867:.	mm10_0based:7	mm10_0based:01_circBase,02_circAtlas,03_CIRCpedia,04_CircBank,07_FL-circAS,39_CircASbase,40_CircAI	mm9_1based:ok;mm9_0based:ok	
mmu_circRNA_015184	chr5	115440484	115441445	NA	Msi1	mm10_0based	mm10_0based	mm10_0based	mm10_0based:base_row_179456	mm10_0based:chr5:115440485-115441445:.	mm10_0based:6	mm10_0based:01_circBase,02_circAtlas,03_CIRCpedia,04_CircBank,39_CircASbase,40_CircAI	mm9_1based:ok;mm9_0based:ok	
mmu_circRNA_015214	chr17	39845455	39845519	NA	XLOC_010800	mm10_0based	mm10_0based	mm10_0based	mm10_0based:base_row_523534	mm10_0based:chr17:39845456-39845519:.	mm10_0based:2	mm10_0based:01_circBase,04_CircBank	mm9_1based:ok;mm9_0based:ok	
mmu_circRNA_015273	chr17	39845502	39845553	NA	Rn45s	mm10_0based	mm10_0based	mm10_0based	mm10_0based:base_row_523541	mm10_0based:chr17:39845503-39845553:.	mm10_0based:2	mm10_0based:01_circBase,04_CircBank	mm9_1based:ok;mm9_0based:ok	
mmu_circRNA_015633	chr13	23551474	23581741	NA	Hist1h4f	mm10_0based	mm10_0based	mm10_0based	mm10_0based:base_row_424689	mm10_0based:chr13:23551475-23581741:.	mm10_0based:2	mm10_0based:01_circBase,04_CircBank	mm9_1based:ok;mm9_0based:ok	
mmu_circRNA_015798	chr17	39845117	39845219	NA	Rn45s	mm10_0based	mm10_0based	mm10_0based	mm10_0based:base_row_523472	mm10_0based:chr17:39845118-39845219:.	mm10_0based:2	mm10_0based:01_circBase,04_CircBank	mm9_1based:ok;mm9_0based:ok	
mmu_circRNA_016157	chr7	102023311	102023413	NA	Rnf121	mm10_0based	mm10_0based	mm10_0based	mm10_0based:base_row_247050	mm10_0based:chr7:102023312-102023413:.	mm10_0based:6	mm10_0based:01_circBase,03_CIRCpedia,04_CircBank,07_FL-circAS,08_TSCD,41_m6A2Circ	mm9_1based:ok;mm9_0based:ok	
mmu_circRNA_016182	chr9	80087429	80103764	NA	Senp6	mm10_0based	mm10_0based	mm10_0based	mm10_0based:base_row_309029	mm10_0based:chr9:80087430-80103764:.	mm10_0based:8	mm10_0based:01_circBase,02_circAtlas,03_CIRCpedia,04_CircBank,07_FL-circAS,39_CircASbase,40_CircAI,41_m6A2Circ	mm9_1based:ok;mm9_0based:ok	
mmu_circRNA_016208	chr11	75264756	75266364	NA	Rtn4rl1	mm10_0based	mm10_0based	mm10_0based	mm10_0based:base_row_372543	mm10_0based:chr11:75264757-75266364:.	mm10_0based:7	mm10_0based:01_circBase,02_circAtlas,04_CircBank,07_FL-circAS,39_CircASbase,40_CircAI,41_m6A2Circ	mm9_1based:ok;mm9_0based:ok	
mmu_circRNA_016648	chr6	4531253	4531343	NA	Col1a2	mm10_0based	mm10_0based	mm10_0based	mm10_0based:base_row_193440	mm10_0based:chr6:4531254-4531343:.	mm10_0based:2	mm10_0based:01_circBase,04_CircBank	mm9_1based:ok;mm9_0based:ok	
mmu_circRNA_016692	chr8	3202889	3211700	NA	Insr	ambiguous	mm10_0based,mm9_0based		mm10_0based:base_row_259975;mm9_0based:base_row_259975	mm10_0based:chr8:3202890-3211700:.;mm9_0based:chr8:3202890-3211700:.	mm10_0based:8;mm9_0based:8	mm10_0based:01_circBase,02_circAtlas,03_CIRCpedia,04_CircBank,07_FL-circAS,08_TSCD,39_CircASbase,40_CircAI;mm9_0based:01_circBase,02_circAtlas,03_CIRCpedia,04_CircBank,07_FL-circAS,08_TSCD,39_CircASbase,40_CircAI	mm9_1based:ok;mm9_0based:ok	
mmu_circRNA_016702	chr4	9583811	9610938	NA	Asph	mm10_0based	mm10_0based	mm10_0based	mm10_0based:base_row_120285	mm10_0based:chr4:9583812-9610938:.	mm10_0based:10	mm10_0based:01_circBase,02_circAtlas,03_CIRCpedia,04_CircBank,07_FL-circAS,18_riboCIRC,36_CircAge,39_CircASbase,40_CircAI,41_m6A2Circ	mm9_1based:ok;mm9_0based:ok	
mmu_circRNA_016723	chr2	13574333	13574435	NA	Vim	mm10_0based	mm10_0based	mm10_0based	mm10_0based:base_row_44596	mm10_0based:chr2:13574334-13574435:.	mm10_0based:2	mm10_0based:01_circBase,04_CircBank	mm9_1based:ok;mm9_0based:ok	
mmu_circRNA_016772	chrX	48370804	48370937	NA	Bcorl1	mm10_0based	mm10_0based	mm10_0based	mm10_0based:base_row_576491	mm10_0based:chrX:48370805-48370937:.	mm10_0based:2	mm10_0based:01_circBase,04_CircBank	mm9_1based:ok;mm9_0based:ok	
mmu_circRNA_016779	chr9	108714272	108733263	NA	Prkar2a	mm10_0based	mm10_0based	mm10_0based	mm10_0based:base_row_317465	mm10_0based:chr9:108714273-108733263:.	mm10_0based:7	mm10_0based:01_circBase,02_circAtlas,03_CIRCpedia,04_CircBank,07_FL-circAS,39_CircASbase,40_CircAI	mm9_1based:ok;mm9_0based:ok	
mmu_circRNA_016806	chr17	64710703	64714712	NA	Man2a1	mm10_0based	mm10_0based	mm10_0based	mm10_0based:base_row_529257	mm10_0based:chr17:64710704-64714712:.	mm10_0based:7	mm10_0based:01_circBase,02_circAtlas,03_CIRCpedia,04_CircBank,07_FL-circAS,39_CircASbase,40_CircAI	mm9_1based:ok;mm9_0based:ok	
mmu_circRNA_016901	chr17	83221789	83222230	NA	Pkdcc	mm10_0based	mm10_0based	mm10_0based	mm10_0based:base_row_534141	mm10_0based:chr17:83221790-83222230:.	mm10_0based:6	mm10_0based:01_circBase,02_circAtlas,03_CIRCpedia,04_CircBank,39_CircASbase,40_CircAI	mm9_1based:ok;mm9_0based:ok	
mmu_circRNA_016983	chr14	50807650	50807760	NA	Rpph1	mm10_0based	mm10_0based	mm10_0based	mm10_0based:base_row_453024	mm10_0based:chr14:50807651-50807760:.	mm10_0based:2	mm10_0based:01_circBase,04_CircBank	mm9_1based:ok;mm9_0based:ok	
mmu_circRNA_017115	chr11	103046378	103055289	NA	Nmt1	mm10_0based	mm10_0based	mm10_0based	mm10_0based:base_row_386147	mm10_0based:chr11:103046379-103055289:.	mm10_0based:8	mm10_0based:01_circBase,02_circAtlas,03_CIRCpedia,04_CircBank,07_FL-circAS,39_CircASbase,40_CircAI,41_m6A2Circ	mm9_1based:ok;mm9_0based:ok	
mmu_circRNA_017278	chr17	39844716	39844791	NA	Rn45s	mm10_0based	mm10_0based	mm10_0based	mm10_0based:base_row_523411	mm10_0based:chr17:39844717-39844791:.	mm10_0based:2	mm10_0based:01_circBase,04_CircBank	mm9_1based:ok;mm9_0based:ok	
mmu_circRNA_017338	chr10	18092844	18094908	NA	Reps1	mm10_0based	mm10_0based	mm10_0based	mm10_0based:base_row_325924	mm10_0based:chr10:18092845-18094908:.	mm10_0based:8	mm10_0based:01_circBase,02_circAtlas,03_CIRCpedia,04_CircBank,07_FL-circAS,39_CircASbase,40_CircAI,41_m6A2Circ	mm9_1based:ok;mm9_0based:ok	
mmu_circRNA_017352	chr13	48932296	48934078	NA	Fam120a	mm10_0based	mm10_0based	mm10_0based	mm10_0based:base_row_428644	mm10_0based:chr13:48932297-48934078:.	mm10_0based:8	mm10_0based:01_circBase,02_circAtlas,03_CIRCpedia,04_CircBank,07_FL-circAS,39_CircASbase,40_CircAI,41_m6A2Circ	mm9_1based:ok;mm9_0based:ok	
mmu_circRNA_017518	chr4	129715575	129715677	NA	Khdrbs1	mm10_0based	mm10_0based	mm10_0based	mm10_0based:base_row_143526	mm10_0based:chr4:129715576-129715677:.	mm10_0based:2	mm10_0based:01_circBase,04_CircBank	mm9_1based:ok;mm9_0based:ok	
mmu_circRNA_017649	chr1	89627760	89634294	NA	Agap1	mm10_0based	mm10_0based	mm10_0based	mm10_0based:base_row_19811	mm10_0based:chr1:89627761-89634294:.	mm10_0based:8	mm10_0based:01_circBase,02_circAtlas,03_CIRCpedia,04_CircBank,07_FL-circAS,39_CircASbase,40_CircAI,41_m6A2Circ	mm9_1based:ok;mm9_0based:ok	
mmu_circRNA_017811	chr14	50807499	50807604	NA	Rpph1	mm10_0based	mm10_0based	mm10_0based	mm10_0based:base_row_453006	mm10_0based:chr14:50807500-50807604:.	mm10_0based:2	mm10_0based:01_circBase,04_CircBank	mm9_1based:ok;mm9_0based:ok	
mmu_circRNA_018032	chr17	39844601	39844723	NA	Rn45s	mm10_0based	mm10_0based	mm10_0based	mm10_0based:base_row_523391	mm10_0based:chr17:39844602-39844723:.	mm10_0based:2	mm10_0based:01_circBase,04_CircBank	mm9_1based:ok;mm9_0based:ok	
mmu_circRNA_018314	chr15	6435458	6435530	NA	Dab2	mm10_0based	mm10_0based	mm10_0based	mm10_0based:base_row_466907	mm10_0based:chr15:6435459-6435530:.	mm10_0based:2	mm10_0based:01_circBase,04_CircBank	mm9_1based:ok;mm9_0based:ok	
mmu_circRNA_018371	chr5	36922967	36940261	NA	Ppp2r2c	mm10_0based	mm10_0based	mm10_0based	mm10_0based:base_row_163759	mm10_0based:chr5:36922968-36940261:.	mm10_0based:9	mm10_0based:01_circBase,02_circAtlas,03_CIRCpedia,04_CircBank,07_FL-circAS,08_TSCD,39_CircASbase,40_CircAI,41_m6A2Circ	mm9_1based:ok;mm9_0based:ok	
mmu_circRNA_018450	chr8	127370247	127389498	NA	Pard3	mm10_0based	mm10_0based	mm10_0based	mm10_0based:base_row_287209	mm10_0based:chr8:127370248-127389498:.	mm10_0based:8	mm10_0based:01_circBase,02_circAtlas,03_CIRCpedia,04_CircBank,07_FL-circAS,39_CircASbase,40_CircAI,41_m6A2Circ	mm9_1based:ok;mm9_0based:ok	
mmu_circRNA_018725	chr9	55838119	55859918	NA	Scaper	mm10_0based	mm10_0based	mm10_0based	mm10_0based:base_row_299901	mm10_0based:chr9:55838120-55859918:.	mm10_0based:8	mm10_0based:01_circBase,02_circAtlas,03_CIRCpedia,04_CircBank,07_FL-circAS,39_CircASbase,40_CircAI,41_m6A2Circ	mm9_1based:ok;mm9_0based:ok	
mmu_circs_new_00000068	chr12	38826950	38900430	NA	Dgkb	mm9_0based	mm9_0based	mm9_0based	mm9_0based:base_row_401254	mm9_0based:chr12:38100364-38173843:.	mm9_0based:6	mm9_0based:02_circAtlas,03_CIRCpedia,04_CircBank,07_FL-circAS,39_CircASbase,40_CircAI	mm9_1based:ok;mm9_0based:ok	
mmu_circs_new_00000149	chr1	169008667	169018750	NA	Fam78b	mm9_0based	mm9_0based	mm9_0based	mm9_0based:base_row_35016	mm9_0based:chr1:167078537-167088619:.	mm9_0based:6	mm9_0based:02_circAtlas,04_CircBank,07_FL-circAS,39_CircASbase,40_CircAI,41_m6A2Circ	mm9_1based:ok;mm9_0based:ok	
mmu_circs_new_00000252	chr10	5126036	5131349	NA	Syne1	mm9_0based	mm9_0based	mm9_0based	mm9_0based:base_row_323407	mm9_0based:chr10:5215192-5220504:.	mm9_0based:6	mm9_0based:02_circAtlas,03_CIRCpedia,04_CircBank,07_FL-circAS,39_CircASbase,40_CircAI	mm9_1based:ok;mm9_0based:ok	
mmu_circs_new_00000356	chr14	35490139	35508291	NA	Wapl	mm9_0based	mm9_0based	mm9_0based	mm9_0based:base_row_450816	mm9_0based:chr14:34676954-34695105:.	mm9_0based:7	mm9_0based:02_circAtlas,03_CIRCpedia,04_CircBank,07_FL-circAS,39_CircASbase,40_CircAI,41_m6A2Circ	mm9_1based:ok;mm9_0based:ok	
mmu_circs_new_00000384	chr5	137965189	137965336	NA	Gigyf1	mm9_0based	mm9_0based	mm9_0based	mm9_0based:base_row_188157	mm9_0based:chr5:137523962-137524108:.	mm9_0based:5	mm9_0based:01_circBase,02_circAtlas,03_CIRCpedia,04_CircBank,07_FL-circAS	mm9_1based:ok;mm9_0based:ok	
mmu_circs_new_00000401	chr12	13439702	13448752	NA	Nbas	mm9_0based	mm9_0based	mm9_0based	mm9_0based:base_row_397768	mm9_0based:chr12:13432897-13441946:.	mm9_0based:6	mm9_0based:02_circAtlas,03_CIRCpedia,04_CircBank,07_FL-circAS,39_CircASbase,40_CircAI	mm9_1based:ok;mm9_0based:ok	
mmu_circs_new_00000514	chr4	119275013	119282696	NA	Foxj3	mm9_0based	mm9_0based	mm9_0based	mm9_0based:base_row_139861	mm9_0based:chr4:119602409-119610091:.	mm9_0based:5	mm9_0based:02_circAtlas,03_CIRCpedia,04_CircBank,39_CircASbase,40_CircAI	mm9_1based:ok;mm9_0based:ok	
mmu_circs_new_00000634	chr1	130087214	130090333	NA	R3hdm1	mm9_0based	mm9_0based	mm9_0based	mm9_0based:base_row_25501	mm9_0based:chr1:128190638-128193756:.	mm9_0based:7	mm9_0based:02_circAtlas,03_CIRCpedia,04_CircBank,07_FL-circAS,39_CircASbase,40_CircAI,41_m6A2Circ	mm9_1based:ok;mm9_0based:ok	
mmu_circs_new_00000638	chr11	22896038	22896314	NA	NA	mm9_0based	mm9_0based	mm9_0based	mm9_0based:base_row_356124	mm9_0based:chr11:22996039-22996314:.	mm9_0based:2	mm9_0based:39_CircASbase,40_CircAI	mm9_1based:ok;mm9_0based:ok	
mmu_circs_new_00000679	chrX	9491028	9520307	NA	Sytl5	mm9_0based	mm9_0based	mm9_0based	mm9_0based:base_row_573446	mm9_0based:chrX:9913903-9943181:.	mm9_0based:7	mm9_0based:02_circAtlas,03_CIRCpedia,04_CircBank,07_FL-circAS,08_TSCD,39_CircASbase,40_CircAI	mm9_1based:ok;mm9_0based:ok	
mmu_circs_new_00000680	chr10	107667492	107680186	NA	Ppp1r12a	mm9_0based	mm9_0based	mm9_0based	mm9_0based:base_row_345652	mm9_0based:chr10:108230437-108243130:.	mm9_0based:5	mm9_0based:02_circAtlas,03_CIRCpedia,04_CircBank,39_CircASbase,40_CircAI	mm9_1based:ok;mm9_0based:ok	
mmu_circs_new_00000739	chr9	79935236	79940219	NA	Senp6	mm9_0based	mm9_0based	mm9_0based	mm9_0based:base_row_309026	mm9_0based:chr9:80087430-80092412:.	mm9_0based:6	mm9_0based:02_circAtlas,03_CIRCpedia,04_CircBank,07_FL-circAS,39_CircASbase,40_CircAI	mm9_1based:ok;mm9_0based:ok	
mmu_circs_new_00000751	chr8	9676479	9676611	NA	NA	ambiguous	mm10_0based,mm9_0based		mm10_0based:base_row_260807;mm9_0based:base_row_260807	mm10_0based:chr8:9676480-9676611:.;mm9_0based:chr8:9676480-9676611:.	mm10_0based:2;mm9_0based:2	mm10_0based:01_circBase,04_CircBank;mm9_0based:01_circBase,04_CircBank	mm9_1based:ok;mm9_0based:ok	
mmu_circs_new_00000766	chr2	91405777	91410429	NA	Ckap5	mm9_0based	mm9_0based	mm9_0based	mm9_0based:base_row_67160	mm9_0based:chr2:91565621-91570272:.	mm9_0based:6	mm9_0based:02_circAtlas,03_CIRCpedia,04_CircBank,07_FL-circAS,39_CircASbase,40_CircAI	mm9_1based:ok;mm9_0based:ok	
mmu_circs_new_00000851	chr2	58479491	58487312	NA	NA	mm9_0based	mm9_0based	mm9_0based	mm9_0based:base_row_57805	mm9_0based:chr2:58627081-58634901:.	mm9_0based:7	mm9_0based:02_circAtlas,04_CircBank,07_FL-circAS,08_TSCD,39_CircASbase,40_CircAI,41_m6A2Circ	mm9_1based:ok;mm9_0based:ok	
mmu_circs_new_00000863	chr4	132228810	132236808	NA	Eya3	mm9_0based	mm9_0based	mm9_0based	mm9_0based:base_row_144796	mm9_0based:chr4:132672896-132680893:.	mm9_0based:7	mm9_0based:02_circAtlas,03_CIRCpedia,04_CircBank,07_FL-circAS,08_TSCD,39_CircASbase,40_CircAI	mm9_1based:ok;mm9_0based:ok	
mmu_circs_new_00000985	chr1	165813513	165830571	NA	Kifap3	mm9_0based	mm9_0based	mm9_0based	mm9_0based:base_row_34096	mm9_0based:chr1:163883383-163900440:.	mm9_0based:3	mm9_0based:02_circAtlas,04_CircBank,07_FL-circAS	mm9_1based:ok;mm9_0based:ok	
mmu_circs_new_00001024	chr6	58818635	58844618	NA	Herc3	mm9_0based	mm9_0based	mm9_0based	mm9_0based:base_row_203819	mm9_0based:chr6:58868642-58894624:.	mm9_0based:7	mm9_0based:02_circAtlas,03_CIRCpedia,04_CircBank,07_FL-circAS,08_TSCD,39_CircASbase,40_CircAI	mm9_1based:ok;mm9_0based:ok	
mmu_circs_new_00001026	chr13	94632041	94632285	NA	Arsb	mm9_0based	mm9_0based	mm9_0based	mm9_0based:base_row_436966	mm9_0based:chr13:93862087-93862330:.	mm9_0based:6	mm9_0based:02_circAtlas,03_CIRCpedia,04_CircBank,07_FL-circAS,39_CircASbase,40_CircAI	mm9_1based:ok;mm9_0based:ok	
mmu_circs_new_00001049	chr9	96174257	96191046	NA	Tfdp2	mm9_0based	mm9_0based	mm9_0based	mm9_0based:base_row_312474	mm9_0based:chr9:96273839-96290627:.	mm9_0based:6	mm9_0based:02_circAtlas,03_CIRCpedia,04_CircBank,07_FL-circAS,39_CircASbase,40_CircAI	mm9_1based:ok;mm9_0based:ok	
mmu_circs_new_00001093	chr5	148331080	148338806	NA	Pan3	mm9_0based	mm9_0based	mm9_0based	mm9_0based:base_row_191896	mm9_0based:chr5:147519505-147527230:.	mm9_0based:6	mm9_0based:02_circAtlas,03_CIRCpedia,04_CircBank,07_FL-circAS,39_CircASbase,40_CircAI	mm9_1based:ok;mm9_0based:ok	
mmu_circs_new_00001104	chr9	32054031	32058372	NA	Arhgap32	mm9_0based	mm9_0based	mm9_0based	mm9_0based:base_row_293527	mm9_0based:chr9:32246447-32250787:.	mm9_0based:7	mm9_0based:02_circAtlas,03_CIRCpedia,04_CircBank,07_FL-circAS,39_CircASbase,40_CircAI,41_m6A2Circ	mm9_1based:ok;mm9_0based:ok	
mmu_circs_new_00001173	chrX	17838648	17841836	NA	Kdm6a	mm9_0based	mm9_0based	mm9_0based	mm9_0based:base_row_574604	mm9_0based:chrX:18261523-18264710:.	mm9_0based:7	mm9_0based:02_circAtlas,03_CIRCpedia,04_CircBank,07_FL-circAS,39_CircASbase,40_CircAI,41_m6A2Circ	mm9_1based:ok;mm9_0based:ok	
mmu_circs_new_00001179	chr6	5093227	5093489	NA	NA	mm9_0based	mm9_0based	mm9_0based	mm9_0based:base_row_193686	mm9_0based:chr6:5143228-5143489:.	mm9_0based:3	mm9_0based:02_circAtlas,04_CircBank,36_CircAge	mm9_1based:ok;mm9_0based:ok	
mmu_circs_new_00001357	chr2	156350616	156351024	NA	Epb41l1	mm9_0based	mm9_0based	mm9_0based	mm9_0based:base_row_85119	mm9_0based:chr2:156524881-156525288:.	mm9_0based:8	mm9_0based:02_circAtlas,03_CIRCpedia,04_CircBank,07_FL-circAS,08_TSCD,39_CircASbase,40_CircAI,41_m6A2Circ	mm9_1based:ok;mm9_0based:ok	
circAtp9b	chr18	80734143	80934058	NA	Atp9b	unmatched					NA	NA	mm9_1based:ok;mm9_0based:ok	
circRar1	chr1	75418457	75418970	NA	Rar1	mm10_0based	mm10_0based	mm10_0based	mm10_0based:base_row_16333	mm10_0based:chr1:75418458-75418970:.	mm10_0based:3	mm10_0based:03_CIRCpedia,07_FL-circAS,30_CircR2Disease	mm9_1based:ok;mm9_0based:ok	
circRNA.10042	chr3	84527686	84548035	NA	NA	mm10_1based	mm10_1based	mm10_1based	mm10_1based:base_row_102506	mm10_1based:chr3:84527686-84548035:.	mm10_1based:7	mm10_1based:01_circBase,02_circAtlas,03_CIRCpedia,04_CircBank,07_FL-circAS,39_CircASbase,40_CircAI	mm9_1based:ok;mm9_0based:ok	
circRNA.10853	chr19	5113781	5114171	NA	NA	ambiguous	mm10_1based,mm9_1based		mm10_1based:base_row_555688;mm9_1based:base_row_555688	mm10_1based:chr19:5113781-5114171:.;mm9_1based:chr19:5113781-5114171:.	mm10_1based:8;mm9_1based:8	mm10_1based:01_circBase,02_circAtlas,03_CIRCpedia,04_CircBank,07_FL-circAS,39_CircASbase,40_CircAI,41_m6A2Circ;mm9_1based:01_circBase,02_circAtlas,03_CIRCpedia,04_CircBank,07_FL-circAS,39_CircASbase,40_CircAI,41_m6A2Circ	mm9_1based:ok;mm9_0based:ok	
circRNA.11173	chr14	65547134	65551475	NA	NA	mm10_1based	mm10_1based	mm10_1based	mm10_1based:base_row_457706	mm10_1based:chr14:65547134-65551475:.	mm10_1based:6	mm10_1based:01_circBase,02_circAtlas,03_CIRCpedia,04_CircBank,39_CircASbase,40_CircAI	mm9_1based:ok;mm9_0based:ok	
circRNA.12095	chr18	80836355	80917878	NA	NA	mm10_1based	mm10_1based	mm10_1based	mm10_1based:base_row_553007	mm10_1based:chr18:80836355-80917878:.	mm10_1based:7	mm10_1based:01_circBase,02_circAtlas,03_CIRCpedia,04_CircBank,07_FL-circAS,39_CircASbase,40_CircAI	mm9_1based:ok;mm9_0based:ok	
circRNA.12822	chr7	130228623	130262066	NA	NA	mm10_1based	mm10_1based	mm10_1based	mm10_1based:base_row_255704	mm10_1based:chr7:130228623-130262066:.	mm10_1based:5	mm10_1based:02_circAtlas,03_CIRCpedia,04_CircBank,39_CircASbase,40_CircAI	mm9_1based:ok;mm9_0based:ok	
circRNA.14095	chr1	38053034	38085652	NA	NA	mm10_1based	mm10_1based	mm10_1based	mm10_1based:base_row_6840	mm10_1based:chr1:38053034-38085652:.	mm10_1based:5	mm10_1based:01_circBase,02_circAtlas,04_CircBank,39_CircASbase,40_CircAI	mm9_1based:ok;mm9_0based:ok	
circRNA.15675	chr15	33212816	33213263	NA	NA	mm10_1based	mm10_1based	mm10_1based	mm10_1based:base_row_470849	mm10_1based:chr15:33212816-33213263:.	mm10_1based:5	mm10_1based:02_circAtlas,03_CIRCpedia,04_CircBank,39_CircASbase,40_CircAI	mm9_1based:ok;mm9_0based:ok	
circRNA.18077	chrX	38424267	38442140	NA	NA	mm10_1based	mm10_1based	mm10_1based	mm10_1based:base_row_575535	mm10_1based:chrX:38424267-38442140:.	mm10_1based:7	mm10_1based:01_circBase,02_circAtlas,03_CIRCpedia,04_CircBank,07_FL-circAS,39_CircASbase,40_CircAI	mm9_1based:ok;mm9_0based:ok	
circRNA.19142	chr2	5973469	6010428	NA	NA	mm10_1based	mm10_1based	mm10_1based	mm10_1based:base_row_43189	mm10_1based:chr2:5973469-6010428:.	mm10_1based:9	mm10_1based:01_circBase,02_circAtlas,03_CIRCpedia,04_CircBank,07_FL-circAS,08_TSCD,39_CircASbase,40_CircAI,41_m6A2Circ	mm9_1based:ok;mm9_0based:ok	
circRNA.19236	chr17	71798957	71810982	NA	NA	mm10_1based	mm10_1based	mm10_1based	mm10_1based:base_row_531338	mm10_1based:chr17:71798957-71810982:.	mm10_1based:8	mm10_1based:01_circBase,02_circAtlas,03_CIRCpedia,04_CircBank,07_FL-circAS,39_CircASbase,40_CircAI,41_m6A2Circ	mm9_1based:ok;mm9_0based:ok	
circRNA.22807	chr6	17819250	17855028	NA	NA	mm10_1based	mm10_1based	mm10_1based	mm10_1based:base_row_194859	mm10_1based:chr6:17819250-17855028:.	mm10_1based:6	mm10_1based:01_circBase,02_circAtlas,03_CIRCpedia,04_CircBank,39_CircASbase,40_CircAI	mm9_1based:ok;mm9_0based:ok	
circRNA.22924	chr15	99401580	99406677	NA	NA	mm10_1based	mm10_1based	mm10_1based	mm10_1based:base_row_487346	mm10_1based:chr15:99401580-99406677:.	mm10_1based:5	mm10_1based:02_circAtlas,03_CIRCpedia,04_CircBank,39_CircASbase,40_CircAI	mm9_1based:ok;mm9_0based:ok	
circRNA.23346	chr7	100255534	100268306	NA	NA	mm10_1based	mm10_1based	mm10_1based	mm10_1based:base_row_246073	mm10_1based:chr7:100255534-100268306:.	mm10_1based:2	mm10_1based:02_circAtlas,04_CircBank	mm9_1based:ok;mm9_0based:ok	
circRNA.23833	chr10	25220611	25289730	NA	NA	mm10_1based	mm10_1based	mm10_1based	mm10_1based:base_row_327404	mm10_1based:chr10:25220611-25289730:.	mm10_1based:8	mm10_1based:01_circBase,02_circAtlas,03_CIRCpedia,04_CircBank,07_FL-circAS,39_CircASbase,40_CircAI,41_m6A2Circ	mm9_1based:ok;mm9_0based:ok	
circRNA.24033	chr3	5329435	5390452	NA	NA	ambiguous	mm10_1based,mm9_1based		mm10_1based:base_row_91775;mm9_1based:base_row_91775	mm10_1based:chr3:5329435-5390452:.;mm9_1based:chr3:5329435-5390452:.	mm10_1based:5;mm9_1based:5	mm10_1based:02_circAtlas,03_CIRCpedia,04_CircBank,39_CircASbase,40_CircAI;mm9_1based:02_circAtlas,03_CIRCpedia,04_CircBank,39_CircASbase,40_CircAI	mm9_1based:ok;mm9_0based:ok	
circRNA.2443	chr11	105221186	105241661	NA	NA	mm10_1based	mm10_1based	mm10_1based	mm10_1based:base_row_387240	mm10_1based:chr11:105221186-105241661:.	mm10_1based:8	mm10_1based:02_circAtlas,03_CIRCpedia,04_CircBank,07_FL-circAS,08_TSCD,30_CircR2Disease,39_CircASbase,40_CircAI	mm9_1based:ok;mm9_0based:ok	
circRNA.2483	chr11	106096997	106123912	NA	NA	unmatched					NA	NA	mm9_1based:ok;mm9_0based:ok	
circRNA.30365	chr5	34439311	34440590	NA	NA	mm10_1based	mm10_1based	mm10_1based	mm10_1based:base_row_162633	mm10_1based:chr5:34439311-34440590:.	mm10_1based:7	mm10_1based:02_circAtlas,03_CIRCpedia,04_CircBank,07_FL-circAS,30_CircR2Disease,39_CircASbase,40_CircAI	mm9_1based:ok;mm9_0based:ok	
circRNA.33186	chr6	8373906	8427185	NA	NA	mm10_1based	mm10_1based	mm10_1based	mm10_1based:base_row_194145	mm10_1based:chr6:8373906-8427185:.	mm10_1based:7	mm10_1based:02_circAtlas,03_CIRCpedia,04_CircBank,07_FL-circAS,30_CircR2Disease,39_CircASbase,40_CircAI	mm9_1based:ok;mm9_0based:ok	
circRNA.33736	chr6	99632257	99640710	NA	NA	mm10_1based	mm10_1based	mm10_1based	mm10_1based:base_row_211583	mm10_1based:chr6:99632257-99640710:.	mm10_1based:10	mm10_1based:01_circBase,02_circAtlas,03_CIRCpedia,04_CircBank,07_FL-circAS,08_TSCD,30_CircR2Disease,39_CircASbase,40_CircAI,41_m6A2Circ	mm9_1based:ok;mm9_0based:ok	
circRNA.36866	chr8	22175001	22175959	NA	NA	mm10_1based	mm10_1based	mm10_1based	mm10_1based:base_row_263398	mm10_1based:chr8:22175001-22175959:.	mm10_1based:6	mm10_1based:02_circAtlas,03_CIRCpedia,04_CircBank,30_CircR2Disease,39_CircASbase,40_CircAI	mm9_1based:ok;mm9_0based:ok	
circRNA.5846	chr6	33815674	33862239	NA	NA	mm10_1based	mm10_1based	mm10_1based	mm10_1based:base_row_198140	mm10_1based:chr6:33815674-33862239:.	mm10_1based:6	mm10_1based:02_circAtlas,03_CIRCpedia,04_CircBank,07_FL-circAS,39_CircASbase,40_CircAI	mm9_1based:ok;mm9_0based:ok	
circRNA.6528	chr15	77132717	77231437	NA	NA	mm10_1based	mm10_1based	mm10_1based	mm10_1based:base_row_479537	mm10_1based:chr15:77132717-77231437:.	mm10_1based:8	mm10_1based:01_circBase,02_circAtlas,03_CIRCpedia,04_CircBank,07_FL-circAS,39_CircASbase,40_CircAI,41_m6A2Circ	mm9_1based:ok;mm9_0based:ok	
circRNA.7063	chr13	116893000	116902856	NA	NA	mm10_1based	mm10_1based	mm10_1based	mm10_1based:base_row_442462	mm10_1based:chr13:116893000-116902856:.	mm10_1based:7	mm10_1based:02_circAtlas,03_CIRCpedia,04_CircBank,07_FL-circAS,30_CircR2Disease,39_CircASbase,40_CircAI	mm9_1based:ok;mm9_0based:ok	
circRNA.8947	chrX	151376748	151399803	NA	NA	mm10_1based	mm10_1based	mm10_1based	mm10_1based:base_row_585953	mm10_1based:chrX:151376748-151399803:.	mm10_1based:8	mm10_1based:01_circBase,02_circAtlas,03_CIRCpedia,04_CircBank,07_FL-circAS,08_TSCD,39_CircASbase,40_CircAI	mm9_1based:ok;mm9_0based:ok	
circRNA.9581	chrY	1017364	1023474	NA	NA	mm10_1based	mm10_1based	mm10_1based	mm10_1based:base_row_589124	mm10_1based:chrY:1017364-1023474:.	mm10_1based:7	mm10_1based:02_circAtlas,03_CIRCpedia,04_CircBank,07_FL-circAS,36_CircAge,39_CircASbase,40_CircAI	mm9_1based:ok;mm9_0based:ok	
circTrerf1	chr17	47315500	47316549	NA	Trerf1	mm10_0based	mm10_0based	mm10_0based	mm10_0based:base_row_525791	mm10_0based:chr17:47315501-47316549:.	mm10_0based:1	mm10_0based:03_CIRCpedia	mm9_1based:ok;mm9_0based:ok	
mmuCirc_000008	chr1	5089009	5101123	NA	Atp6v1h	mm10_1based	mm10_1based	mm10_1based	mm10_1based:base_row_309	mm10_1based:chr1:5089009-5101123:.	mm10_1based:9	mm10_1based:01_circBase,02_circAtlas,03_CIRCpedia,04_CircBank,07_FL-circAS,08_TSCD,39_CircASbase,40_CircAI,41_m6A2Circ	mm9_1based:ok;mm9_0based:ok	
mmuCirc_000129	chr1	44754343	44788542	NA	Gulp1	mm10_1based	mm10_1based	mm10_1based	mm10_1based:base_row_8193	mm10_1based:chr1:44754343-44788542:.	mm10_1based:8	mm10_1based:01_circBase,02_circAtlas,03_CIRCpedia,04_CircBank,07_FL-circAS,39_CircASbase,40_CircAI,41_m6A2Circ	mm9_1based:ok;mm9_0based:ok	
mmuCirc_000312	chr1	89663661	89671271	NA	Agap1	mm10_1based	mm10_1based	mm10_1based	mm10_1based:base_row_19836	mm10_1based:chr1:89663661-89671271:.	mm10_1based:9	mm10_1based:01_circBase,02_circAtlas,03_CIRCpedia,04_CircBank,07_FL-circAS,08_TSCD,39_CircASbase,40_CircAI,41_m6A2Circ	mm9_1based:ok;mm9_0based:ok	
mmuCirc_000517	chr1	153239255	153240495	NA	Lamc1	mm10_1based	mm10_1based	mm10_1based	mm10_1based:base_row_30853	mm10_1based:chr1:153239255-153240495:.	mm10_1based:7	mm10_1based:01_circBase,02_circAtlas,03_CIRCpedia,04_CircBank,07_FL-circAS,39_CircASbase,40_CircAI	mm9_1based:ok;mm9_0based:ok	
mmuCirc_000791	chr10	14004198	14066684	NA	Hivep2	mm10_1based	mm10_1based	mm10_1based	mm10_1based:base_row_325604	mm10_1based:chr10:14004198-14066684:.	mm10_1based:6	mm10_1based:01_circBase,02_circAtlas,04_CircBank,07_FL-circAS,08_TSCD,41_m6A2Circ	mm9_1based:ok;mm9_0based:ok	
mmuCirc_000910	chr10	45588380	45618629	NA	Hace1	mm10_1based	mm10_1based	mm10_1based	mm10_1based:base_row_330810	mm10_1based:chr10:45588380-45618629:.	mm10_1based:7	mm10_1based:01_circBase,02_circAtlas,03_CIRCpedia,04_CircBank,07_FL-circAS,39_CircASbase,40_CircAI	mm9_1based:ok;mm9_0based:ok	
mmuCirc_000931	chr10	56123511	56151853	NA	Tbc1d32	mm10_1based	mm10_1based	mm10_1based	mm10_1based:base_row_332019	mm10_1based:chr10:56123511-56151853:.	mm10_1based:7	mm10_1based:01_circBase,02_circAtlas,03_CIRCpedia,04_CircBank,07_FL-circAS,39_CircASbase,40_CircAI	mm9_1based:ok;mm9_0based:ok	
mmuCirc_000995	chr10	70142579	70154836	NA	Ccdc6	mm10_1based	mm10_1based	mm10_1based	mm10_1based:base_row_335677	mm10_1based:chr10:70142579-70154836:.	mm10_1based:8	mm10_1based:01_circBase,02_circAtlas,03_CIRCpedia,04_CircBank,18_riboCIRC,39_CircASbase,40_CircAI,41_m6A2Circ	mm9_1based:ok;mm9_0based:ok	
mmuCirc_001926	chr12	28859252	28867153	NA	Tssc1	mm10_1based	mm10_1based	mm10_1based	mm10_1based:base_row_399470	mm10_1based:chr12:28859252-28867153:.	mm10_1based:7	mm10_1based:01_circBase,02_circAtlas,04_CircBank,07_FL-circAS,08_TSCD,39_CircASbase,40_CircAI	mm9_1based:ok;mm9_0based:ok	
mmuCirc_002276	chr12	111219811	111243538	NA	Traf3	mm10_1based	mm10_1based	mm10_1based	mm10_1based:base_row_418522	mm10_1based:chr12:111219811-111243538:.	mm10_1based:8	mm10_1based:01_circBase,02_circAtlas,03_CIRCpedia,04_CircBank,07_FL-circAS,39_CircASbase,40_CircAI,41_m6A2Circ	mm9_1based:ok;mm9_0based:ok	
mmuCirc_002281	chr12	111592577	111604564	NA	Mark3	mm10_1based	mm10_1based	mm10_1based	mm10_1based:base_row_418768	mm10_1based:chr12:111592577-111604564:.	mm10_1based:8	mm10_1based:01_circBase,02_circAtlas,03_CIRCpedia,04_CircBank,07_FL-circAS,39_CircASbase,40_CircAI,41_m6A2Circ	mm9_1based:ok;mm9_0based:ok	
mmuCirc_002518	chr13	55034889	55069807	NA	Uimc1	mm10_1based	mm10_1based	mm10_1based	mm10_1based:base_row_430078	mm10_1based:chr13:55034889-55069807:.	mm10_1based:10	mm10_1based:01_circBase,02_circAtlas,03_CIRCpedia,04_CircBank,07_FL-circAS,08_TSCD,18_riboCIRC,39_CircASbase,40_CircAI,41_m6A2Circ	mm9_1based:ok;mm9_0based:ok	
mmuCirc_002871	chr14	31030844	31036059	NA	Pbrm1	mm10_1based	mm10_1based	mm10_1based	mm10_1based:base_row_449145	mm10_1based:chr14:31030844-31036059:.	mm10_1based:8	mm10_1based:01_circBase,02_circAtlas,03_CIRCpedia,04_CircBank,07_FL-circAS,39_CircASbase,40_CircAI,41_m6A2Circ	mm9_1based:ok;mm9_0based:ok	
mmuCirc_003170	chr14	97827742	97831441	NA	Dach1	mm10_1based	mm10_1based	mm10_1based	mm10_1based:base_row_462196	mm10_1based:chr14:97827742-97831441:.	mm10_1based:8	mm10_1based:01_circBase,02_circAtlas,03_CIRCpedia,04_CircBank,07_FL-circAS,39_CircASbase,40_CircAI,41_m6A2Circ	mm9_1based:ok;mm9_0based:ok	
mmuCirc_003216	chr14	121905123	121908320	NA	Ubac2	mm10_1based	mm10_1based	mm10_1based	mm10_1based:base_row_465388	mm10_1based:chr14:121905123-121908320:.	mm10_1based:7	mm10_1based:01_circBase,02_circAtlas,03_CIRCpedia,04_CircBank,07_FL-circAS,39_CircASbase,40_CircAI	mm9_1based:ok;mm9_0based:ok	
mmuCirc_003894	chr16	94383912	94393174	NA	Ttc3	mm10_1based	mm10_1based	mm10_1based	mm10_1based:base_row_509604	mm10_1based:chr16:94383912-94393174:.	mm10_1based:9	mm10_1based:01_circBase,02_circAtlas,03_CIRCpedia,04_CircBank,07_FL-circAS,21_CircTarget,39_CircASbase,40_CircAI,41_m6A2Circ	mm9_1based:ok;mm9_0based:ok	
mmuCirc_003940	chr17	10238893	10282981	NA	Qk	mm10_1based	mm10_1based	mm10_1based	mm10_1based:base_row_512670	mm10_1based:chr17:10238893-10282981:.	mm10_1based:8	mm10_1based:01_circBase,02_circAtlas,03_CIRCpedia,04_CircBank,07_FL-circAS,39_CircASbase,40_CircAI,41_m6A2Circ	mm9_1based:ok;mm9_0based:ok	
mmuCirc_003966	chr17	17570874	17575387	NA	Lnpep	mm10_1based	mm10_1based	mm10_1based	mm10_1based:base_row_514325	mm10_1based:chr17:17570874-17575387:.	mm10_1based:6	mm10_1based:02_circAtlas,03_CIRCpedia,04_CircBank,07_FL-circAS,39_CircASbase,40_CircAI	mm9_1based:ok;mm9_0based:ok	
mmuCirc_004067	chr17	34740962	34820163	NA	NA	unmatched					NA	NA	mm9_1based:ok;mm9_0based:ok	
mmuCirc_004702	chr18	80891815	80917878	NA	Atp9b	mm10_1based	mm10_1based	mm10_1based	mm10_1based:base_row_553078	mm10_1based:chr18:80891815-80917878:.	mm10_1based:8	mm10_1based:01_circBase,02_circAtlas,03_CIRCpedia,04_CircBank,07_FL-circAS,39_CircASbase,40_CircAI,41_m6A2Circ	mm9_1based:ok;mm9_0based:ok	
mmuCirc_006016	chr3	32894764	32919070	NA	Usp13	mm10_1based	mm10_1based	mm10_1based	mm10_1based:base_row_94819	mm10_1based:chr3:32894764-32919070:.	mm10_1based:6	mm10_1based:02_circAtlas,03_CIRCpedia,04_CircBank,07_FL-circAS,39_CircASbase,40_CircAI	mm9_1based:ok;mm9_0based:ok	
mmuCirc_007109	chr5	32819866	32822138	NA	Prr14l	mm10_1based	mm10_1based	mm10_1based	mm10_1based:base_row_161613	mm10_1based:chr5:32819866-32822138:.	mm10_1based:8	mm10_1based:01_circBase,02_circAtlas,03_CIRCpedia,04_CircBank,07_FL-circAS,39_CircASbase,40_CircAI,41_m6A2Circ	mm9_1based:ok;mm9_0based:ok	
mmuCirc_007816	chr6	47576536	47577667	NA	Ezh2	mm10_1based	mm10_1based	mm10_1based	mm10_1based:base_row_201633	mm10_1based:chr6:47576536-47577667:.	mm10_1based:8	mm10_1based:01_circBase,02_circAtlas,03_CIRCpedia,04_CircBank,07_FL-circAS,39_CircASbase,40_CircAI,41_m6A2Circ	mm9_1based:ok;mm9_0based:ok	
mmuCirc_007967	chr6	99003200	99016665	NA	Foxp1	mm10_1based	mm10_1based	mm10_1based	mm10_1based:base_row_211238	mm10_1based:chr6:99003200-99016665:.	mm10_1based:8	mm10_1based:01_circBase,02_circAtlas,03_CIRCpedia,04_CircBank,07_FL-circAS,39_CircASbase,40_CircAI,41_m6A2Circ	mm9_1based:ok;mm9_0based:ok	
mmuCirc_009183	chr9	21757117	21757390	NA	Spc24	mm10_1based	mm10_1based	mm10_1based	mm10_1based:base_row_291293	mm10_1based:chr9:21757117-21757390:.	mm10_1based:8	mm10_1based:01_circBase,02_circAtlas,04_CircBank,07_FL-circAS,08_TSCD,39_CircASbase,40_CircAI,41_m6A2Circ	mm9_1based:ok;mm9_0based:ok	
mmuCirc_009218	chr9	32181842	32208265	NA	Arhgap32	mm10_1based	mm10_1based	mm10_1based	mm10_1based:base_row_293495	mm10_1based:chr9:32181842-32208265:.	mm10_1based:9	mm10_1based:01_circBase,02_circAtlas,03_CIRCpedia,04_CircBank,07_FL-circAS,21_CircTarget,39_CircASbase,40_CircAI,41_m6A2Circ	mm9_1based:ok;mm9_0based:ok	
mmuCirc_009851	chrX	85149130	85190702	NA	Dmd	mm10_1based	mm10_1based	mm10_1based	mm10_1based:base_row_580142	mm10_1based:chrX:85149130-85190702:.	mm10_1based:7	mm10_1based:01_circBase,02_circAtlas,03_CIRCpedia,04_CircBank,07_FL-circAS,39_CircASbase,40_CircAI	mm9_1based:ok;mm9_0based:ok	
